user_id,history
1,Aladdin - Toy Story - Tarzan
2,"Backdraft - Getaway, The - Conspiracy Theory"
3,"Fish Called Wanda, A - Stand by Me - Groundhog Day"
4,"Thelma & Louise - Terminator, The"
5,"Total Eclipse - Smoke - Wings of the Dove, The"
6,"Apple Dumpling Gang, The - Patriot, The - Gladiator"
7,Patriot Games - True Lies - Supercop
8,"Mo' Better Blues - Devil's Own, The - Any Given Sunday"
9,"Few Good Men, A - Emma - Clear and Present Danger"
10,"Vacation - Close Shave, A - Stand by Me"
11,Tommy Boy - Home Alone - Billy Madison
12,"Graduate, The - Chinatown"
13,Crocodile Dundee - Stargate - Logan's Run
14,Fargo - Pulp Fiction
15,"JFK - Perfect Murder, A - Mission: Impossible"
16,"Mod Squad, The - Never Been Kissed - Prince of Egypt, The"
17,"Fly, The - Men in Black - Moonraker"
18,Eat Drink Man Woman - Dangerous Liaisons - Blue Velvet
19,"Great Escape, The - Gremlins 2: The New Batch - Jurassic Park"
20,"Patriot, The - Terminator, The"
21,Titan A.E. - Pinocchio
22,"GoldenEye - Die Hard: With a Vengeance - Mummy, The"
23,Speed - No Way Out - Deliverance
24,Raiders of the Lost Ark - Starman - Willy Wonka and the Chocolate Factory
25,In the Army Now - Operation Dumbo Drop - Life Is Beautiful (La Vita è bella)
26,"Last Picture Show, The - Rocky - Kramer Vs. Kramer"
27,Inherit the Wind - North by Northwest - Amadeus
28,Nikita (La Femme Nikita) - Seven (Se7en) - X-Men
29,Indiana Jones and the Temple of Doom - First Blood - Patriot Games
30,"Apollo 13 - Matrix, The - Red Violin, The (Le Violon rouge)"
31,"Lady Eve, The - Man with Two Brains, The - Mr. Mom"
32,"Wings of the Dove, The - Terminator 2: Judgment Day - Green Mile, The"
33,Cronos - Sleepers - Bonnie and Clyde
34,Defending Your Life - While You Were Sleeping - Benny & Joon
35,"Last of the Mohicans, The - Walking and Talking - Living Out Loud"
36,Conspiracy Theory - Air Force One - Lucas
37,Fools Rush In - While You Were Sleeping - Top Gun
38,"Babe - Bug's Life, A - Aladdin"
39,"Sleepy Hollow - Sixth Sense, The - Talented Mr. Ripley, The"
40,South Pacific - Starship Troopers - Tora! Tora! Tora!
41,"Deep End of the Ocean, The - Gladiator"
42,Butch Cassidy and the Sundance Kid - Groundhog Day - Animal House
43,"Story of Us, The - Thomas Crown Affair, The"
44,"Three Musketeers, The - Ghost in the Shell (Kokaku kidotai) - Contact"
45,My Fellow Americans - Home Fries - Big Daddy
46,Rollercoaster - Baraka - American Strays
47,GoodFellas - Immortal Beloved
48,With Honors - Little Shop of Horrors - Gremlins 2: The New Batch
49,Superman II - Executive Decision - Romeo Must Die
50,"Gladiator - Brothers McMullen, The - Perfect Storm, The"
51,"Austin Powers: International Man of Mystery - American President, The - Rushmore"
52,End of Days - Lethal Weapon 4 - Snake Eyes
53,Private Parts - Grand Canyon - Eve's Bayou
54,"Full Monty, The - Animal House - Airplane!"
55,"GoodFellas - Fugitive, The"
56,"There's Something About Mary - Full Monty, The - Aladdin"
57,"Toxic Avenger, Part II, The - Raiders of the Lost Ark - Raging Bull"
58,Beneath the Planet of the Apes - Runaway - Hollow Man
59,"High Noon - Remains of the Day, The - Manchurian Candidate, The"
60,"Midnight in the Garden of Good and Evil - Perfect Murder, A - Jacob's Ladder"
61,"Big Momma's House - Me, Myself and Irene - Eye of the Beholder"
62,"Apartment, The - In the Heat of the Night - West Side Story"
63,From Dusk Till Dawn - Mystery Science Theater 3000: The Movie - Heat
64,Scream 2 - Fallen - U-571
65,"Everest - Caddyshack - Bridge on the River Kwai, The"
66,Platoon - Patton - Big Daddy
67,Close Encounters of the Third Kind - Doctor Zhivago - Rocky
68,"Bug's Life, A - Producers, The - Rocky Horror Picture Show, The"
69,"Welcome to the Dollhouse - Down in the Delta - Cider House Rules, The"
70,"South Park: Bigger, Longer and Uncut - Sleepy Hollow - Sixth Sense, The"
71,"Clerks - Doors, The - Erin Brockovich"
72,"Silence of the Lambs, The - Fargo - Passion Fish"
73,Braddock: Missing in Action III - Missing in Action 2: The Beginning - Pee-wee's Big Adventure
74,"Bread and Chocolate (Pane e cioccolata) - Badlands - Silence of the Lambs, The"
75,"Mars Attacks! - Nutty Professor, The - Lost in Space"
76,Get Carter - Reindeer Games - Battlefield Earth
77,"Patriot, The - Rushmore - Sixth Sense, The"
78,Welcome to the Dollhouse - Sleepless in Seattle - Unstrung Heroes
79,"Talented Mr. Ripley, The - Rapture, The - Lulu on the Bridge"
80,Hercules - Star Wars: Episode I - The Phantom Menace - Any Given Sunday
81,"2001: A Space Odyssey - Key Largo - Big Sleep, The"
82,Dead Again - Dolores Claiborne - Ransom
83,"Tron - Boy Who Could Fly, The - Hook"
84,"Batman - Mark of Zorro, The - Schindler's List"
85,"Arachnophobia - Austin Powers: The Spy Who Shagged Me - Blair Witch Project, The"
86,"Fly, The - Star Wars: Episode IV - A New Hope - Dirty Dancing"
87,"Last of the Mohicans, The - Longest Day, The - On Her Majesty's Secret Service"
88,Cinema Paradiso - Gandhi - Stand by Me
89,"Killer, The (Die xue shuang xiong) - Naked Gun 2 1/2: The Smell of Fear, The"
90,Mafia! - Don't Be a Menace to South Central While Drinking Your Juice in the Hood - Wrongfully Accused
91,"Commitments, The - Much Ado About Nothing - Young Frankenstein"
92,"Teenage Mutant Ninja Turtles - Borrowers, The - Santa Clause, The"
93,"Bodyguard, The - Beverly Hills Cop III - Iron Eagle"
94,Re-Animator - Nosferatu a Venezia
95,Dead Man Walking - Life Is Beautiful (La Vita è bella) - Sling Blade
96,"Game, The - What's Eating Gilbert Grape - Tombstone"
97,"Touch of Evil - Streetcar Named Desire, A - Roman Holiday"
98,"Schindler's List - Silence of the Lambs, The"
99,"Lady and the Tramp - Ghostbusters - Sting, The"
100,"Batman & Robin - Anaconda - Silence of the Lambs, The"
101,Under Siege - Stop! Or My Mom Will Shoot - Super Mario Bros.
102,"Ghost and Mrs. Muir, The - Arsenic and Old Lace - Suspicion"
103,Timecop - Spawn - Street Fighter
104,"Boiler Room - Bone Collector, The - But I'm a Cheerleader"
105,Excalibur - Predator - Patriot Games
106,Groundhog Day - Star Wars: Episode VI - Return of the Jedi - Dave
107,"To Catch a Thief - Searchers, The - East of Eden"
108,Best in Show - Barenaked in America - Meet the Parents
109,E.T. the Extra-Terrestrial - Small Soldiers - 2001: A Space Odyssey
110,"Hellraiser - Airplane II: The Sequel - Skulls, The"
111,"Muriel's Wedding - World Is Not Enough, The - Austin Powers: International Man of Mystery"
112,Blood Simple - Shadow of a Doubt - L.A. Confidential
113,Beyond the Mat - Big Momma's House - Mission: Impossible 2
114,"Star Wars: Episode IV - A New Hope - Invasion of the Body Snatchers - Clockwork Orange, A"
115,"Hellbound: Hellraiser II - Lost World: Jurassic Park, The - Friday the 13th Part 3: 3D"
116,Predator - Dogma - Die Hard 2
117,Phantasm - Beneath the Planet of the Apes - Voyage to the Bottom of the Sea
118,Mister Roberts - Caddyshack - Sixteen Candles
119,Angels in the Outfield - 101 Dalmatians - Small Soldiers
120,"Risky Business - Die Hard - Fugitive, The"
121,Starship Troopers - Tron - Spaceballs
122,"Jaws - Rocketeer, The - Rambo: First Blood Part II"
123,"Few Good Men, A - Dave - Rope"
124,"Crying Game, The - Grifters, The"
125,"Lethal Weapon - Fistful of Dollars, A - In the Line of Fire"
126,"Room with a View, A - Say Anything... - William Shakespeare's Romeo and Juliet"
127,Jaws - Ben-Hur - Raiders of the Lost Ark
128,Chicken Run - Fantasia 2000
129,Star Trek: The Wrath of Khan - Fantastic Voyage - Willy Wonka and the Chocolate Factory
130,On Her Majesty's Secret Service - Bloodsport - Superman
131,"Clockers - Piano, The - Trial, The (Le Procès)"
132,"Mystery Science Theater 3000: The Movie - Muppets Take Manhattan, The - Pecker"
133,"Stir of Echoes - Thomas Crown Affair, The - Pretty Woman"
134,Money Train - Bird on a Wire - Cutthroat Island
135,"Thirteenth Floor, The - Thomas Crown Affair, The - Toy Story 2"
136,"Hudsucker Proxy, The - Willy Wonka and the Chocolate Factory - East is East"
137,"Message in a Bottle - Twister - Man in the Iron Mask, The"
138,"Sneakers - Professional, The (a.k.a. Leon: The Professional) - Lethal Weapon"
139,"Exorcist, The - Nightmare on Elm Street, A - Gremlins"
140,Fantasia - American Psycho - Star Wars: Episode IV - A New Hope
141,"Thin Man, The - Third Man, The"
142,"Silence of the Lambs, The - Star Wars: Episode V - The Empire Strikes Back - Wizard of Oz, The"
143,"Commitments, The - Bulworth - Austin Powers: International Man of Mystery"
144,"Rocketeer, The - Back to the Future Part III - Honey, I Blew Up the Kid"
145,Run Lola Run (Lola rennt) - Shakespeare in Love - Rushmore
146,"Out of Africa - Object of My Affection, The - While You Were Sleeping"
147,"Thomas Crown Affair, The - Suicide Kings - William Shakespeare's Romeo and Juliet"
148,Just Cause - Harriet the Spy - Casper
149,"Truth About Cats & Dogs, The - Jason's Lyric - Original Kings of Comedy, The"
150,"American Graffiti - Sting, The - Close Encounters of the Third Kind"
151,"Time Regained (Le Temps Retrouvé) - Drowning Mona - Replacements, The"
152,Airplane! - Election
153,"Sixth Sense, The - Superstar - Spice World"
154,"Galaxy Quest - Bridge on the River Kwai, The - Touch of Evil"
155,"Mirror, The (Zerkalo) - Saving Private Ryan - Once Upon a Time in America"
156,"Murder at 1600 - Morning After, The - Sommersby"
157,"Maltese Falcon, The - Chinatown - Double Indemnity"
158,"Chinatown - Godfather, The"
159,"Ghostbusters - Gladiator - Patriot, The"
160,Remember the Titans - Hamlet
161,"High Fidelity - Parenthood - Gods Must Be Crazy, The"
162,Shaft - Nutty Professor II: The Klumps - Toy Story
163,"Arlington Road - Astronaut's Wife, The - Austin Powers: The Spy Who Shagged Me"
164,"Blast from the Past - Charade - Treasure of the Sierra Madre, The"
165,Pajama Party - Blackbeard's Ghost - Beach Party
166,"Ace Ventura: Pet Detective - 'burbs, The - Funny Farm"
167,"Gods Must Be Crazy, The - Golden Child, The - Good Morning, Vietnam"
168,Toy Story - Robocop - Aladdin
169,"Jackie Brown - Blue Angel, The (Blaue Engel, Der) - Pretty Woman"
170,"American Pie - 13th Warrior, The - Arachnophobia"
171,Unzipped - Everest
172,Blood Simple - Strangers on a Train
173,"Risky Business - Cinema Paradiso - Breakfast Club, The"
174,"Escape from New York - Man with the Golden Gun, The - Star Trek III: The Search for Spock"
175,"Iron Giant, The - Gods and Monsters - Jerry Maguire"
176,Jumpin' Jack Flash - Burglar - Harry and the Hendersons
177,"Alien - Sling Blade - Sixth Sense, The"
178,"Fistful of Dollars, A - Butch Cassidy and the Sundance Kid - Hud"
179,"Coneheads - Lost in Space - Net, The"
180,My Dog Skip - Saving Grace - Scary Movie
181,"Color of Money, The - Color Purple, The - School Daze"
182,"Young Guns II - Pulp Fiction - Usual Suspects, The"
183,Fatal Attraction - Independence Day (ID4) - Predator
184,"Sleeping Beauty - Little Mermaid, The - Tarzan"
185,"Last Action Hero - Saint, The - Lost World: Jurassic Park, The"
186,"Idle Hands - House on Haunted Hill, The - Lake Placid"
187,"Washington Square - Picture Bride - Mask, The"
188,"Red Violin, The (Le Violon rouge) - Pushing Tin - Rushmore"
189,Kids - Swing Kids - Good Will Hunting
190,"Secret of NIMH, The - Big Lebowski, The - Ghost Dog: The Way of the Samurai"
191,"Being John Malkovich - Big - Big Lebowski, The"
192,Spawn - Double Team - Anaconda
193,Star Trek: The Wrath of Khan - King Kong - Jurassic Park
194,"Santa Clause, The - My Best Friend's Wedding - Naked Gun 2 1/2: The Smell of Fear, The"
195,I Am Cuba (Soy Cuba/Ya Kuba) - Blood Simple - Rambo: First Blood Part II
196,"Rear Window - Vertigo - Terminator, The"
197,"Age of Innocence, The - Jerry Maguire"
198,Alive - Ransom - Primary Colors
199,"Cliffhanger - River Wild, The - Jackal, The"
200,Condorman - Dick - Doctor Dolittle
201,"Big Kahuna, The - Wonder Boys - Return to Me"
202,"Naked Gun 33 1/3: The Final Insult - 28 Days - 'burbs, The"
203,"Nell - Newton Boys, The - Bringing Out the Dead"
204,"Mad Max - Quiz Show - Nightmare on Elm Street, A"
205,"Seven Samurai (The Magnificent Seven) (Shichinin no samurai) - Godfather, The - Seventh Seal, The (Sjunde inseglet, Det)"
206,Akira - Aliens - 2001: A Space Odyssey
207,Rules of Engagement - She's the One
208,One False Move - Witness - Frenzy
209,Exotica - Elizabeth
210,Boiling Point - Under Siege 2: Dark Territory - Wild Wild West
211,Hellbound: Hellraiser II - Pitch Black - Friday the 13th Part 3: 3D
212,"Mrs. Doubtfire - Dumb & Dumber - Mask, The"
213,"Midsummer Night's Dream, A - Men in Black"
214,"Airheads - Six Days Seven Nights - Waterboy, The"
215,X-Men - Titan A.E. - Mission to Mars
216,"Boiler Room - Soldier's Story, A - Smoke"
217,Mission to Mars - Titan A.E.
218,"Thomas Crown Affair, The - Wild Wild West - Who Framed Roger Rabbit?"
219,"Eyes Wide Shut - General's Daughter, The - Kingpin"
220,"Mission: Impossible - Client, The - Manhattan Murder Mystery"
221,Mortal Thoughts - Misery - Scream
222,Autumn in New York - Romeo Must Die - Gladiator
223,Powder - Instinct - Showgirls
224,Rear Window - Schindler's List - Run Lola Run (Lola rennt)
225,Any Given Sunday - Go Fish - Trick
226,"Sex, Lies, and Videotape - Ghostbusters"
227,"Run Lola Run (Lola rennt) - Shakespeare in Love - Sixth Sense, The"
228,Erin Brockovich - Frequency - Titan A.E.
229,Johnny Mnemonic - History of the World: Part I - Hoosiers
230,"Force 10 from Navarone - Bananas - Poseidon Adventure, The"
231,"No Way Out - Close Shave, A - Toy Story 2"
232,"Flirting With Disaster - Birdcage, The - Pleasantville"
233,"Awakenings - Shawshank Redemption, The - Saving Private Ryan"
234,"Chinatown - Gandhi - Time to Kill, A"
235,Willow - Jack and Sarah - And the Ship Sails On (E la nave va)
236,"Abyss, The - Fugitive, The - X-Men"
237,"Dead Poets Society - Gods Must Be Crazy, The - Wedding Singer, The"
238,Angels and Insects - Papillon - American Buffalo
239,Hurlyburly - Requiem for a Dream - Almost Famous
240,"Three Kings - Good Morning, Vietnam - South Pacific"
241,"Heat - Corruptor, The - Limey, The"
242,Amistad - Mommie Dearest - Any Given Sunday
243,Ferris Bueller's Day Off - Swingers - Back to the Future
244,Splash - Big - Moonstruck
245,"Halloween - Scream - Nightmare on Elm Street, A"
246,"As Good As It Gets - Brady Bunch Movie, The - Airplane!"
247,Full Metal Jacket - Dangerous Liaisons - Babe
248,Speed - Die Hard 2 - Frequency
249,"That Thing You Do! - Streetcar Named Desire, A - Willy Wonka and the Chocolate Factory"
250,"Airplane II: The Sequel - Lost World: Jurassic Park, The"
251,"Hunt for Red October, The - Patriot Games - Die Hard 2"
252,Hard Target - Chicken Run - Best in Show
253,Three Colors: White - Fargo - American Movie
254,Blood For Dracula (Andy Warhol's Dracula) - Carrie
255,X-Men - Wyatt Earp - Young Guns
256,Natural Born Killers - G.I. Jane - Independence Day (ID4)
257,"American Beauty - Pest, The - Shakespeare in Love"
258,Patriot Games - Witness - No Way Out
259,Chicken Run - Butterfly (La Lengua de las Mariposas) - Die Hard
260,End of Days - Batman & Robin - Air America
261,Robin Hood: Prince of Thieves - Hot Shots! Part Deux - Runaway
262,"Santa Clause, The - Tron - Escape to Witch Mountain"
263,"Gattaca - Abyss, The - Men in Black"
264,"Sword in the Stone, The - There's Something About Mary - Teenage Mutant Ninja Turtles"
265,"African Queen, The - Like Water for Chocolate (Como agua para chocolate) - Graduate, The"
266,Butch Cassidy and the Sundance Kid - Arsenic and Old Lace - Saving Private Ryan
267,"Mission: Impossible 2 - Whole Nine Yards, The - Conversation, The"
268,"NeverEnding Story, The - Working Girl - Big"
269,"King of the Hill - Poseidon Adventure, The - Scary Movie"
270,King Kong - Around the World in 80 Days - Stand by Me
271,"Romy and Michele's High School Reunion - Running Man, The - Spawn"
272,"View to a Kill, A - Top Gun - First Blood"
273,"Honey, I Shrunk the Kids - NeverEnding Story III, The - Teenage Mutant Ninja Turtles II: The Secret of the Ooze"
274,Godzilla - Chinatown - Laura
275,Sixteen Candles - F/X - Lucas
276,Jurassic Park - Mission: Impossible
277,Star Wars: Episode I - The Phantom Menace - Total Recall
278,"Return of the Texas Chainsaw Massacre, The - Class of Nuke 'Em High - Exorcist II: The Heretic"
279,"Heartbreak Ridge - Red Dawn - Thin Red Line, The"
280,"Hard Day's Night, A - Blues Brothers, The - Airplane!"
281,Angels and Insects - Scream - Total Recall
282,"Pelican Brief, The - Outbreak - Cujo"
283,"Godfather, The - Mission: Impossible - Star Wars: Episode I - The Phantom Menace"
284,"Fly, The - Starship Troopers - Predator 2"
285,Vertigo - Speed - As Good As It Gets
286,Raiders of the Lost Ark - Star Wars: Episode IV - A New Hope - Chicken Run
287,"Green Mile, The - English Patient, The - Nobody's Fool"
288,Face/Off - Speed - True Lies
289,"Guns of Navarone, The - Fistful of Dollars, A - Army of Darkness"
290,Emma - L.A. Story - So I Married an Axe Murderer
291,"Rocky - Room with a View, A - Sex, Lies, and Videotape"
292,Sphere - Mystery Science Theater 3000: The Movie - Species
293,Lethal Weapon 3 - Relax... It's Just Sex - Girlfight
294,"Bug's Life, A - So I Married an Axe Murderer - Truth About Cats & Dogs, The"
295,"Palmetto - Hitch-Hiker, The - City Lights"
296,"Birds, The - Dracula - Frighteners, The"
297,Eat Drink Man Woman - Pleasantville - Smoke Signals
298,Rosemary's Baby - Return to Me - Legends of the Fall
299,Pulp Fiction - Lawrence of Arabia - Rebecca
300,"Star Wars: Episode I - The Phantom Menace - Godfather: Part III, The - Backdraft"
301,BASEketball - Back to the Future Part III - Wayne's World 2
302,Alien - King Kong - Poltergeist
303,When Harry Met Sally... - Moonstruck - Clueless
304,"Killing, The - Asphalt Jungle, The - Hitch-Hiker, The"
305,"Help! - Hunchback of Notre Dame, The - Song of the South"
306,Boiler Room - U-571 - Final Destination
307,Stalag 17 - Three Kings - Breaking Away
308,Broken Arrow - Twister - Tommy Boy
309,"October Sky - Indiana Jones and the Last Crusade - Last Emperor, The"
310,Homeward Bound II: Lost in San Francisco - Home Alone 2: Lost in New York - Inspector Gadget
311,Star Wars: Episode IV - A New Hope - Star Wars: Episode V - The Empire Strikes Back
312,"Bonnie and Clyde - Sting, The - Being There"
313,Jurassic Park - From Dusk Till Dawn - Donnie Brasco
314,"All About Eve - Philadelphia Story, The - It's a Wonderful Life"
315,"From Russia with Love - Lost World: Jurassic Park, The"
316,Star Trek: The Motion Picture - Parasite - Alien³
317,"M*A*S*H - Bank Dick, The"
318,"Shakespeare in Love - Secret of Roan Inish, The"
319,"It's a Wonderful Life - Gone with the Wind - Insider, The"
320,Legends of the Fall - U-571
321,Enemy of the State - Die Hard 2 - Stir of Echoes
322,American Beauty - American Graffiti - Tom Jones
323,Toy Story 2 - Wild Wild West - Who Framed Roger Rabbit?
324,Sleeping Beauty - Little Shop of Horrors - Anastasia
325,"Grumpier Old Men - Beverly Hillbillies, The - Striptease"
326,"My Favorite Season - Godfather: Part II, The - Inherit the Wind"
327,"Filth and the Fury, The - Cup, The (Phörpa) - Life and Times of Hank Greenberg, The"
328,"Mystery Men - Dick Tracy - Saint, The"
329,"Big Trouble in Little China - Little Shop of Horrors, The - Scrooged"
330,"Mission: Impossible 2 - Skulls, The - Nutty Professor II: The Klumps"
331,"Robocop - Batman - Untouchables, The"
332,"Simple Plan, A - Matrix, The - Topsy-Turvy"
333,Guess Who's Coming to Dinner - Father of the Bride - Ferris Bueller's Day Off
334,"Prince of Tides, The - Man in the Iron Mask, The - Jane Eyre"
335,"Blade Runner - Good, The Bad and The Ugly, The - One Flew Over the Cuckoo's Nest"
336,"Escape from L.A. - Fly II, The - Return from Witch Mountain"
337,Hackers - Mission: Impossible - Outbreak
338,"Sting, The - Breaking Away - Guns of Navarone, The"
339,"People vs. Larry Flynt, The - Simon Birch - English Patient, The"
340,"Titanic - Taming of the Shrew, The - Boogie Nights"
341,Hard-Boiled (Lashou shentan) - Run Lola Run (Lola rennt)
342,Jurassic Park - Starman - Robocop
343,"Stigmata - Strictly Ballroom - Story of G.I. Joe, The"
344,"Pushing Tin - Poseidon Adventure, The - Sixth Sense, The"
345,"Room with a View, A - Almost Famous"
346,"E.T. the Extra-Terrestrial - Buddy Holly Story, The - Natural, The"
347,Tender Mercies - American History X - Pulp Fiction
348,"Rob Roy - Run Silent, Run Deep - Where Eagles Dare"
349,Full Metal Jacket - Friday - Taxi Driver
350,"Rocketeer, The - Indian in the Cupboard, The - Mystery Men"
351,"World Is Not Enough, The - Top Gun - Jackie Chan's First Strike"
352,"Snake Eyes - Waterboy, The - Coneheads"
353,"Sixth Sense, The - Silence of the Lambs, The"
354,"Sixth Sense, The - Secret of Roan Inish, The - Stuart Little"
355,"Die Hard - Dr. No - Mask of Zorro, The"
356,Instinct - Galaxy Quest
357,"NeverEnding Story II: The Next Chapter, The - 101 Dalmatians - 13th Warrior, The"
358,"20,000 Leagues Under the Sea - Manchurian Candidate, The - Who Framed Roger Rabbit?"
359,"Logan's Run - X-Files: Fight the Future, The - American Beauty"
360,"Miracle on 34th Street - Toy Story 2 - Fugitive, The"
361,Return to Me - Best in Show - Requiem for a Dream
362,Star Trek VI: The Undiscovered Country - Men in Black - True Romance
363,Mission: Impossible - 28 Days - From Dusk Till Dawn
364,"Shakespeare in Love - Talented Mr. Ripley, The - Thomas Crown Affair, The"
365,Excess Baggage - Mickey Blue Eyes - Six Days Seven Nights
366,"Carnal Knowledge - Client, The - White Squall"
367,"Cinema Paradiso - Graduate, The - Bound"
368,"Hollow Man - Bridge on the River Kwai, The - Lawrence of Arabia"
369,"Good Morning, Vietnam - Romy and Michele's High School Reunion - Home Alone"
370,Toy Story 2 - X-Men - Who Framed Roger Rabbit?
371,L.A. Confidential - Go - Jackie Brown
372,"Shining, The - Ghostbusters - Gremlins"
373,"Fugitive, The - Matrix, The - Terminator 2: Judgment Day"
374,Fargo - L.A. Confidential - Bonnie and Clyde
375,"Rocky - Midnight Express - Paper Chase, The"
376,Bullets Over Broadway - Little Women - 8 1/2 Women
377,"39 Steps, The - Shallow Grave - Spanish Prisoner, The"
378,"Terminator 2: Judgment Day - Lock, Stock & Two Smoking Barrels - Iron Giant, The"
379,Forever Young - Four Weddings and a Funeral - Grease
380,True Lies - Ruthless People - Romancing the Stone
381,Fantastic Voyage - Space Cowboys - Escape from New York
382,Big Daddy - Big - Big Night
383,"Talented Mr. Ripley, The - What Lies Beneath"
384,"Alvarez Kelly - Dorado, El"
385,I Still Know What You Did Last Summer - Seven Samurai (The Magnificent Seven) (Shichinin no samurai) - Star Wars: Episode V - The Empire Strikes Back
386,Moonstruck - Roger & Me - Monty Python's Life of Brian
387,Hook - Psycho - Frankenstein
388,Brighton Beach Memoirs - Beetlejuice - On Golden Pond
389,Pitch Black - Keeping the Faith - Return to Me
390,Chinatown - Touch of Evil - Rear Window
391,Pale Rider - Three Amigos! - Young Guns
392,"Quick and the Dead, The - Three Amigos! - Wizard of Oz, The"
393,Edward Scissorhands - Say Anything... - Hana-bi
394,"From Dusk Till Dawn - Mummy, The - GoldenEye"
395,Clueless - As Good As It Gets
396,Benny & Joon - Maverick - Mrs. Doubtfire
397,When Harry Met Sally... - Back to the Future - Toy Story 2
398,"Pi - Rocky Horror Picture Show, The - Net, The"
399,"Romy and Michele's High School Reunion - Rushmore - Sixth Sense, The"
400,"Sixth Sense, The - Terminator 2: Judgment Day - Matrix, The"
401,Con Air - Conspiracy Theory - Courage Under Fire
402,Mystery Men - Renaissance Man - Life with Mikey
403,Snow Falling on Cedars - Three Kings - Old Yeller
404,"Truman Show, The - Donnie Brasco - Bronx Tale, A"
405,"Money Pit, The - Renaissance Man - Speechless"
406,Young Frankenstein - Menace II Society - Big
407,"French Connection, The - Bonnie and Clyde - Limey, The"
408,"Me, Myself and Irene - JFK - Fugitive, The"
409,Eyes Wide Shut - Scream 3 - Dolores Claiborne
410,Mallrats - What About Bob? - Pretty in Pink
411,"Winslow Boy, The - Six Degrees of Separation - Braveheart"
412,"Stripes - Terminator, The - That Thing You Do!"
413,Toy Story - Aladdin - Toy Story 2
414,"Devil's Advocate, The - Talented Mr. Ripley, The - Jacob's Ladder"
415,Raging Bull - Raising Arizona - Star Wars: Episode V - The Empire Strikes Back
416,"White Squall - Who Framed Roger Rabbit? - Christmas Story, A"
417,"Fox and the Hound, The - Who Framed Roger Rabbit?"
418,"Silence of the Lambs, The - Graduate, The - Toy Story"
419,"Hamlet - Abyss, The - Bug's Life, A"
420,"Women on the Verge of a Nervous Breakdown - Arsenic and Old Lace - Wizard of Oz, The"
421,Murder at 1600 - Absolute Power
422,"Cell, The - Bug's Life, A - Chinatown"
423,"Summer of Sam - South Park: Bigger, Longer and Uncut - Story of Us, The"
424,Jefferson in Paris - Never Cry Wolf - Picnic at Hanging Rock
425,"Birdcage, The - Honeymoon in Vegas - Working Girl"
426,"Payback - Siege, The - Bad Boys"
427,"Mission: Impossible - Rocky Horror Picture Show, The - Perfect Storm, The"
428,Like Water for Chocolate (Como agua para chocolate) - Clueless - West Side Story
429,"Cop Land - Sister Act - Devil's Advocate, The"
430,Dying Young - Inventing the Abbotts - My Best Friend's Wedding
431,Terminator 2: Judgment Day - Jaws - Die Hard
432,Come See the Paradise - Picture Perfect - She's the One
433,"Runaway Bride - Other Sister, The - Sommersby"
434,"Bug's Life, A - 101 Dalmatians - Toy Story"
435,Moonraker - First Blood - Falling Down
436,"Titan A.E. - Stargate - Rocky Horror Picture Show, The"
437,Platoon - Star Wars: Episode V - The Empire Strikes Back - Patton
438,Die Hard - Indiana Jones and the Last Crusade - Rain Man
439,"Michael - Phenomenon - English Patient, The"
440,"Full Monty, The - Grosse Pointe Blank - American President, The"
441,Citizen Kane - Babe - Pulp Fiction
442,Sliding Doors - So I Married an Axe Murderer - Top Gun
443,Kiss of Death - Citizen Kane - Casablanca
444,"Dirty Dozen, The - Longest Day, The - Them!"
445,"Stigmata - Sleepy Hollow - Sixth Sense, The"
446,"My Life as a Dog (Mitt liv som hund) - Monty Python and the Holy Grail - Iron Giant, The"
447,Steamboat Willie - Cinderella - Dumbo
448,She's All That - Stigmata
449,"Fright Night - American Werewolf in London, An - Village of the Damned"
450,"Monty Python and the Holy Grail - Who Framed Roger Rabbit? - Exorcist, The"
451,"Bull Durham - American in Paris, An - Sophie's Choice"
452,Scent of a Woman - Fried Green Tomatoes - Titanic
453,"Casablanca - Sixth Sense, The - Fisher King, The"
454,Ghostbusters - Stand by Me - Beetlejuice
455,American Graffiti - Butch Cassidy and the Sundance Kid
456,"Name of the Rose, The - Basic Instinct - Snake Eyes"
457,Searching for Bobby Fischer - Casino - American History X
458,"Lost World: Jurassic Park, The - Perfect Storm, The - Any Given Sunday"
459,"She's All That - Sixth Sense, The - Shakespeare in Love"
460,"Austin Powers: International Man of Mystery - Full Monty, The - Galaxy Quest"
461,"Wizard of Oz, The - Princess Bride, The - Adventures of Robin Hood, The"
462,"Goonies, The - Antz - Love Bug, The"
463,"Threesome - Apple Dumpling Gang, The - My Blue Heaven"
464,Trainspotting - Shall We Dance? (Shall We Dansu?) - Alice in Wonderland
465,Heavenly Creatures - Being John Malkovich - Delicatessen
466,Touch of Evil - Double Indemnity - Chinatown
467,"Batman - Princess Bride, The - Star Wars: Episode VI - Return of the Jedi"
468,"Starman - Schindler's List - Last of the Mohicans, The"
469,"Sting, The - M*A*S*H - American Beauty"
470,"Bedknobs and Broomsticks - Little Mermaid, The - Muppet Christmas Carol, The"
471,Tron - Stargate - Star Trek: The Motion Picture
472,"Shawshank Redemption, The - Glengarry Glen Ross - Silence of the Lambs, The"
473,Roman Holiday - Cinderella - Lady and the Tramp
474,"That Darn Cat! - Craft, The - Female Perversions"
475,"'burbs, The - Action Jackson - Toxic Avenger, The"
476,"Little Rascals, The - Jury Duty - Waiting to Exhale"
477,"Money Talks - Last Man Standing - Pagemaster, The"
478,"Groundhog Day - Clueless - Postino, Il (The Postman)"
479,Leaving Las Vegas - Crimson Tide - Titanic
480,"Love and Basketball - Filth and the Fury, The - Scary Movie"
481,"Spy Hard - Back to the Future Part III - Nutty Professor, The"
482,Canadian Bacon - Rambo: First Blood Part II - Hot Shots! Part Deux
483,"2001: A Space Odyssey - Terminator, The - Iron Giant, The"
484,Run Lola Run (Lola rennt) - Romy and Michele's High School Reunion - Scream 3
485,"Return of the Pink Panther, The - Groundhog Day - Tom Jones"
486,"Full Monty, The - Breaking the Waves - Red Violin, The (Le Violon rouge)"
487,"Waiting for Guffman - This Is Spinal Tap - Horse Whisperer, The"
488,"Clockwork Orange, A - Ghost in the Shell (Kokaku kidotai)"
489,"Dr. Strangelove or: How I Learned to Stop Worrying and Love the Bomb - Wrong Trousers, The"
490,Cinderella - Bedknobs and Broomsticks - Pocahontas
491,Star Wars: Episode V - The Empire Strikes Back - Crimson Tide
492,"Double Jeopardy - Desperately Seeking Susan - Doors, The"
493,"Men in Black - Bulworth - Fisher King, The"
494,Air Force One - Blade - Star Wars: Episode I - The Phantom Menace
495,"Bug's Life, A - Angels in the Outfield - Return to Me"
496,"North by Northwest - Fifth Element, The - Iron Giant, The"
497,"Dark Crystal, The - E.T. the Extra-Terrestrial"
498,"Mystery Train - Flamingo Kid, The - Gods Must Be Crazy, The"
499,"Dead Poets Society - Contact - Joy Luck Club, The"
500,"Erin Brockovich - Five Senses, The - Babe"
501,"Friday the 13th Part 3: 3D - Friday the 13th: The Final Chapter - Slumber Party Massacre II, The"
502,Schindler's List - One Flew Over the Cuckoo's Nest
503,Butch Cassidy and the Sundance Kid - High Plains Drifter - Unforgiven
504,"Blood Simple - Manchurian Candidate, The - Murder, My Sweet"
505,"Last Detail, The - Big - Mary Poppins"
506,"South Park: Bigger, Longer and Uncut - Talented Mr. Ripley, The - Summer of Sam"
507,Strictly Ballroom - Amadeus - Citizen Kane
508,Universal Soldier - Armageddon - Wild Wild West
509,White Squall - Andre - Muppet Treasure Island
510,"Alice in Wonderland - Antz - Lion King, The"
511,"Red Violin, The (Le Violon rouge) - Secret of Roan Inish, The - Shakespeare in Love"
512,"Rising Sun - X-Files: Fight the Future, The - Young Sherlock Holmes"
513,Deconstructing Harry - Demolition Man - Desperado
514,Mad Max 2 (a.k.a. The Road Warrior) - Time Bandits - Gattaca
515,"Spanish Prisoner, The - Hunt for Red October, The - Faster Pussycat! Kill! Kill!"
516,"Predator 2 - Nutty Professor, The - Spaceballs"
517,Drowning Mona - Drugstore Cowboy - Drop Dead Fred
518,"Bad Seed, The - Beautiful - Beetlejuice"
519,"Babe - Lady and the Tramp - Breakfast Club, The"
520,Taxi Driver - Aliens - Austin Powers: International Man of Mystery
521,Psycho - Key Largo - Die Hard
522,Forever Young - Stargate - Body Snatchers
523,"Good, The Bad and The Ugly, The - Fistful of Dollars, A - Thunderball"
524,Dead Presidents - Things to Do in Denver when You're Dead - 187
525,American Beauty - Donnie Brasco - Fantasia
526,"In the Line of Fire - Speed - Spy Who Loved Me, The"
527,Barcelona - Trust
528,Bambi - Pinocchio - 12 Angry Men
529,"Dr. Strangelove or: How I Learned to Stop Worrying and Love the Bomb - Christmas Story, A - Crimes and Misdemeanors"
530,"Crumb - Run Lola Run (Lola rennt) - Untouchables, The"
531,That Thing You Do! - Analyze This - Everything You Always Wanted to Know About Sex
532,"Willow - Tron - Borrowers, The"
533,"Jewel of the Nile, The - Star Trek: The Motion Picture - Armageddon"
534,St. Elmo's Fire - Schindler's List - Star Wars: Episode V - The Empire Strikes Back
535,"Talented Mr. Ripley, The - Summer of Sam"
536,"Mulan - Rescuers, The - 101 Dalmatians"
537,"Sting, The - Annie Hall - Saving Private Ryan"
538,"Gulliver's Travels - Deliverance - 20,000 Leagues Under the Sea"
539,"Cinderella - Lady and the Tramp - Lion King, The"
540,"Braveheart - Clockwork Orange, A - Trainspotting"
541,Elizabeth - Seven (Se7en) - Ever After: A Cinderella Story
542,"Any Given Sunday - Rudy - Lost World: Jurassic Park, The"
543,Bonfire of the Vanities - Next Friday - Fathers' Day
544,Indiana Jones and the Last Crusade - Who Framed Roger Rabbit? - Mutiny on the Bounty
545,"Me, Myself and Irene - Phantasm - Out of Africa"
546,MacKenna's Gold - King Kong vs. Godzilla (Kingukongu tai Gojira) - Blood Feast
547,"Face/Off - Rocky Horror Picture Show, The - Escape from New York"
548,Candyman - King Kong - Child's Play
549,Rambo III - Haunted Honeymoon - Caligula
550,"In the Heat of the Night - Crimson Tide - Horseman on the Roof, The (Hussard sur le toit, Le)"
551,Manhattan Murder Mystery - Miller's Crossing - Star Trek: First Contact
552,Bloodsport - Blown Away - Blues Brothers 2000
553,Barcelona - Austin Powers: The Spy Who Shagged Me - Mrs. Doubtfire
554,"Sixth Sense, The - Shakespeare in Love - Runaway Bride"
555,"Who Framed Roger Rabbit? - Aladdin - Lion King, The"
556,Star Trek: Generations - Face/Off - Star Trek V: The Final Frontier
557,"Grand Day Out, A - Akira - Third Man, The"
558,"Singin' in the Rain - Raging Bull - Fugitive, The"
559,Farewell My Concubine - Edward Scissorhands
560,"Broken Arrow - Tarzan the Fearless - Lawnmower Man, The"
561,"Scream 2 - Scream - Princess Bride, The"
562,"Good, The Bad and The Ugly, The - French Connection, The - Cyrano de Bergerac"
563,"Lost in Space - Honey, I Blew Up the Kid - Net, The"
564,"Doctor Zhivago - On the Waterfront - Godfather: Part II, The"
565,Men in Black - Frequency
566,"U.S. Marshalls - Running Man, The - Mystery Men"
567,"Waterworld - Golden Child, The - Jewel of the Nile, The"
568,"Jurassic Park - Mask of Zorro, The"
569,D3: The Mighty Ducks - Mr. Wrong - Problem Child
570,"Interview with the Vampire - Wolf - General's Daughter, The"
571,"Rock, The - In the Line of Fire - Zero Effect"
572,Titan A.E. - Down to You
573,King Kong - Star Wars: Episode IV - A New Hope - Out of Sight
574,Toy Story - Hoop Dreams
575,Who Framed Roger Rabbit? - X-Men - What Lies Beneath
576,"When Harry Met Sally... - Ghostbusters - Princess Bride, The"
577,Escape from New York - Batman - From Russia with Love
578,Saving Private Ryan - Sling Blade - Life Is Beautiful (La Vita è bella)
579,"Back to School - Money Pit, The - Porky's"
580,"Iron Eagle II - Braddock: Missing in Action III - Dirty Dozen, The"
581,Pleasantville - Dave - Babe
582,"Thirteenth Floor, The - What Lies Beneath - X-Men"
583,Superman - Rocky - Predator
584,Titanic - Fargo - Secrets & Lies
585,"Goonies, The - NeverEnding Story, The - Ghost Dog: The Way of the Samurai"
586,"Grand Day Out, A - Close Shave, A - Wrong Trousers, The"
587,"River Runs Through It, A - Batman - Fast, Cheap & Out of Control"
588,"Hustler, The - Cabaret - Persuasion"
589,Harvey - Grosse Pointe Blank - Back to the Future Part III
590,Office Space - Naked - Washington Square
591,"Great Santini, The - Quiz Show - Breaking the Waves"
592,Star Wars: Episode IV - A New Hope - Raiders of the Lost Ark
593,"Cradle Will Rock, The - Swing Kids - Chicken Run"
594,"You Can't Take It With You - Muppet Movie, The - Naked Gun: From the Files of Police Squad!, The"
595,"Seven (Se7en) - Cape Fear - Spanish Prisoner, The"
596,"Lost World: Jurassic Park, The - Any Given Sunday - Titan A.E."
597,"Sixth Sense, The - Rushmore - Stuart Little"
598,"Matrix, The - Saving Private Ryan - Braveheart"
599,"Godfather: Part II, The - One Flew Over the Cuckoo's Nest - Dead Man Walking"
600,"Talented Mr. Ripley, The - Being John Malkovich"
601,"Dirty Dancing - Game, The - Lost Highway"
602,"Alien³ - Lost World: Jurassic Park, The - My Science Project"
603,"Mercury Rising - Thomas Crown Affair, The - Air Force One"
604,"From Dusk Till Dawn - Saint, The - Dragonheart"
605,Erin Brockovich - Galaxy Quest - Ghostbusters
606,Liar Liar - Freaky Friday - Galaxy Quest
607,"Thelma & Louise - Green Mile, The"
608,"Bowfinger - Patriot, The - Blown Away"
609,"Boat, The (Das Boot) - Fugitive, The - Sixth Sense, The"
610,Star Trek: Insurrection - Dune - Back to the Future Part III
611,My Cousin Vinny - Thelma & Louise - Grand Canyon
612,Legends of the Fall - Return to Me - Malice
613,Toy Story - Being John Malkovich - Glengarry Glen Ross
614,"Hunchback of Notre Dame, The - Fox and the Hound, The - Jungle Book, The"
615,"Tomorrow Never Dies - Fifth Element, The - True Lies"
616,Mission to Mars - Ghost in the Shell (Kokaku kidotai) - Star Wars: Episode IV - A New Hope
617,Rear Window - Dial M for Murder
618,"I Dreamed of Africa - Nightmare on Elm Street Part 2: Freddy's Revenge, A - Friday the 13th Part 3: 3D"
619,Being John Malkovich - M*A*S*H
620,Tommy Boy - Patch Adams - Nine Months
621,Repo Man - Terminator 2: Judgment Day - High Fidelity
622,Being John Malkovich - Life Is Beautiful (La Vita è bella) - Boys Don't Cry
623,"Deliverance - Manchurian Candidate, The - Office Space"
624,Mansfield Park - Akira - Henry V
625,"Liberty Heights - Grand Canyon - Bodyguard, The"
626,"Thin Red Line, The - Last of the Mohicans, The - Enemy of the State"
627,"Willy Wonka and the Chocolate Factory - Willow - NeverEnding Story, The"
628,With Honors - Dave - Stuart Little
629,"Homeward Bound II: Lost in San Francisco - American Tail: Fievel Goes West, An - Free Willy"
630,My Life in Pink (Ma vie en rose) - Butch Cassidy and the Sundance Kid - Babe
631,"Ronin - Dances with Wolves - Fifth Element, The"
632,Arachnophobia - Starship Troopers - Mars Attacks!
633,"Meet the Parents - American Psycho - Perfect Storm, The"
634,"Beetlejuice - Sound of Music, The - Blues Brothers, The"
635,"It Happened One Night - Lady Vanishes, The - Things Change"
636,Species - Demolition Man - My Science Project
637,Strictly Ballroom - Superman - Superman II
638,Real Genius - Night Shift - Pee-wee's Big Adventure
639,"Mr. Holland's Opus - Christmas Carol, A - Man Without a Face, The"
640,Pulp Fiction - Fargo
641,"Godfather: Part II, The - Princess Bride, The - Saving Private Ryan"
642,Night of the Living Dead - While You Were Sleeping - Sleepy Hollow
643,"Talented Mr. Ripley, The - Thomas Crown Affair, The - Summer of Sam"
644,Die Hard 2 - Die Hard: With a Vengeance - Annie Hall
645,"Close Shave, A - Wrong Trousers, The - Bank Dick, The"
646,"Moonraker - Broken Arrow - View to a Kill, A"
647,"Flintstones, The - Drop Dead Fred - Shakes the Clown"
648,"Sixth Sense, The - Thomas Crown Affair, The - Teaching Mrs. Tingle"
649,Spaceballs - GoldenEye - Problem Child 2
650,"Perfect Storm, The - U-571 - Pitch Black"
651,Young Doctors in Love - Class - Outrageous Fortune
652,Star Trek: Insurrection - Timecop - Sphere
653,"Poseidon Adventure, The - Payback"
654,Reds - Dangerous Liaisons - Field of Dreams
655,"Sting, The - Sixteen Candles - Groundhog Day"
656,"Year of Living Dangerously - Say Anything... - Killing Fields, The"
657,"Secret of Roan Inish, The - Runaway Bride - Run Lola Run (Lola rennt)"
658,Bowfinger - Bram Stoker's Dracula - Braveheart
659,"Miller's Crossing - Swing Kids - American President, The"
660,"Mrs. Doubtfire - Rich Man's Wife, The - Death and the Maiden"
661,GoodFellas - To Kill a Mockingbird - Amadeus
662,"Die Hard: With a Vengeance - Batman Returns - World Is Not Enough, The"
663,"Species II - Shining, The - Poltergeist"
664,"Kentucky Fried Movie, The - Full Monty, The - Beetlejuice"
665,"Thing, The - Alien"
666,"Philadelphia Story, The - Delicatessen - Twelve Monkeys"
667,"Heathers - Matrix, The - Clockwork Orange, A"
668,Casino - Total Recall - Smilla's Sense of Snow
669,Star Trek: Insurrection - Teenage Mutant Ninja Turtles - Rising Sun
670,"Meet the Parents - Bridge on the River Kwai, The - North by Northwest"
671,"Cell, The - Nurse Betty - Roger & Me"
672,"Fugitive, The - Terminator, The - Butch Cassidy and the Sundance Kid"
673,"Close Encounters of the Third Kind - Lord of the Rings, The - Westworld"
674,"Star Trek: The Wrath of Khan - X-Files: Fight the Future, The - Back to the Future Part II"
675,"General's Daughter, The - Galaxy Quest - Fight Club"
676,"Pallbearer, The - Fletch Lives - Funny Farm"
677,"Fisher King, The - Speed - Night on Earth"
678,Dumbo - Planet of the Apes - My Bodyguard
679,"Alive - Halloween - Bug's Life, A"
680,"Payback - Pushing Tin - Sixth Sense, The"
681,"Dinosaur - Rugrats Movie, The - Space Jam"
682,"Birds, The - Thomas Crown Affair, The - Sense and Sensibility"
683,Get Shorty - Enemy of the State - Die Hard 2
684,Rocky IV - Rocky II - Rocky
685,Mr. Mom - Pretty in Pink - Victor/Victoria
686,"Men in Black - Braveheart - Last of the Mohicans, The"
687,Lolita - Hope Floats - True Lies
688,All Quiet on the Western Front - Richard III - Coming Home
689,"Stargate - Stepford Wives, The - Lawnmower Man, The"
690,To Die For - Men in Black - Pacific Heights
691,Sid and Nancy - Prick Up Your Ears - Charlotte's Web
692,My Best Friend's Wedding - Michael - Benny & Joon
693,"Mission to Mars - Snow Falling on Cedars - Patriot, The"
694,"eXistenZ - Excalibur - Next Karate Kid, The"
695,"Karate Kid, Part II, The - Police Academy 2: Their First Assignment - Psycho III"
696,"Purple Rose of Cairo, The - Witness - Risky Business"
697,As Good As It Gets - Pushing Hands - Zero Effect
698,Sneakers - Star Trek IV: The Voyage Home - Cube
699,Mr. & Mrs. Smith - Brighton Beach Memoirs - Big
700,"Notorious - Manchurian Candidate, The - Big Sleep, The"
701,"Fight Club - Shining, The - Mission: Impossible 2"
702,Dumb & Dumber - Mickey Blue Eyes - Sabrina
703,"Invisible Man, The - Repo Man"
704,"Poseidon Adventure, The - Run Silent, Run Deep - Stigmata"
705,"Death Becomes Her - Leatherface: Texas Chainsaw Massacre III - Return of the Texas Chainsaw Massacre, The"
706,"Tumbleweeds - Misérables, Les - League of Their Own, A"
707,"Terminator, The - No Way Out - Fatal Attraction"
708,Edward Scissorhands - Mission: Impossible
709,Pee-wee's Big Adventure - Crimes and Misdemeanors - Ferris Bueller's Day Off
710,"Jungle Book, The - American Graffiti - And Now for Something Completely Different"
711,"Chinatown - Game, The - Trouble with Harry, The"
712,Heat - Menace II Society - Bad Boys
713,Koyaanisqatsi - Willy Wonka and the Chocolate Factory - Big
714,"Transformers: The Movie, The - Oliver & Company - Parent Trap, The"
715,"Mask, The - Honey, I Shrunk the Kids - Star Wars: Episode I - The Phantom Menace"
716,"Man Who Knew Too Little, The - Gone with the Wind - Forrest Gump"
717,"Pitch Black - Lost World: Jurassic Park, The - Perfect Storm, The"
718,U.S. Marshalls - Broken Arrow - Lethal Weapon 3
719,Toy Story 2 - Groundhog Day - Toy Story
720,For the Love of Benji - Ben-Hur - Swiss Family Robinson
721,"Mickey Blue Eyes - High Fidelity - Shawshank Redemption, The"
722,"Game, The - Shakespeare in Love - Creature Comforts"
723,She's All That - Wild Wild West
724,"Face/Off - Mummy, The - Thomas Crown Affair, The"
725,"Annie Hall - Streetcar Named Desire, A - Reservoir Dogs"
726,Living Out Loud - City of Angels - You've Got Mail
727,"Philadelphia Story, The - Singin' in the Rain - Monty Python and the Holy Grail"
728,"Sex, Lies, and Videotape - Fabulous Baker Boys, The - Somewhere in Time"
729,Star Trek: Insurrection - Speed - Star Trek III: The Search for Spock
730,In the Line of Fire - Get Shorty - Patriot Games
731,"My Blue Heaven - Distinguished Gentleman, The - Six Days Seven Nights"
732,Footloose - Private School - Flashdance
733,"Waking Ned Devine - Dick - Commitments, The"
734,"Galaxy Quest - General's Daughter, The - Haunting, The"
735,"Flatliners - Bone Collector, The - World Is Not Enough, The"
736,"Forrest Gump - Big Blue, The (Le Grand Bleu) - Mallrats"
737,"Producers, The - Red Rock West - Saving Private Ryan"
738,Gone in 60 Seconds - Boiler Room - Shaft
739,"Willy Wonka and the Chocolate Factory - Indian in the Cupboard, The - Space Jam"
740,"Skulls, The - Patriot, The - Creature From the Black Lagoon, The"
741,Halloween 4: The Return of Michael Myers - Friday the 13th Part VI: Jason Lives - Halloween: H20
742,Demolition Man - Deep Impact - Stargate
743,This Is Spinal Tap - Dogma - Steal This Movie!
744,Fear and Loathing in Las Vegas - Kids in the Hall: Brain Candy - Fletch
745,"Adventures of Rocky and Bullwinkle, The - 13th Warrior, The"
746,"General's Daughter, The - Teaching Mrs. Tingle - 8MM"
747,Robocop - Jurassic Park - X-Men
748,"Rudy - Black Cauldron, The - Hellbound: Hellraiser II"
749,"Man Who Knew Too Little, The - Stalag 17 - It's a Wonderful Life"
750,Cinema Paradiso - All About Eve - Howards End
751,From Russia with Love - Rosemary's Baby
752,Nell - Notting Hill - October Sky
753,"Bodyguard, The - Tomorrow Never Dies - Mouse Hunt"
754,"Stigmata - Stir of Echoes - Thomas Crown Affair, The"
755,"Leaving Las Vegas - Right Stuff, The - Aliens"
756,"Planet of the Apes - Terminator 2: Judgment Day - Abyss, The"
757,Coneheads - Lost in Space - Godzilla
758,"JFK - Few Good Men, A - Jerry Maguire"
759,"Grumpier Old Men - Forget Paris - Mirror Has Two Faces, The"
760,"Stand by Me - Clueless - Philadelphia Story, The"
761,Toy Story 2 - Toy Story
762,"Man with the Golden Gun, The - Indiana Jones and the Last Crusade - Saving Private Ryan"
763,Being John Malkovich - Ben-Hur - Jaws
764,"Karate Kid, The - Gods Must Be Crazy II, The - Superman II"
765,Wag the Dog - American Pie - Father of the Bride
766,Raising Arizona - Ghostbusters - Bull Durham
767,"Green Mile, The - Thomas Crown Affair, The - Simple Plan, A"
768,"Blair Witch Project, The - Boogie Nights - American History X"
769,Network - Bringing Up Baby - Mad Max
770,Pete's Dragon - Bambi - Barbarella
771,Mission: Impossible - Legends of the Fall - 101 Dalmatians
772,"Rocketeer, The - Lost World: Jurassic Park, The - Escape from L.A."
773,Akira - Star Wars: Episode V - The Empire Strikes Back - Mad Max 2 (a.k.a. The Road Warrior)
774,"Saving Grace - Cell, The - Croupier"
775,"U-571 - Perfect Storm, The"
776,Star Wars: Episode V - The Empire Strikes Back - Star Wars: Episode IV - A New Hope - Invasion of the Body Snatchers
777,"Sesame Street Presents Follow That Bird - Footloose - Money Pit, The"
778,"GoodFellas - Spartacus - Princess Bride, The"
779,"Doors, The - Eyes Wide Shut - Frequency"
780,Gung Ho - Practical Magic - Selena
781,Major League: Back to the Minors - City Slickers II: The Legend of Curly's Gold - Sister Act 2: Back in the Habit
782,U-571 - Mission: Impossible
783,Rising Sun - Black Mask (Hak hap) - Eraser
784,"Shawshank Redemption, The - Star Wars: Episode IV - A New Hope - Run Lola Run (Lola rennt)"
785,Soldier - Superman - Romeo Must Die
786,Nineteen Eighty-Four - Alien Nation - Alien: Resurrection
787,"Green Mile, The - Swingers - Suicide Kings"
788,Airplane! - Caddyshack - Real Genius
789,Terminator 2: Judgment Day - Close Encounters of the Third Kind - Aliens
790,"Ghost in the Shell (Kokaku kidotai) - Matrix, The"
791,Far and Away - Runaway Bride - Hope Floats
792,Army of Darkness - Star Wars: Episode VI - Return of the Jedi - Mad Max
793,Caddyshack - To Catch a Thief - Driving Miss Daisy
794,"Eat Drink Man Woman - Being John Malkovich - Player, The"
795,"Walking and Talking - Wedding Singer, The - Rounders"
796,"Angel on My Shoulder - Falcon and the Snowman, The - Great Santini, The"
797,What Dreams May Come - Sommersby - How to Make an American Quilt
798,"Saving Private Ryan - Fantasia - Matrix, The"
799,"Next Best Thing, The - Supernova - Committed"
800,"Star Wars: Episode I - The Phantom Menace - Fifth Element, The - Escape from the Planet of the Apes"
801,Jungle Fever - Empire Records - Bastard Out of Carolina
802,Casablanca - Leaving Las Vegas - Jerry Maguire
803,Tron - Dances with Wolves - Indiana Jones and the Temple of Doom
804,Fargo - Schindler's List - Shakespeare in Love
805,"Allnighter, The - I.Q. - Ghost"
806,"Touch of Evil - Big Sleep, The - Nikita (La Femme Nikita)"
807,Hercules - Perfect Blue - Aladdin and the King of Thieves
808,Monty Python and the Holy Grail - Dr. Strangelove or: How I Learned to Stop Worrying and Love the Bomb - GoodFellas
809,"South Park: Bigger, Longer and Uncut - American President, The - Wedding Singer, The"
810,"Manchurian Candidate, The - Crying Game, The - L.A. Confidential"
811,"Shakespeare in Love - Almost Famous - Silence of the Lambs, The"
812,"Stuart Little - Thomas Crown Affair, The - Thirteenth Floor, The"
813,In & Out - Private Parts - Can't Hardly Wait
814,"Willow - NeverEnding Story, The - Titan A.E."
815,"Out of Africa - Romy and Michele's High School Reunion - South Park: Bigger, Longer and Uncut"
816,Flight of the Navigator - Logan's Run - Star Trek: Insurrection
817,"Zero Effect - Lock, Stock & Two Smoking Barrels - Game, The"
818,"Simple Plan, A - Ronin - Big Lebowski, The"
819,"Jackal, The - From Dusk Till Dawn - Cliffhanger"
820,Freejack - Super Mario Bros. - Event Horizon
821,Nurse Betty - Remember the Titans
822,"Nutty Professor, The - Crocodile Dundee - Analyze This"
823,"Reservoir Dogs - Go - Grifters, The"
824,Star Wars: Episode V - The Empire Strikes Back - Hoop Dreams - Manhattan
825,Manhattan - Rebecca - All That Jazz
826,U2: Rattle and Hum - 42 Up - Unzipped
827,"Terminator, The - French Connection, The"
828,"Fools Rush In - Sleepless in Seattle - Object of My Affection, The"
829,Ghostbusters - When Harry Met Sally... - Snow White and the Seven Dwarfs
830,"Eyes Without a Face - Near Dark - Birds, The"
831,Seven (Se7en) - Jackie Brown - Cop Land
832,Arthur - Night Shift - Fear and Loathing in Las Vegas
833,Space Cowboys - Good Will Hunting
834,"Piano, The - Prince of Tides, The - You've Got Mail"
835,"Mole People, The - Tarantula - X: The Unknown"
836,Pocahontas - Cats Don't Dance - Babes in Toyland
837,"Player, The - Some Like It Hot - Kolya"
838,Star Trek: The Motion Picture - Tank Girl - Event Horizon
839,Gung Ho - Bitter Moon - Nine 1/2 Weeks
840,"Ruling Class, The - Rocky Horror Picture Show, The - Meatballs"
841,Rules of Engagement - U-571 - Almost Famous
842,"She's All That - South Park: Bigger, Longer and Uncut - Talented Mr. Ripley, The"
843,Boogie Nights - Apollo 13 - Sling Blade
844,Dune - Vertigo - Blue Velvet
845,Elizabeth - Bulworth - Fantasia 2000
846,Die Hard 2 - Cape Fear - Forrest Gump
847,"Fisher King, The - Opposite of Sex, The - Pleasantville"
848,"Princess Bride, The - My Life as a Dog (Mitt liv som hund) - Aliens"
849,Mystery Men - Private Benjamin - What Planet Are You From?
850,Star Wars: Episode I - The Phantom Menace - Star Maps - Cabin Boy
851,Airplane! - Gladiator - Shakespeare in Love
852,"Stripes - When Harry Met Sally... - Jungle Book, The"
853,"Superman II - Golden Child, The - Lost World: Jurassic Park, The"
854,"Boys Don't Cry - Deep End of the Ocean, The - Crying Game, The"
855,"My Boyfriend's Back - Poison Ivy - Net, The"
856,"Stepford Wives, The - Madness of King George, The - Eyes Wide Shut"
857,"Midnight Cowboy - Birds, The - Young Frankenstein"
858,"Event Horizon - Godfather, The - Touch of Evil"
859,"Cell, The - Return to Me - Gladiator"
860,Lifeforce - Dracula - Rosemary's Baby
861,Being John Malkovich - Babe - Fletch
862,Mifune (Mifunes sidste sang) - Shower (Xizhao) - Road Trip
863,Star Trek: The Wrath of Khan - Total Recall - Romancing the Stone
864,"Grand Illusion (Grande illusion, La) - Lost Weekend, The - Double Life of Veronique, The (La Double Vie de Véronique)"
865,Butch Cassidy and the Sundance Kid - Toy Story - Cinema Paradiso
866,"Goofy Movie, A - Doug's 1st Movie - Space Jam"
867,Edward Scissorhands - Rosemary's Baby - Repo Man
868,Night of the Living Dead - Vampires - Cat's Eye
869,"Blackbeard's Ghost - Babe: Pig in the City - Addams Family, The"
870,Beetlejuice - Being John Malkovich - Benny & Joon
871,"Sixth Sense, The - She's All That - Stir of Echoes"
872,"NeverEnding Story, The - Buffy the Vampire Slayer - Godfather: Part II, The"
873,"Life and Times of Hank Greenberg, The - Like Water for Chocolate (Como agua para chocolate) - Line King: Al Hirschfeld, The"
874,Psycho - King Kong - Jaws
875,"As Good As It Gets - Carrie - Taming of the Shrew, The"
876,"X-Files: Fight the Future, The - Arachnophobia - Star Wars: Episode I - The Phantom Menace"
877,Species II - Hellraiser III: Hell on Earth - Jaws 3-D
878,"Deep Blue Sea - Net, The - Barb Wire"
879,"Roman Holiday - My Man Godfrey - Lady Vanishes, The"
880,"Maltese Falcon, The - Double Indemnity - What Ever Happened to Baby Jane?"
881,Lightning Jack - Dr. Strangelove or: How I Learned to Stop Worrying and Love the Bomb - Back to the Future
882,"Armageddon - Lost World: Jurassic Park, The - Spawn"
883,"Patriot, The - U-571 - High Fidelity"
884,Fight Club - Scary Movie - Bram Stoker's Dracula
885,Brazil - Star Trek: The Wrath of Khan - Back to the Future
886,My Dog Skip - Frequency - Space Cowboys
887,Star Wars: Episode I - The Phantom Menace - While You Were Sleeping - I.Q.
888,Twister - Con Air - Air Force One
889,"Untouchables, The - Beautiful Girls - Dead Poets Society"
890,"Dumb & Dumber - Devil's Advocate, The - White Men Can't Jump"
891,Midnight in the Garden of Good and Evil - Lost Highway - Mission: Impossible
892,Raising Arizona - Butch Cassidy and the Sundance Kid - Groundhog Day
893,"Scary Movie - Cell, The - What Lies Beneath"
894,Raising Arizona - Bull Durham - Indiana Jones and the Last Crusade
895,Emma - Dogma - To Die For
896,Gossip - Space Cowboys - Scary Movie
897,Big Trouble in Little China - Erin Brockovich - Remember the Titans
898,Animal House - Star Wars: Episode IV - A New Hope
899,"Ice Storm, The - Grifters, The - Searching for Bobby Fischer"
900,"Shakespeare in Love - Run Lola Run (Lola rennt) - Sixth Sense, The"
901,Voyage to the Bottom of the Sea - Grumpier Old Men - Magnolia
902,"Poseidon Adventure, The - On the Town"
903,"Pacific Heights - Poseidon Adventure, The - Pushing Tin"
904,"Simple Plan, A - Red Rock West - Basic Instinct"
905,"Sweet Hereafter, The - Good Will Hunting - Eat Drink Man Woman"
906,Jawbreaker - Cruel Intentions
907,"Bridge on the River Kwai, The - Great Escape, The"
908,Gremlins - Interview with the Vampire - Freddy's Dead: The Final Nightmare
909,"Jurassic Park - Brothers McMullen, The - Rocky Horror Picture Show, The"
910,West Side Story - Cat Ballou - Irma la Douce
911,"Day the Earth Stood Still, The - High Noon - Faces"
912,Willy Wonka and the Chocolate Factory - Time Bandits - Excalibur
913,"Christmas Story, A - Batman Returns - Batman"
914,Star Wars: Episode IV - A New Hope - American Beauty - Rebecca
915,Single White Female - Arachnophobia - Deep Impact
916,"Abyss, The - Big Chill, The - E.T. the Extra-Terrestrial"
917,Mission: Impossible 2 - Gone in 60 Seconds - Shaft
918,"First Wives Club, The - Muppet Treasure Island - That Darn Cat!"
919,"Gods Must Be Crazy, The - Trading Places - Ruthless People"
920,Star Trek: First Contact - Dances with Wolves - Stargate
921,Romancing the Stone - Little Shop of Horrors - Back to the Future Part II
922,"Last Temptation of Christ, The - Glory - Lolita"
923,Four Weddings and a Funeral - Bowfinger - As Good As It Gets
924,"Leaving Las Vegas - Graduate, The - Manhattan"
925,Jerry Maguire - Sabrina - Sliding Doors
926,Wild Wild West - Who Framed Roger Rabbit? - Singin' in the Rain
927,"Out of Sight - Object of My Affection, The - Singles"
928,Magnolia - Moonstruck - Mighty Aphrodite
929,"Scrooged - Brady Bunch Movie, The - 'burbs, The"
930,Who Framed Roger Rabbit? - Paradise Lost: The Child Murders at Robin Hood Hills - Jurassic Park
931,"Room with a View, A - Edward Scissorhands - Shop Around the Corner, The"
932,GoodFellas - Like Water for Chocolate (Como agua para chocolate)
933,"Star Trek: First Contact - Odd Couple II, The - Lion King, The"
934,Weekend at Bernie's - Nothing in Common - Bachelor Party
935,"Gone in 60 Seconds - Effect of Gamma Rays on Man-in-the-Moon Marigolds, The - Five Easy Pieces"
936,Misery - Seven (Se7en) - Deep Impact
937,"Batman Returns - Donnie Brasco - Joy Luck Club, The"
938,"Patriot, The - Mission: Impossible - Any Given Sunday"
939,"When Harry Met Sally... - Blues Brothers, The - Thing, The"
940,"House on Haunted Hill, The - Instinct - Man on the Moon"
941,"Battlefield Earth - Astronaut's Wife, The - Being John Malkovich"
942,Shine - Grosse Pointe Blank
943,"Red Violin, The (Le Violon rouge) - Steel Magnolias - Sixth Sense, The"
944,Velvet Goldmine - eXistenZ - X-Men
945,"Natural, The - Hoosiers - American Pie"
946,"Godfather: Part II, The - Double Indemnity - Rear Window"
947,"Jewel of the Nile, The - Peggy Sue Got Married"
948,"Crumb - GoodFellas - Simple Plan, A"
949,Mars Attacks! - Last Action Hero - Mercury Rising
950,"Virus - Astronaut's Wife, The - Wild Wild West"
951,Bambi - Toy Story
952,Chungking Express - Glengarry Glen Ross - Apollo 13
953,Full Metal Jacket - Platoon - 42 Up
954,Who Framed Roger Rabbit? - Dogma - Starman
955,2001: A Space Odyssey - Dead Again - Blue Velvet
956,"Holiday Inn - James and the Giant Peach - Lion King, The"
957,"Gandhi - Matrix, The - Toy Story"
958,Get Bruce - Experience Preferred... But Not Essential - Raise the Red Lantern
959,"Three Kings - Operation Dumbo Drop - Thin Red Line, The"
960,"Nutty Professor, The - Payback - Mask, The"
961,"Being John Malkovich - Bachelor, The - Battlefield Earth"
962,"Rock, The - Red Rock West - Crimson Tide"
963,Gandhi - Three Colors: Blue - Dead Poets Society
964,Emma - Pretty Woman - Romy and Michele's High School Reunion
965,Chinatown - Casablanca - Rear Window
966,As Good As It Gets - Playing by Heart - Blue Sky
967,Ace Ventura: Pet Detective - Sleepless in Seattle - Can't Hardly Wait
968,Sweet and Lowdown - Citizen Ruth - Happiness
969,L.A. Confidential - Kolya - All About My Mother (Todo Sobre Mi Madre)
970,"Life Less Ordinary, A - Perfect Murder, A - City Hall"
971,"Indiana Jones and the Last Crusade - Highlander - Adventures of Buckaroo Bonzai Across the 8th Dimension, The"
972,"Grumpy Old Men - Fly, The - Legends of the Fall"
973,Forrest Gump - Midnight in the Garden of Good and Evil - Scent of a Woman
974,Grosse Fatigue - Annie Hall - Crimes and Misdemeanors
975,"Name of the Rose, The - JFK - Basic Instinct"
976,Stir of Echoes - Stigmata - Rushmore
977,"Nightmare on Elm Street, A - Howling, The - Gremlins"
978,Ghostbusters - Monkey Shines - Run Lola Run (Lola rennt)
979,"Dirty Dozen, The - Witness - Space Cowboys"
980,Men in Black - Indiana Jones and the Temple of Doom - Tomorrow Never Dies
981,"Matrix, The - Pi - Mystery Science Theater 3000: The Movie"
982,Splash - Dave - Ever After: A Cinderella Story
983,Predator - Star Trek: The Wrath of Khan - Back to the Future
984,"Philadelphia Story, The - Mighty Joe Young - For Whom the Bell Tolls"
985,"X-Files: Fight the Future, The - Big Lebowski, The - Wild Things"
986,Girlfight - Beautiful
987,Trekkies - American Beauty - Brassed Off
988,"Titanic - Apollo 13 - Matrix, The"
989,"Third Man, The - Invasion of the Body Snatchers - Wallace & Gromit: The Best of Aardman Animation"
990,"Bottle Rocket - Happy Gilmore - Commitments, The"
991,"Dirty Dancing - St. Elmo's Fire - Little Mermaid, The"
992,American Beauty - American Buffalo - American Movie
993,Star Wars: Episode IV - A New Hope - Nikita (La Femme Nikita) - Scent of a Woman
994,"Thelma & Louise - Mariachi, El - Ronin"
995,Addicted to Love - First Knight - Can't Hardly Wait
996,Lone Star - Jerry Maguire - Boogie Nights
997,"Jurassic Park - Ronin - Abyss, The"
998,"Madness of King George, The - In the Name of the Father - Nobody's Fool"
999,"Craft, The - Volcano - Murder in the First"
1000,"Little Mermaid, The - Aladdin - Peter Pan"
1001,"Jack Frost - Mighty, The - Negotiator, The"
1002,When Harry Met Sally... - Roger & Me - Do the Right Thing
1003,Monty Python and the Holy Grail - GoodFellas - Annie Hall
1004,Police Academy - Austin Powers: The Spy Who Shagged Me - Private Benjamin
1005,Roger & Me - Koyaanisqatsi - Almost Famous
1006,Being John Malkovich - There's Something About Mary - Swingers
1007,Police Academy - Airplane II: The Sequel - Desperately Seeking Susan
1008,"Fish Called Wanda, A - Little Big Man - Blazing Saddles"
1009,All About My Mother (Todo Sobre Mi Madre) - Aliens - Amadeus
1010,"Contender, The - Cider House Rules, The - In the Company of Men"
1011,"20,000 Leagues Under the Sea - Splash - Star Wars: Episode I - The Phantom Menace"
1012,Glory - E.T. the Extra-Terrestrial - Gandhi
1013,Stuart Little - Daddy Long Legs - Ruthless People
1014,"Wizard of Oz, The - King and I, The - Toy Story"
1015,And the Ship Sails On (E la nave va) - Hamlet - Raging Bull
1016,Entrapment - Interview with the Vampire - I.Q.
1017,Fright Night Part II - Swamp Thing - Puppet Master II
1018,Bull Durham - Dead Poets Society - Never Cry Wolf
1019,Titanic - Mrs. Parker and the Vicious Circle - American Buffalo
1020,"Exorcist, The - On the Waterfront - Almost Famous"
1021,"African Queen, The - Dr. Strangelove or: How I Learned to Stop Worrying and Love the Bomb - Schindler's List"
1022,Magnolia - Sleepers - To Sir with Love
1023,"Antz - Antonia's Line (Antonia) - Apartment, The"
1024,"Marty - Wings of the Dove, The - Goodbye Girl, The"
1025,"Phantasm - South Park: Bigger, Longer and Uncut - Stigmata"
1026,"Virgin Suicides, The - Sunshine - Girl on the Bridge, The (La Fille sur le Pont)"
1027,Apocalypse Now - One Flew Over the Cuckoo's Nest - Raging Bull
1028,"Man for All Seasons, A - Player, The - 12 Angry Men"
1029,Vacation - Christmas Vacation - Dead Men Don't Wear Plaid
1030,Dante's Peak - Johnny Mnemonic - Spawn
1031,"Twelve Monkeys - Clockwork Orange, A - 2001: A Space Odyssey"
1032,What Dreams May Come - Bean - Free Willy 3: The Rescue
1033,"Lifeboat - Crimson Tide - Thin Red Line, The"
1034,Duel in the Sun - Wings - Who Framed Roger Rabbit?
1035,Higher Learning - Buffalo 66 - Kalifornia
1036,"African Queen, The - Serpico - 12 Angry Men"
1037,Rules of Engagement - Nutty Professor II: The Klumps - Big Momma's House
1038,"Rebel Without a Cause - Fly Away Home - Color Purple, The"
1039,"Ghostbusters - Haunting, The - House on Haunted Hill, The"
1040,"Towering Inferno, The - Rocky II - Jaws 2"
1041,Kolya - Wonderland - American Beauty
1042,"Legend - NeverEnding Story II: The Next Chapter, The - Teenage Mutant Ninja Turtles III"
1043,"Simple Plan, A - Heat - Once Upon a Time in America"
1044,Romancing the Stone - Ladyhawke - Little Shop of Horrors
1045,Sabrina - Notting Hill - Matilda
1046,Mister Roberts - Funny Face - Roman Holiday
1047,Johnny Mnemonic - Deep Blue Sea - Saving Private Ryan
1048,"Clerks - Sixth Sense, The - Boys Don't Cry"
1049,"Saving Private Ryan - New Age, The - Big Night"
1050,Cape Fear - Seven (Se7en) - Sling Blade
1051,"Thirteenth Floor, The - Extreme Measures - Waking the Dead"
1052,"Room with a View, A - Dangerous Liaisons - Sense and Sensibility"
1053,"Blade - Negotiator, The - Flying Tigers"
1054,"Jungle2Jungle (a.k.a. Jungle 2 Jungle) - Beautician and the Beast, The - Little Rascals, The"
1055,Crimes and Misdemeanors - Airplane! - Toy Story
1056,Pet Sematary II - Friday the 13th Part VI: Jason Lives - Father of the Bride
1057,"Black Cauldron, The - Bug's Life, A - Tarzan"
1058,"Office Space - Secret of Roan Inish, The - Mosquito Coast, The"
1059,"Birds, The - Rosemary's Baby - Poltergeist"
1060,"Perfect Storm, The - Next Friday - Nutty Professor II: The Klumps"
1061,"Lord of the Rings, The - First Knight - Hoosiers"
1062,My Dog Skip - Sweet and Lowdown - Cocoon
1063,"City of Lost Children, The - Being John Malkovich - X-Men"
1064,"Reindeer Games - Three Kings - Negotiator, The"
1065,"Practical Magic - Object of My Affection, The - Notting Hill"
1066,"Meet Joe Black - Prince of Tides, The - True Lies"
1067,Dark City - Galaxy Quest - Mad Max
1068,"Sgt. Bilko - Drive Me Crazy - Road to Wellville, The"
1069,Mary Shelley's Frankenstein - Kiss the Girls - Marked for Death
1070,"Any Given Sunday - Waterboy, The"
1071,"Hope Floats - Mummy, The - Dirty Dancing"
1072,"Die Hard - Awakenings - Crying Game, The"
1073,"Inherit the Wind - Little Princess, A - Wizard of Oz, The"
1074,"Thomas Crown Affair, The - Tomorrow Never Dies - Cocoon"
1075,Crumb - On the Waterfront - American Movie
1076,"Austin Powers: International Man of Mystery - Wedding Singer, The - Austin Powers: The Spy Who Shagged Me"
1077,"Elizabeth - Dr. No - Birds, The"
1078,"Firm, The - Ransom - FairyTale: A True Story"
1079,"Cape Fear - Speed - Green Mile, The"
1080,"Man for All Seasons, A - Manchurian Candidate, The - Man with the Golden Arm, The"
1081,"Do the Right Thing - Professional, The (a.k.a. Leon: The Professional) - Face/Off"
1082,"Patriot, The - Indiana Jones and the Temple of Doom - Poseidon Adventure, The"
1083,Lassie - Flipper - Babe
1084,"Client, The - Double Jeopardy - Forrest Gump"
1085,"Tequila Sunrise - Cinema Paradiso - Parent Trap, The"
1086,"Cable Guy, The - Lost in Space - Rules of Engagement"
1087,"Thunderball - Fried Green Tomatoes - Cradle Will Rock, The"
1088,"Angels and Insects - Band Wagon, The - Armageddon"
1089,"Professional, The (a.k.a. Leon: The Professional) - Bound - Green Mile, The"
1090,"Maltese Falcon, The - Pacific Heights - Shakespeare in Love"
1091,"Air Force One - Negotiator, The - Rock, The"
1092,"Alice in Wonderland - Prince of Egypt, The - Hunchback of Notre Dame, The"
1093,Die Hard: With a Vengeance - Enemy of the State - Patriot Games
1094,"Aliens - Abyss, The - Davy Crockett, King of the Wild Frontier"
1095,"Like Water for Chocolate (Como agua para chocolate) - Driving Miss Daisy - Cry in the Dark, A"
1096,Toys - Ace Ventura: When Nature Calls - Batman & Robin
1097,Maverick - Mercury Rising - Drop Zone
1098,"Dog Day Afternoon - French Connection, The - Conversation, The"
1099,Hot Shots! Part Deux - Cliffhanger - Outbreak
1100,"Kissing a Fool - Tank Girl - Cowboy Way, The"
1101,"Bone Collector, The - Mrs. Doubtfire - Cruel Intentions"
1102,Dances with Wolves - Amistad - Apocalypse Now
1103,"Misery - Jaws - Birds, The"
1104,Richard III - Election - Shakespeare in Love
1105,"Cape Fear - Ransom - Talented Mr. Ripley, The"
1106,Cocoon - Star Trek IV: The Voyage Home - Tron
1107,Waiting to Exhale - There's Something About Mary - That Thing You Do!
1108,"Hellraiser - Creature From the Black Lagoon, The - Legends of the Fall"
1109,Wild America - Super Mario Bros. - Superman IV: The Quest for Peace
1110,"Secret of Roan Inish, The - Snow Falling on Cedars - Sixth Sense, The"
1111,Alaska - All About Eve - All Dogs Go to Heaven 2
1112,"Thousand Acres, A - Thomas Crown Affair, The - Three Colors: White"
1113,Jules and Jim (Jules et Jim) - When We Were Kings - Fatal Attraction
1114,"Quiet Man, The - Keeping the Faith - Cyrano de Bergerac"
1115,"Star Wars: Episode V - The Empire Strikes Back - Cool Hand Luke - Shawshank Redemption, The"
1116,Stranger Than Paradise - Sixteen Candles - Brighton Beach Memoirs
1117,Dances with Wolves - Ghost in the Shell (Kokaku kidotai) - In the Company of Men
1118,"Rudy - Rules of Engagement - Nightmare Before Christmas, The"
1119,"Fisher King, The - Shane - Dances with Wolves"
1120,Best in Show - Ladyhawke - Bull Durham
1121,Love and Basketball - Out of Sight - Stanley & Iris
1122,Congo - Saturn 3 - Judge Dredd
1123,Young Guns II - Bad Girls - Tombstone
1124,Bull Durham - Back to the Future - All That Jazz
1125,"Prom Night III: The Last Kiss - Only You - Object of My Affection, The"
1126,"Apostle, The - Mighty, The"
1127,From Dusk Till Dawn - She's So Lovely - Airplane II: The Sequel
1128,"Rocky III - Volunteers - Nightmare on Elm Street 3: Dream Warriors, A"
1129,Four Weddings and a Funeral - Stripes - Bull Durham
1130,"Rocky - Star Trek: The Wrath of Khan - Longest Day, The"
1131,Star Wars: Episode V - The Empire Strikes Back - Rain Man - In the Company of Men
1132,"Universal Soldier - Net, The - Judge Dredd"
1133,Cliffhanger - Sister Act - Lethal Weapon 4
1134,"Lord of the Rings, The - Jewel of the Nile, The - Batman Returns"
1135,"Rocketeer, The - Lawnmower Man, The - Free Enterprise"
1136,"Face/Off - Tomorrow Never Dies - Firm, The"
1137,"Purple Rose of Cairo, The - Muppet Christmas Carol, The - Edward Scissorhands"
1138,"Big Momma's House - Piano, The - Life Is Beautiful (La Vita è bella)"
1139,"Horse Whisperer, The - River Wild, The - Arachnophobia"
1140,"Return of the Fly - Mole People, The - Giant Gila Monster, The"
1141,"Toy Story - Winslow Boy, The - Ferris Bueller's Day Off"
1142,What Lies Beneath - What Dreams May Come - Back to the Future
1143,"Doctor Zhivago - Odd Couple, The - Sound of Music, The"
1144,"Brothers McMullen, The - Jurassic Park"
1145,"Groundhog Day - Schindler's List - Secret of Roan Inish, The"
1146,Mercury Rising - Desperate Measures - Sphere
1147,"Jules and Jim (Jules et Jim) - Last Picture Show, The - Crumb"
1148,Bachelor Party - Fear of a Black Hat - Willy Wonka and the Chocolate Factory
1149,"Jewel of the Nile, The - Running Man, The - Conan the Barbarian"
1150,"Grand Hotel - Year of Living Dangerously - Eyes of Tammy Faye, The"
1151,Star Trek V: The Final Frontier - Action Jackson - Robocop
1152,Deep Blue Sea - Fantasia 2000 - Fight Club
1153,"Talented Mr. Ripley, The - Superstar - Toy Story 2"
1154,"2001: A Space Odyssey - 13th Warrior, The"
1155,"Dazed and Confused - There's Something About Mary - Usual Suspects, The"
1156,"Practical Magic - French Kiss - Beautician and the Beast, The"
1157,"Terminator 2: Judgment Day - Last of the Mohicans, The"
1158,"Aladdin - Pocahontas - Prince of Egypt, The"
1159,"Barb Wire - Lost in Space - Arrival, The"
1160,"Stigmata - Sixth Sense, The - Talented Mr. Ripley, The"
1161,Raiders of the Lost Ark - Near Dark - Rear Window
1162,"X-Files: Fight the Future, The - Air Force One - Rock, The"
1163,American Psycho - Nutty Professor II: The Klumps - What Lies Beneath
1164,"Basquiat - Horseman on the Roof, The (Hussard sur le toit, Le) - Music of the Heart"
1165,"Muppets Take Manhattan, The - Santa Clause, The - Interview with the Vampire"
1166,Jurassic Park - Men in Black - U-571
1167,"My Cousin Vinny - Much Ado About Nothing - League of Their Own, A"
1168,"Red Violin, The (Le Violon rouge) - Ulee's Gold - Sling Blade"
1169,Batman Forever - Abbott and Costello Meet Frankenstein - City Slickers II: The Legend of Curly's Gold
1170,"Bowfinger - Bell, Book and Candle - Clerks"
1171,"Mission: Impossible 2 - Road to El Dorado, The - Nutty Professor II: The Klumps"
1172,Dirty Dancing - Grease - Blue Velvet
1173,"Siege, The - Breakdown - Speed"
1174,"Skulls, The - Best in Show"
1175,Forces of Nature - Message in a Bottle - Speechless
1176,"Room with a View, A - Amadeus - Stalag 17"
1177,Babe - Bound - Pulp Fiction
1178,"Murder at 1600 - Searchers, The - Unforgiven"
1179,"Longest Day, The - Backdraft - F/X"
1180,"Searchers, The - 12 Angry Men - M*A*S*H"
1181,It Could Happen to You - Stardust Memories - Cobb
1182,American History X - Patton - Bonnie and Clyde
1183,"Invisible Man, The - Terminator, The - Sleeper"
1184,"Cable Guy, The - Pushing Tin - Ghostbusters II"
1185,Back to the Future - Back to the Future Part III - Back to School
1186,"It Happened One Night - 39 Steps, The - Shadow of a Doubt"
1187,City of Angels - Independence Day (ID4) - 10 Things I Hate About You
1188,"Ben-Hur - Star Trek: The Wrath of Khan - Patriot, The"
1189,When Harry Met Sally... - Walking and Talking
1190,"Jurassic Park - Princess Mononoke, The (Mononoke Hime) - Star Trek: First Contact"
1191,Run Lola Run (Lola rennt) - Roman Holiday - Broadcast News
1192,Babe - Election - Shakespeare in Love
1193,Fools Rush In - Forces of Nature - White Men Can't Jump
1194,"Gold Diggers: The Secret of Bear Mountain - Six Days Seven Nights - City of Lost Children, The"
1195,Halloween 4: The Return of Michael Myers - Children of the Corn - Pumpkinhead
1196,Jaws - Of Mice and Men - Madeline
1197,"Lock, Stock & Two Smoking Barrels - Fargo"
1198,Demolition Man - Forrest Gump - Star Wars: Episode IV - A New Hope
1199,Stripes - Chariots of Fire - My Favorite Year
1200,"Boiler Room - Clerks - Communion (a.k.a. Alice, Sweet Alice/Holy Terror)"
1201,"E.T. the Extra-Terrestrial - Dark Crystal, The - Beetlejuice"
1202,"Rear Window - Robocop 2 - Simple Plan, A"
1203,"Virus - Island of Dr. Moreau, The - Barb Wire"
1204,"Black Cauldron, The - Grumpy Old Men - Airplane II: The Sequel"
1205,Cold Comfort Farm - Little Voice - Dave
1206,"Johnny Mnemonic - Species - Fly II, The"
1207,"Shining, The - Re-Animator - Evil Dead II (Dead By Dawn)"
1208,"Jurassic Park - Cup, The (Phörpa) - Jesus' Son"
1209,Dirty Dancing - Back to the Future Part II - Creepshow
1210,Goldfinger - Glory - Jaws
1211,Dracula - Star Wars: Episode IV - A New Hope - Time Bandits
1212,Sister Act - Midnight in the Garden of Good and Evil - Rounders
1213,"Sixth Sense, The - Bringing Up Baby"
1214,Bedknobs and Broomsticks - Benji - Star Trek: The Motion Picture
1215,"13th Warrior, The - Terminator 2: Judgment Day - Mad Max 2 (a.k.a. The Road Warrior)"
1216,Mystery Men - Star Trek: Generations - Top Gun
1217,"Life Is Beautiful (La Vita è bella) - Money Pit, The - Chicken Run"
1218,"Muppet Christmas Carol, The - Little Women - American Beauty"
1219,"Mortal Kombat - Glimmer Man, The - Escape from L.A."
1220,George of the Jungle - Grumpier Old Men - Mr. Magoo
1221,"Harry and the Hendersons - First Wives Club, The - Man Who Knew Too Little, The"
1222,"Priest - Prince of Egypt, The - Shakespeare in Love"
1223,"Grumpy Old Men - Nightmare Before Christmas, The - Titan A.E."
1224,"Men in Black - Prisoner of the Mountains (Kavkazsky Plennik) - Civil Action, A"
1225,Home Alone 3 - Home Alone - Airplane!
1226,"Tigerland - Cell, The"
1227,Fight Club - Pleasantville - Clerks
1228,"Hackers - Double Jeopardy - Lost World: Jurassic Park, The"
1229,"Straight Story, The - Silence of the Lambs, The - Boat, The (Das Boot)"
1230,"Shining, The - Nosferatu (Nosferatu, eine Symphonie des Grauens) - Scream"
1231,"City of Angels - Civil Action, A - Clockwatchers"
1232,Harvey - Superstar - Hairspray
1233,"Matrix, The - Day the Earth Stood Still, The - Akira"
1234,American Beauty - Terminator 2: Judgment Day
1235,Great Expectations - Reality Bites - Patch Adams
1236,Top Gun - Aliens
1237,Rocky IV - Rocky II - Wild Things
1238,"Ride with the Devil - South Park: Bigger, Longer and Uncut - Tender Mercies"
1239,Gods and Monsters - Four Weddings and a Funeral - Clueless
1240,"Boiler Room - Perfect Storm, The - Sunshine"
1241,Airplane! - Ferris Bueller's Day Off - Say Anything...
1242,On the Ropes - Orlando - Paris Is Burning
1243,Erin Brockovich - Almost Famous - Platoon
1244,Jumpin' Jack Flash - Money Train - Wild Wild West
1245,Ghost in the Shell (Kokaku kidotai) - Time Bandits - Predator
1246,Casablanca - Requiem for a Dream - Waking Ned Devine
1247,Flying Tigers - Chicken Run - Pitch Black
1248,"Conversation, The - Blue Velvet - Lone Star"
1249,Planet of the Apes - Starman
1250,Being John Malkovich - eXistenZ
1251,She's All That - Rushmore - Shakespeare in Love
1252,"Hard 8 (a.k.a. Sydney, a.k.a. Hard Eight) - Requiem for a Dream - Up at the Villa"
1253,"Fisher King, The - Pleasantville - Opposite of Sex, The"
1254,"Never Been Kissed - Great Expectations - Prince of Tides, The"
1255,Practical Magic - Deep Impact - Down in the Delta
1256,"French Connection, The - 2001: A Space Odyssey - Manchurian Candidate, The"
1257,"Superman III - Twister - Karate Kid, Part II, The"
1258,"Once Were Warriors - Fargo - Grifters, The"
1259,"Nightmare on Elm Street 3: Dream Warriors, A - Mad Max 2 (a.k.a. The Road Warrior) - 2001: A Space Odyssey"
1260,Private Parts - Phenomenon - Little Odessa
1261,Edward Scissorhands - Terminator 2: Judgment Day - Arsenic and Old Lace
1262,"Frequency - U-571 - Patriot, The"
1263,"Mickey Blue Eyes - Out-of-Towners, The - Mystery Men"
1264,"Rain Man - Last Temptation of Christ, The - Magnolia"
1265,"Species II - Star Kid - Kid in King Arthur's Court, A"
1266,Jaws 2 - Rocky III - Blame It on Rio
1267,Sleepers - Dick Tracy - Shaft
1268,As Good As It Gets - Being John Malkovich - City Hall
1269,"Out of Africa - Shakespeare in Love - Secret of Roan Inish, The"
1270,Pitch Black - Supernova - Battlefield Earth
1271,"Boogie Nights - Sound of Music, The - Airplane!"
1272,"Lord of the Rings, The - Perfect Storm, The - Flight of the Navigator"
1273,"Splash - Victor/Victoria - Quiet Man, The"
1274,"My Man Godfrey - Three Days of the Condor - Apostle, The"
1275,"All Quiet on the Western Front - Last Emperor, The - From Here to Eternity"
1276,Citizen Ruth - Midnight Run - Twelfth Night
1277,"Haunting, The - Castle Freak - Children of the Corn"
1278,"Freeway - Spanish Prisoner, The - Airplane!"
1279,"Babe - Green Mile, The - Sweet Hereafter, The"
1280,"Never Been Kissed - Patriot, The - Romy and Michele's High School Reunion"
1281,"Virgin Suicides, The - Contender, The - Gigi"
1282,Babe - Life Is Beautiful (La Vita è bella)
1283,Toy Story - Snow White and the Seven Dwarfs - Mulan
1284,Sleepers - Menace II Society - Grand Canyon
1285,Three Days of the Condor - Seven Beauties (Pasqualino Settebellezze) - Dog Day Afternoon
1286,"Hang 'em High - Searchers, The - Shane"
1287,"Pitch Black - Cell, The - Road Trip"
1288,"Leaving Las Vegas - Contact - Wings of the Dove, The"
1289,12 Angry Men - Pulp Fiction - Fargo
1290,"Odd Couple, The - Nightmare Before Christmas, The - Legends of the Fall"
1291,Reds - What Happened Was... - Judy Berlin
1292,"Cell, The - High Fidelity - Magnolia"
1293,Office Space - So I Married an Axe Murderer - Bulworth
1294,Pollyanna - Something for Everyone - So I Married an Axe Murderer
1295,Time Code - Wonder Boys - Love and Basketball
1296,"Truman Show, The - End of the Affair, The - Raiders of the Lost Ark"
1297,"Endless Summer 2, The - Third Man, The - Chinatown"
1298,This Is Spinal Tap - Three Kings - Thunderball
1299,"Fugitive, The - Midnight Run - Shanghai Noon"
1300,Romy and Michele's High School Reunion - Rushmore - Run Lola Run (Lola rennt)
1301,"Willy Wonka and the Chocolate Factory - Fantasia - Jungle Book, The"
1302,"Species - Soldier - Fifth Element, The"
1303,Gladiator - Romy and Michele's High School Reunion - Lawrence of Arabia
1304,L.A. Confidential - JFK - Time Bandits
1305,"Eyes of Tammy Faye, The - Roger & Me"
1306,Remember the Titans - In the Company of Men - Empire Records
1307,"African Queen, The - Die Hard"
1308,Erin Brockovich - X-Men - Meet the Parents
1309,Reindeer Games - Road Trip
1310,"Right Stuff, The - Broadcast News"
1311,"Godfather, The - GoodFellas - Professional, The (a.k.a. Leon: The Professional)"
1312,Coneheads - Superman III - Mission to Mars
1313,"Remember the Titans - Patriot, The - Scream 3"
1314,Ghostbusters II - Homeward Bound: The Incredible Journey - FairyTale: A True Story
1315,"Streetcar Named Desire, A - Graduate, The - Wizard of Oz, The"
1316,"Shakespeare in Love - Bank Dick, The - Airplane!"
1317,"Three Kings - Ice Storm, The - Misery"
1318,"Patriot, The - Rules of Engagement"
1319,"Airplane! - American Beauty - Story of Us, The"
1320,North by Northwest - Rear Window - Chinatown
1321,"Crimes of the Heart - View to a Kill, A - Runaway Train"
1322,"They Shoot Horses, Don't They? - Elizabeth - Raise the Red Lantern"
1323,"Singin' in the Rain - Born Yesterday - Seventh Seal, The (Sjunde inseglet, Det)"
1324,"Clockwork Orange, A - Terminator, The - Manchurian Candidate, The"
1325,Cabaret - West Side Story - Top Hat
1326,"Red Violin, The (Le Violon rouge) - Smoke Signals - Four Weddings and a Funeral"
1327,"Hunchback of Notre Dame, The - Beauty and the Beast - Nightmare Before Christmas, The"
1328,Someone to Watch Over Me - Lethal Weapon 4 - Deep Impact
1329,Showgirls - Glory - Field of Dreams
1330,Butch Cassidy and the Sundance Kid - Unforgiven - Dances with Wolves
1331,"Green Mile, The - October Sky - Postino, Il (The Postman)"
1332,Clerks - Grosse Pointe Blank - Stand by Me
1333,Canadian Bacon - G.I. Jane - Renaissance Man
1334,"Diner - Erin Brockovich - General's Daughter, The"
1335,"To Kill a Mockingbird - Bonnie and Clyde - Graduate, The"
1336,Reservoir Dogs - Fargo
1337,"So Dear to My Heart - Hunchback of Notre Dame, The - Muppets Take Manhattan, The"
1338,"Exorcist, The - Nikita (La Femme Nikita) - Donnie Brasco"
1339,"Meatballs Part II - Professional, The (a.k.a. Leon: The Professional) - Shawshank Redemption, The"
1340,"Trigger Effect, The - Funny Farm - Waiting to Exhale"
1341,"Bats - Graveyard Shift - Slumber Party Massacre III, The"
1342,"Army of Darkness - Long Kiss Goodnight, The - Crow, The"
1343,"Invisible Man, The - Brazil - Total Recall"
1344,"Peter Pan - Mask, The - Big"
1345,"Terminator 2: Judgment Day - Night of the Living Dead - Matrix, The"
1346,"Mission: Impossible 2 - Shaft - Birds, The"
1347,"Afterglow - Benny & Joon - Wedding Singer, The"
1348,Willy Wonka and the Chocolate Factory - George of the Jungle - Casablanca
1349,"Braveheart - Mad Max - Fugitive, The"
1350,Monty Python's Life of Brian - Shall We Dance? (Shall We Dansu?) - This Is Spinal Tap
1351,Ferris Bueller's Day Off - Freaky Friday
1352,"Saltmen of Tibet, The - Brassed Off - Julien Donkey-Boy"
1353,"Producers, The - Princess Bride, The - Cool Hand Luke"
1354,Basquiat - He Got Game - Topsy-Turvy
1355,"Groundhog Day - American in Paris, An - Notorious"
1356,"Chasing Amy - Gods and Monsters - Truman Show, The"
1357,"Pumpkinhead - Virus - Final Conflict, The (a.k.a. Omen III: The Final Conflict)"
1358,"Hot Shots! Part Deux - Chain Reaction - Saint, The"
1359,"Superman - King Kong - Lord of the Rings, The"
1360,Key Largo - Edward Scissorhands - Ghosts of Mississippi
1361,"Fugitive, The - Malcolm X - Saving Private Ryan"
1362,"Jail Bait - Autumn Tale, An (Conte d'automne) - Seven Samurai (The Magnificent Seven) (Shichinin no samurai)"
1363,"Player, The - Roger & Me"
1364,Being John Malkovich - Toy Story 2 - Monty Python and the Holy Grail
1365,"Cat Ballou - Searchers, The - Blazing Saddles"
1366,"Creature From the Black Lagoon, The - Speed 2: Cruise Control - Speed"
1367,Liar Liar - Back to School - Blast from the Past
1368,"Princess Bride, The - Fast Times at Ridgemont High - Sullivan's Travels"
1369,"Apocalypse Now - Killing Fields, The - Bananas"
1370,"Psycho - Prom Night - Professional, The (a.k.a. Leon: The Professional)"
1371,"East-West (Est-ouest) - Return to Me - Affair of Love, An (Une Liaison Pornographique)"
1372,"Ghost and the Darkness, The - Starship Troopers - From Dusk Till Dawn"
1373,"Abyss, The - Star Wars: Episode I - The Phantom Menace - Night of the Living Dead"
1374,"Room with a View, A - Manhattan - On the Waterfront"
1375,L.A. Story - Titanic - Speed
1376,"Crying Game, The - Edward Scissorhands - Malcolm X"
1377,"13th Warrior, The - Ghost and the Darkness, The - Double Jeopardy"
1378,"Lone Star - Third Man, The - Arsenic and Old Lace"
1379,Waking the Dead - Magnolia - Austin Powers: The Spy Who Shagged Me
1380,"Rescuers Down Under, The - Lord of the Rings, The - Transformers: The Movie, The"
1381,"Pitch Black - Patriot, The - Final Destination"
1382,Hud - All Quiet on the Western Front - Rear Window
1383,Back to the Future Part III - Forces of Nature - Reality Bites
1384,"Cell, The - High Fidelity"
1385,Jurassic Park - Boogie Nights
1386,"Stand by Me - Muppet Movie, The - Boogie Nights"
1387,"Room with a View, A - Broadcast News - Atlantic City"
1388,"Bone Collector, The - Disclosure - X-Files: Fight the Future, The"
1389,King Kong - Pleasantville - Halloween
1390,"Mirror Has Two Faces, The - World Is Not Enough, The - Indecent Proposal"
1391,Crocodile Dundee - Casper - Star Trek: The Motion Picture
1392,"Taxi Driver - Clockwork Orange, A - Three Days of the Condor"
1393,"Misery - Sneakers - Madness of King George, The"
1394,"Rocky Horror Picture Show, The - Pitch Black - Fly II, The"
1395,"Star Trek III: The Search for Spock - Adventures of Buckaroo Bonzai Across the 8th Dimension, The - Arachnophobia"
1396,Mrs. Doubtfire - Willow - Labyrinth
1397,King Kong - Raiders of the Lost Ark - Monty Python and the Holy Grail
1398,2001: A Space Odyssey - In the Heat of the Night - Picnic at Hanging Rock
1399,"Virgin Suicides, The - My Dog Skip - Gone in 60 Seconds"
1400,October Sky - L.A. Confidential - Jerry Maguire
1401,"Player, The - Producers, The - Right Stuff, The"
1402,Chungking Express - What About Bob? - Titanic
1403,Men in Black - Total Recall - Gattaca
1404,Addicted to Love - Queens Logic - Back to the Future Part III
1405,"Manhattan - Player, The - Some Like It Hot"
1406,"Truman Show, The - Jerry Maguire"
1407,Wonder Boys - Ghost Dog: The Way of the Samurai - Gladiator
1408,"Super Mario Bros. - Timecop - Lost World: Jurassic Park, The"
1409,X-Men - Total Recall - Men in Black
1410,All Dogs Go to Heaven 2 - All Dogs Go to Heaven - All the King's Men
1411,"Rushmore - Summer of Sam - Sixth Sense, The"
1412,"Big Daddy - Blair Witch Project, The"
1413,"Third Miracle, The - Girl on the Bridge, The (La Fille sur le Pont) - Raging Bull"
1414,"Maximum Risk - Substitute, The - Sudden Death"
1415,Six Days Seven Nights - Homeward Bound: The Incredible Journey - Paulie
1416,Desperately Seeking Susan - Eyes Wide Shut
1417,"Cell, The - Hollow Man - Adventures of Rocky and Bullwinkle, The"
1418,Teenage Mutant Ninja Turtles II: The Secret of the Ooze - Days of Thunder - Steel
1419,"Next Best Thing, The - Zeus and Roxanne - Where the Heart Is"
1420,"Dirty Dozen, The - Die Hard - Aliens"
1421,"Silence of the Lambs, The - Hard 8 (a.k.a. Sydney, a.k.a. Hard Eight) - Godfather, The"
1422,"Color Purple, The - Witness - Patton"
1423,Drowning Mona - Dancer in the Dark - Gladiator
1424,"Scream 2 - Dark Half, The - Psycho"
1425,American Pimp - As Good As It Gets - Blank Check
1426,Back to the Future Part II - Mad Max - Armageddon
1427,"Peter Pan - Steamboat Willie - Fox and the Hound, The"
1428,"Somewhere in Time - Grumpy Old Men - Brothers McMullen, The"
1429,"Frequency - Sound of Music, The"
1430,Reservoir Dogs - Taxi Driver - Seven Samurai (The Magnificent Seven) (Shichinin no samurai)
1431,"Nightmare Before Christmas, The - Magnolia"
1432,"Thirteenth Floor, The - Thomas Crown Affair, The - Titan A.E."
1433,Batman & Robin - Godzilla - Stop! Or My Mom Will Shoot
1434,"Addams Family Values - Mystery, Alaska - My Cousin Vinny"
1435,Pitch Black - Black and White - Return to Me
1436,"Thomas Crown Affair, The - Talented Mr. Ripley, The - What Lies Beneath"
1437,Mystery Science Theater 3000: The Movie - Rain Man - Eraserhead
1438,"Faculty, The - Fantasia 2000 - End of Days"
1439,Double Indemnity - Sunset Blvd. (a.k.a. Sunset Boulevard) - Touch of Evil
1440,Planet of the Apes - Bound - Braveheart
1441,"While You Were Sleeping - To Wong Foo, Thanks for Everything! Julie Newmar - Houseguest"
1442,Aladdin - Winnie the Pooh and the Blustery Day - Mulan
1443,Bonnie and Clyde - Apocalypse Now - King Kong
1444,Shaft - What Lies Beneath - Final Destination
1445,American Pie - 10 Things I Hate About You - 54
1446,Fargo - Badlands - Nights of Cabiria (Le Notti di Cabiria)
1447,Son of Frankenstein - Bringing Out the Dead - Creepshow
1448,Iron Eagle - Creepshow 2 - Cocoon: The Return
1449,Death Becomes Her - Beverly Hills Ninja - Who's Harry Crumb?
1450,Three to Tango - Gremlins 2: The New Batch - Billy Madison
1451,"When Harry Met Sally... - Secret of Roan Inish, The - Legends of the Fall"
1452,Best in Show - Almost Famous
1453,"Lake Placid - Jack Frost - Iron Giant, The"
1454,"Thin Red Line, The - Devil's Own, The"
1455,"Emma - Walk on the Moon, A - Shine"
1456,Lethal Weapon 3 - Die Hard
1457,Jackie Brown - Cop Land - U-571
1458,"Twelve Monkeys - Little Mermaid, The - Planet of the Apes"
1459,Mumford - Rushmore
1460,High Fidelity - American Psycho - Snow Day
1461,L.A. Confidential - Vertigo - Picnic at Hanging Rock
1462,"James and the Giant Peach - Rocky Horror Picture Show, The - Me Myself I"
1463,"First Knight - Bodyguard, The - Speed 2: Cruise Control"
1464,"Fargo - Abyss, The - First Blood"
1465,"Run Silent, Run Deep - Gigi - Godzilla (Gojira)"
1466,Star Trek: The Motion Picture - Teenage Mutant Ninja Turtles - Shaft
1467,Rushmore - Snow Falling on Cedars - Shakespeare in Love
1468,"Patriot, The - Rocky - Heat"
1469,Butch Cassidy and the Sundance Kid - Monty Python and the Holy Grail - Strictly Ballroom
1470,"Friday the 13th Part VI: Jason Lives - Odd Couple II, The - Patriot Games"
1471,Little Odessa - Terminator 2: Judgment Day - Braveheart
1472,Beetlejuice - Big - E.T. the Extra-Terrestrial
1473,Spartacus - In the Heat of the Night - Hud
1474,"Fifth Element, The - Star Trek IV: The Voyage Home - Predator"
1475,Tomorrow Never Dies - Honeymoon in Vegas - Forrest Gump
1476,"Apocalypse Now - Ponette - Killer, The (Die xue shuang xiong)"
1477,L.A. Confidential - Rear Window - 2001: A Space Odyssey
1478,"English Patient, The - Dogma - Stigmata"
1479,Xiu Xiu: The Sent-Down Girl (Tian yu) - Almost Famous - American Beauty
1480,"Remember the Titans - Meet the Parents - Cell, The"
1481,"Truman Show, The - Apollo 13 - Being John Malkovich"
1482,Summer of Sam - Toy Story 2 - Titan A.E.
1483,"First Knight - Field of Dreams - Fifth Element, The"
1484,"American Buffalo - Brothers McMullen, The - Grand Canyon"
1485,Ferris Bueller's Day Off - Ghostbusters
1486,"Patriot, The - Powder - Pitch Black"
1487,"Frequency - Contender, The - Mission: Impossible 2"
1488,"Godfather, The - Boat, The (Das Boot)"
1489,Go West - Solas - Faust
1490,"View to a Kill, A - Heartbreak Ridge - Moonraker"
1491,"Eve's Bayou - American in Paris, An - Dancer in the Dark"
1492,"Star Trek: Generations - Stargate - World Is Not Enough, The"
1493,Pleasantville - Grosse Pointe Blank
1494,"Nothing But Trouble - English Patient, The - Chariots of Fire"
1495,"Sleeping Beauty - Jumanji - Parent Trap, The"
1496,"Night at the Roxbury, A - Breakfast of Champions - Black Sheep"
1497,"World Is Not Enough, The - Siege, The - Presidio, The"
1498,"Batman - Last Emperor, The - Abyss, The"
1499,"Nightmare Before Christmas, The - October Sky - Truman Show, The"
1500,Best in Show - Creepshow - Chicken Run
1501,"Glass Bottom Boat, The - Richie Rich - Home Alone 2: Lost in New York"
1502,Free Willy - Toys - Down Periscope
1503,"Believers, The - Arlington Road - Top Gun"
1504,Dazed and Confused - Groundhog Day - Election
1505,Year of the Horse - Seven (Se7en) - Shanghai Triad (Yao a yao yao dao waipo qiao)
1506,"Negotiator, The - Indiana Jones and the Temple of Doom - Titanic"
1507,Fantasia - Aladdin - Cinderella
1508,"Rush Hour - Fifth Element, The - Crow, The"
1509,"Lord of the Rings, The - Superman - Flight of the Navigator"
1510,"Grumpier Old Men - Amityville Horror, The - She's the One"
1511,"Who Framed Roger Rabbit? - Phantom of the Opera, The - Stranger Than Paradise"
1512,"From Dusk Till Dawn - Rocky Horror Picture Show, The - Patriot, The"
1513,"Contact - Day the Earth Stood Still, The - Sleeper"
1514,Alien: Resurrection - Back to the Future Part III - Stargate
1515,"Star Wars: Episode V - The Empire Strikes Back - Wizard of Oz, The"
1516,"Misery - Mask, The - Pump Up the Volume"
1517,Elizabeth - Life Is Beautiful (La Vita è bella) - Short Cuts
1518,Star Wars: Episode VI - Return of the Jedi - Terminator 2: Judgment Day
1519,"This Is Spinal Tap - Battleship Potemkin, The (Bronenosets Potyomkin) - Battlefield Earth"
1520,Men in Black - From Dusk Till Dawn
1521,"Absolute Power - Devil's Advocate, The - Basic Instinct"
1522,"Fly, The - Dune - Alien Nation"
1523,"Excalibur - Good, The Bad and The Ugly, The - Speed"
1524,"10 Things I Hate About You - Other Sister, The - Frighteners, The"
1525,Fantasia 2000 - Little Shop of Horrors - Grease
1526,"English Patient, The - Say Anything... - Shall We Dance?"
1527,Beautiful People - Serpico - Saving Private Ryan
1528,Raiders of the Lost Ark - Star Wars: Episode V - The Empire Strikes Back - Die Hard
1529,"Three Musketeers, The - Homeward Bound: The Incredible Journey - Armageddon"
1530,Honeymoon in Vegas - EDtv - Spaceballs
1531,"Airplane II: The Sequel - Hellbound: Hellraiser II - Lost World: Jurassic Park, The"
1532,"Slums of Beverly Hills, The - Dick - Nightmare Before Christmas, The"
1533,"Simply Irresistible - Sixth Sense, The - Thomas Crown Affair, The"
1534,"Breakfast Club, The - Erin Brockovich"
1535,Blazing Saddles - Bananas - Network
1536,"Exorcist, The - Ghostbusters - Rosemary's Baby"
1537,"Reindeer Games - Skulls, The - Eye of the Beholder"
1538,"Howard the Duck - Truman Show, The - Rocky Horror Picture Show, The"
1539,Notorious - Foreign Correspondent - Key Largo
1540,"Snow White and the Seven Dwarfs - Fantasia - Sound of Music, The"
1541,"Young Frankenstein - Producers, The - Blowup"
1542,"Civil Action, A - Doctor Dolittle - Entrapment"
1543,"Risky Business - Breakfast Club, The - Big Chill, The"
1544,Office Space - Mystery Men - Pushing Tin
1545,"Blazing Saddles - Fistful of Dollars, A - Hang 'em High"
1546,"Matrix, The - Opposite of Sex, The - In the Name of the Father"
1547,"My Cousin Vinny - Talented Mr. Ripley, The - Ulee's Gold"
1548,Entrapment - Frequency - Galaxy Quest
1549,Jurassic Park - Friday the 13th Part 3: 3D
1550,GoodFellas - Groundhog Day - Being John Malkovich
1551,"Pather Panchali - E.T. the Extra-Terrestrial - Life and Times of Hank Greenberg, The"
1552,"Back to the Future - Big - Gods Must Be Crazy, The"
1553,Sense and Sensibility - Shakespeare in Love - Office Space
1554,"Terminator, The - Smilla's Sense of Snow - Aliens"
1555,Bull Durham - Papillon - JFK
1556,"High Noon - Hamlet - Apartment, The"
1557,"Midsummer Night's Dream, A - Indian in the Cupboard, The - Jumanji"
1558,"Star Wars: Episode VI - Return of the Jedi - Hurricane, The - Hunt for Red October, The"
1559,"Singin' in the Rain - Umbrellas of Cherbourg, The (Parapluies de Cherbourg, Les) - Cabaret"
1560,"Baby Geniuses - Autumn in New York - Bachelor, The"
1561,"Time to Kill, A - Way We Were, The - Girl, Interrupted"
1562,"Halloween: H20 - Exorcist III, The - Freddy's Dead: The Final Nightmare"
1563,"Sound of Music, The - Nightmare Before Christmas, The - James and the Giant Peach"
1564,Last Action Hero - Freejack - Dante's Peak
1565,"Waking Ned Devine - Metropolitan - Mask, The"
1566,"Longest Day, The - Patton"
1567,"Gentleman's Agreement - 12 Angry Men - Blue Angel, The (Blaue Engel, Der)"
1568,Ferris Bueller's Day Off - My Fair Lady - As Good As It Gets
1569,"Sling Blade - Bridge on the River Kwai, The - Matewan"
1570,Sunset Blvd. (a.k.a. Sunset Boulevard) - Blade Runner - Notorious
1571,"Green Mile, The - In the Line of Fire - Game, The"
1572,"Sixth Sense, The - Scream 3 - Story of Us, The"
1573,Screwed - Isn't She Great? - Nutty Professor II: The Klumps
1574,"Gulliver's Travels - Who Framed Roger Rabbit? - Little Mermaid, The"
1575,"Untouchables, The - Indiana Jones and the Last Crusade - Matrix, The"
1576,Return to Me - Prizzi's Honor - Benny & Joon
1577,Sliding Doors - Tampopo - Amadeus
1578,Goldfinger - Full Metal Jacket - Rocky
1579,Doctor Zhivago - Nurse Betty - Stop! Or My Mom Will Shoot
1580,"Philadelphia Story, The - My Fair Lady - Groundhog Day"
1581,Austin Powers: The Spy Who Shagged Me - Boys Don't Cry - Big Daddy
1582,"Baby Geniuses - Bone Collector, The"
1583,"Superstar - Tender Mercies - Thomas Crown Affair, The"
1584,Chuck & Buck - Road Trip - Battlefield Earth
1585,Bull Durham - Ferris Bueller's Day Off - Airplane!
1586,"Little Shop of Horrors - Jungle Book, The - Dumbo"
1587,"Barbarella - Stepford Wives, The - Mimic"
1588,"Naked Gun: From the Files of Police Squad!, The - Beetlejuice - Rushmore"
1589,"Airplane II: The Sequel - Amityville Horror, The - From Dusk Till Dawn"
1590,"Fish Called Wanda, A - Rain Man - Little Mermaid, The"
1591,"Mask of Zorro, The - Maverick - Star Trek: Generations"
1592,Parenthood - High Fidelity - Risky Business
1593,"X-Men - Perfect Storm, The - Patriot, The"
1594,"Repo Man - Nightmare Before Christmas, The - Mystery Science Theater 3000: The Movie"
1595,Time Bandits - Roger & Me - Bull Durham
1596,"Sixth Sense, The - Thomas Crown Affair, The"
1597,Jerry Maguire - Jackie Brown - Trading Places
1598,"Coneheads - Net, The - Swamp Thing"
1599,"Free Willy 3: The Rescue - Death Wish 3 - Blue Lagoon, The"
1600,"Absent Minded Professor, The - Back to School - Devil in a Blue Dress"
1601,"U Turn - Big Hit, The - World Is Not Enough, The"
1602,"All About My Mother (Todo Sobre Mi Madre) - Matrix, The - Pulp Fiction"
1603,"Conspiracy Theory - Client, The - Big Lebowski, The"
1604,"Red Violin, The (Le Violon rouge) - Sling Blade"
1605,Central Station (Central do Brasil) - Me Myself I - Topsy-Turvy
1606,"Firm, The - Pacific Heights - Palmetto"
1607,Insomnia - Gridlock'd - Live Flesh
1608,"Sixth Sense, The - Stuart Little - Simply Irresistible"
1609,Holiday Inn - White Christmas - Cabaret
1610,Heat - Cape Fear - Casino
1611,For Love of the Game - Indiana Jones and the Last Crusade - Indiana Jones and the Temple of Doom
1612,"Patriot, The - Terminator 2: Judgment Day"
1613,"Lord of the Rings, The - Spy Who Loved Me, The - Robin Hood"
1614,"Cliffhanger - Mission: Impossible - Lost World: Jurassic Park, The"
1615,Meet the Parents - Girlfight
1616,"Blown Away - Peacemaker, The - Tomorrow Never Dies"
1617,Groundhog Day - Sling Blade - Unforgiven
1618,"French Connection, The - Boys of St. Vincent, The - My Left Foot"
1619,"Bridge on the River Kwai, The - North by Northwest - Hustler, The"
1620,Grosse Pointe Blank - Go - Night Falls on Manhattan
1621,"Shaft - Whole Nine Yards, The"
1622,Hot Shots! Part Deux - Independence Day (ID4) - Canadian Bacon
1623,"Robocop - Fly, The - Face/Off"
1624,"Golden Child, The - Condorman - Con Air"
1625,"Clan of the Cave Bear, The - Cruel Intentions - Dick"
1626,"Green Mile, The - Awakenings - Clockers"
1627,Men in Black - She's the One - Bamboozled
1628,"Arsenic and Old Lace - Last Emperor, The - Say Anything..."
1629,Fallen - Die Hard: With a Vengeance - From Dusk Till Dawn
1630,Barb Wire - Puppet Master III: Toulon's Revenge - Highlander III: The Sorcerer
1631,"Blue Hawaii - American Tail: Fievel Goes West, An - Mirror Has Two Faces, The"
1632,"My Tutor - Karate Kid, Part II, The - Nine 1/2 Weeks"
1633,"Lost World: Jurassic Park, The - From Dusk Till Dawn - Wes Craven's New Nightmare"
1634,"Joy Luck Club, The - Little Women - Crimson Tide"
1635,"Candleshoe - Jaws 2 - Concorde: Airport '79, The"
1636,Ed Wood - Wild Wild West - Velvet Goldmine
1637,Species - Alien³ - Sphere
1638,"American Beauty - Dog Day Afternoon - Shawshank Redemption, The"
1639,Wag the Dog - Get Shorty - Taste of Cherry
1640,Days of Thunder - Judge Dredd - Barb Wire
1641,Frequency - Down to You - Boiler Room
1642,Freaky Friday - Everything You Always Wanted to Know About Sex - Force 10 from Navarone
1643,"Hidden, The - Poltergeist - Eraserhead"
1644,What Lies Beneath - X-Men - Ghost in the Shell (Kokaku kidotai)
1645,"Wild Wild West - High Fidelity - Beach, The"
1646,Canadian Bacon - Rob Roy - Renaissance Man
1647,"Broken Arrow - General's Daughter, The - My Fellow Americans"
1648,"Terminator 2: Judgment Day - Professional, The (a.k.a. Leon: The Professional) - Patriot Games"
1649,American Beauty - Casablanca - GoodFellas
1650,Freedom for Us (À nous la liberté ) - Snow White and the Seven Dwarfs - Citizen Kane
1651,Platoon - Star Wars: Episode VI - Return of the Jedi - Return to Me
1652,Airplane II: The Sequel - Any Given Sunday - Legends of the Fall
1653,"Clerks - Bug's Life, A"
1654,"Repo Man - English Patient, The - Raging Bull"
1655,Wayne's World 2 - Man on the Moon - Die Hard
1656,"X-Men - Perfect Storm, The"
1657,"101 Dalmatians - Sleeping Beauty - Muppet Movie, The"
1658,"Lady and the Tramp - Big Lebowski, The - L.A. Story"
1659,"Patriot, The - High Fidelity - Dirty Dancing"
1660,"Blade Runner - Honey, I Shrunk the Kids - River Runs Through It, A"
1661,"Remains of the Day, The - Buena Vista Social Club - Nobody's Fool"
1662,William Shakespeare's Romeo and Juliet - Shakespeare in Love
1663,What's Eating Gilbert Grape - Dances with Wolves - Quiz Show
1664,Groundhog Day - Wayne's World
1665,"Sneakers - Independence Day (ID4) - Fifth Element, The"
1666,Starship Troopers - Mars Attacks! - G.I. Jane
1667,"Jaws 2 - Bodyguard, The - End of Days"
1668,Cool Hand Luke - Three Kings - 12 Angry Men
1669,"Fisher King, The - L.A. Story - Grosse Pointe Blank"
1670,"Murphy's Romance - Ghostbusters - Little Mermaid, The"
1671,"Lost Horizon - Fitzcarraldo - Grapes of Wrath, The"
1672,"As Good As It Gets - Rushmore - Player, The"
1673,"Hook - Holy Man - Simple Twist of Fate, A"
1674,Aladdin - Clueless
1675,Missing in Action 2: The Beginning - Street Fighter - Batman & Robin
1676,Who's Harry Crumb? - Police Academy 2: Their First Assignment - Police Academy 4: Citizens on Patrol
1677,Mickey Blue Eyes - Mission to Mars - Mission: Impossible 2
1678,Back to the Future - Willow - Beetlejuice
1679,Who Framed Roger Rabbit? - Wild Wild West - eXistenZ
1680,Practical Magic - Enchanted April - Feeling Minnesota
1681,Get Carter - Close Encounters of the Third Kind - Drunken Master (Zui quan)
1682,"Nosferatu (Nosferatu, eine Symphonie des Grauens) - Psycho - Shining, The"
1683,"Poltergeist II: The Other Side - Karate Kid, Part II, The - Blue Lagoon, The"
1684,"Replacements, The - Frequency - American Psycho"
1685,Nico Icon - Jungle Fever - Wilde
1686,Edward Scissorhands - Santa Claus: The Movie - Final Destination
1687,"Goodbye Girl, The - Shampoo - Last Detail, The"
1688,Men in Black - Mission: Impossible - Flight of the Navigator
1689,"Usual Suspects, The - Reservoir Dogs - Terminator 2: Judgment Day"
1690,"Simply Irresistible - Stigmata - Story of Us, The"
1691,"Next Best Thing, The - Hanging Up - Christmas Story, A"
1692,"Princess Bride, The - Breaking Away - Prizzi's Honor"
1693,Jerry Maguire - Fletch - Contact
1694,"Dr. No - Fifth Element, The - Mad Max"
1695,Wings of Desire (Der Himmel über Berlin) - Brazil - Austin Powers: The Spy Who Shagged Me
1696,"Starman - Titanic - Firm, The"
1697,"Hoosiers - Right Stuff, The - Dirty Dozen, The"
1698,"Henry Fool - Brothers McMullen, The - Outrageous Fortune"
1699,"Three Colors: White - Unforgiven - Big Chill, The"
1700,Rules of Engagement - Boiler Room - Autumn in New York
1701,"Ever After: A Cinderella Story - Time to Kill, A - Titus"
1702,Pleasantville - Tarzan - Field of Dreams
1703,Jurassic Park - Dark City - Face/Off
1704,Father of the Bride - I Know What You Did Last Summer - I Still Know What You Did Last Summer
1705,"Wedding Singer, The - Truman Show, The - It's My Party"
1706,Final Destination - Where the Heart Is - Ghost Dog: The Way of the Samurai
1707,Three Kings - Queen Margot (La Reine Margot) - What's Eating Gilbert Grape
1708,Cruel Intentions - Ghostbusters
1709,"Flintstones, The - American Werewolf in Paris, An - Gods Must Be Crazy II, The"
1710,Twin Dragons (Shuang long hui) - Ghost in the Shell (Kokaku kidotai) - Sixteen Candles
1711,Indochine - Grumpier Old Men - Keeping the Faith
1712,Where Eagles Dare - As Good As It Gets - Blazing Saddles
1713,Rules of Engagement - Final Destination
1714,Pink Floyd - The Wall - Night Shift - For Your Eyes Only
1715,Get Carter - Meet the Parents - Wonder Boys
1716,"Runaway Bride - Stigmata - Thirteenth Floor, The"
1717,"Slums of Beverly Hills, The - Romy and Michele's High School Reunion - Pretty Woman"
1718,"Seven (Se7en) - Simple Plan, A - Few Good Men, A"
1719,"Civil Action, A - Deep Blue Sea - Cruel Intentions"
1720,One Flew Over the Cuckoo's Nest - American Graffiti - Jaws
1721,"Little Mermaid, The - Little Shop of Horrors - Christmas Vacation"
1722,"Brother from Another Planet, The - E.T. the Extra-Terrestrial - Day the Earth Stood Still, The"
1723,Firestorm - Mrs. Doubtfire - St. Elmo's Fire
1724,Lethal Weapon 4 - Showgirls - Indecent Proposal
1725,"Gattaca - Matrix, The - Unforgiven"
1726,Universal Soldier - Marked for Death - Hard Rain
1727,Airplane II: The Sequel - Exit to Eden - Ghostbusters II
1728,"Psycho - Birds, The - Alien"
1729,American Psycho - But I'm a Cheerleader - Alice and Martin (Alice et Martin)
1730,"Nightmare on Elm Street 4: The Dream Master, A - Nightmare on Elm Street Part 2: Freddy's Revenge, A"
1731,Crime and Punishment in Suburbia - Here on Earth - Scream 3
1732,"Skulls, The - Black and White - American Beauty"
1733,"SubUrbia - Terminator 2: Judgment Day - Texas Chainsaw Massacre, The"
1734,Picnic at Hanging Rock - Stand by Me - Five Easy Pieces
1735,Lethal Weapon 4 - Lethal Weapon 3 - In & Out
1736,House II: The Second Story - Police Academy 4: Citizens on Patrol - Who's That Girl?
1737,Milk Money - Hellraiser III: Hell on Earth - Solo
1738,"Summer of Sam - South Park: Bigger, Longer and Uncut - Stuart Little"
1739,"Taking of Pelham One Two Three, The - X-Men - Nurse Betty"
1740,"Braveheart - Rocky Horror Picture Show, The - Terminator 2: Judgment Day"
1741,Singin' in the Rain - Rebecca - Roman Holiday
1742,"Out of Sight - Matrix, The - Fugitive, The"
1743,"Wizard of Oz, The - When We Were Kings - Paradise Lost: The Child Murders at Robin Hood Hills"
1744,Help! - Moonstruck - Wag the Dog
1745,Scream 3 - Shakespeare in Love - Stir of Echoes
1746,This Is Spinal Tap - Duck Soup - Raising Arizona
1747,Basic Instinct - Batman - Bastard Out of Carolina
1748,"McCabe & Mrs. Miller - Hustler, The - Atlantic City"
1749,"Booty Call - House of Yes, The - Hercules"
1750,"Legends of the Fall - Rocky Horror Picture Show, The - Tigger Movie, The"
1751,Boogie Nights - Men in Black
1752,Chasing Amy - Wag the Dog - Short Cuts
1753,One Flew Over the Cuckoo's Nest - Pulp Fiction - Midnight Cowboy
1754,Up in Smoke - American History X - Titanic
1755,"Fisher King, The - So I Married an Axe Murderer - Wedding Singer, The"
1756,"Thomas Crown Affair, The - Talented Mr. Ripley, The - Toy Story 2"
1757,"13th Warrior, The - Payback - Devil's Advocate, The"
1758,Weird Science - One Fine Day - Mary Shelley's Frankenstein
1759,Coneheads - Mickey Blue Eyes - Drop Dead Fred
1760,My Best Friend's Wedding - 10 Things I Hate About You - Bram Stoker's Dracula
1761,Cocoon - Star Trek: Generations - Back to the Future Part III
1762,Heat - True Lies - Hoop Dreams
1763,"As Good As It Gets - Blazing Saddles - Blues Brothers, The"
1764,In & Out - Robin Hood: Men in Tights - Kissing a Fool
1765,Hellbound: Hellraiser II - Hellraiser - Rules of Engagement
1766,"Magnolia - Rudy - Brothers McMullen, The"
1767,Star Wars: Episode IV - A New Hope - Brazil - 2001: A Space Odyssey
1768,Everything You Always Wanted to Know About Sex - Pink Flamingos - Carrie
1769,She's All That - Runaway Bride - Shakespeare in Love
1770,European Vacation - Harry and the Hendersons - Ghostbusters II
1771,"Dark Crystal, The - Mad Max"
1772,Exotica - Eyes Wide Shut - Frances
1773,"Bronx Tale, A - Sneakers - Crimson Tide"
1774,"Nightmare on Elm Street 5: The Dream Child, A - Halloween 5: The Revenge of Michael Myers - Nightmare on Elm Street Part 2: Freddy's Revenge, A"
1775,"Serpico - Untouchables, The - Grifters, The"
1776,"Replacements, The - Pitch Black - Nutty Professor II: The Klumps"
1777,"Big Sleep, The - Kicking and Screaming - Conversation, The"
1778,"Grease - Dirty Work - Brady Bunch Movie, The"
1779,"Home Fries - Cable Guy, The - Road to Wellville, The"
1780,B*A*P*S - X-Men - Space Cowboys
1781,"Escape to Witch Mountain - Indian in the Cupboard, The - Pagemaster, The"
1782,"Sixth Sense, The - Snow Falling on Cedars - Sleepy Hollow"
1783,"Swingers - Matrix, The"
1784,"Island of Dr. Moreau, The - My Life in Pink (Ma vie en rose) - Shawshank Redemption, The"
1785,Road Trip - 10 Things I Hate About You - L.A. Confidential
1786,Braveheart - Terminator 2: Judgment Day - Chicken Run
1787,Best in Show - Chinatown - L.A. Confidential
1788,Titanic - Crash - Kissed
1789,Rules of Engagement - Coyote Ugly - I Dreamed of Africa
1790,"Star Wars: Episode I - The Phantom Menace - Christmas Story, A - Conan the Barbarian"
1791,"Jackie Brown - Gridlock'd - Limey, The"
1792,You've Got Mail - It Could Happen to You - Congo
1793,Conspiracy Theory - Bad Boys - Independence Day (ID4)
1794,"Running Man, The - Verdict, The - X-Men"
1795,Blade Runner - E.T. the Extra-Terrestrial
1796,"For All Mankind - Hoop Dreams - War Room, The"
1797,Barry Lyndon - Eat Drink Man Woman - Frankenstein
1798,"Gandhi - Wild Bunch, The - Full Metal Jacket"
1799,"Last of the Mohicans, The - Four Weddings and a Funeral - Piano, The"
1800,Seven (Se7en) - On the Waterfront - Sneakers
1801,"Amityville Horror, The - Grumpy Old Men"
1802,"Omen, The - Gremlins - Night of the Living Dead"
1803,"South Park: Bigger, Longer and Uncut - Zero Effect - Clueless"
1804,Batman - Romancing the Stone - True Lies
1805,"Muppet Movie, The - Wizard of Oz, The - Aladdin"
1806,Mouse Hunt - Billy Madison - Outbreak
1807,"Blade - Little Shop of Horrors, The - Rocky Horror Picture Show, The"
1808,"Fantasia 2000 - Princess Mononoke, The (Mononoke Hime) - Star Wars: Episode I - The Phantom Menace"
1809,"She's All That - South Park: Bigger, Longer and Uncut - Stir of Echoes"
1810,Absolute Power - U Turn - Basic Instinct
1811,"Pacific Heights - Run Silent, Run Deep - Sixth Sense, The"
1812,"Afterglow - American Psycho - 'burbs, The"
1813,Strictly Ballroom - Out of Sight
1814,"Godzilla - Island of Dr. Moreau, The - Species II"
1815,Mars Attacks! - Independence Day (ID4) - Super Mario Bros.
1816,Dances with Wolves - Total Recall - Ladyhawke
1817,"Excalibur - Santa Clause, The - Alien"
1818,"Nutty Professor, The - Legend - Tron"
1819,"20,000 Leagues Under the Sea - Big - Beetlejuice"
1820,"Final Destination - Any Given Sunday - Godfather: Part II, The"
1821,Gone with the Wind - Secret Agent - Murder!
1822,"Matrix, The - Negotiator, The - Heat"
1823,Babe - Clueless - Forrest Gump
1824,My Blue Heaven - Days of Thunder - Bait
1825,And the Band Played On - Jeffrey - Hamlet
1826,Local Hero - Cool Hand Luke - Toy Story
1827,"Virgin Suicides, The - Nurse Betty - Perfect Storm, The"
1828,"Say Anything... - Pink Floyd - The Wall - Shining, The"
1829,Shallow Grave - L.A. Confidential - Sling Blade
1830,Jurassic Park - Die Hard 2 - Total Recall
1831,"X-Men - Usual Suspects, The - L.A. Confidential"
1832,"Boys Life - Cider House Rules, The - Star Maps"
1833,"Edward Scissorhands - Brothers McMullen, The - Shanghai Noon"
1834,"Bone Collector, The - Blair Witch Project, The - Clan of the Cave Bear, The"
1835,Fear - Killing Zoe - In the Line of Fire
1836,Primary Colors - Philadelphia - Rear Window
1837,Speed - Defending Your Life - Immortal Beloved
1838,Boiler Room - Shanghai Noon - 28 Days
1839,"U.S. Marshalls - World Is Not Enough, The - Mission: Impossible"
1840,Dark City - Blade Runner
1841,Tales from the Crypt Presents: Bordello of Blood - In the Army Now - BASEketball
1842,"Pretty Woman - True Lies - Talented Mr. Ripley, The"
1843,Young Frankenstein - Harold and Maude - American Graffiti
1844,Gladiator - Boiler Room
1845,Dolores Claiborne - Orlando - Interview with the Vampire
1846,Atlantic City - Drugstore Cowboy - Prizzi's Honor
1847,"Sweet Hereafter, The - Secrets & Lies - Ice Storm, The"
1848,"Boogie Nights - Sound of Music, The"
1849,"Negotiator, The - Enemy of the State"
1850,Star Wars: Episode IV - A New Hope - Aliens - Star Wars: Episode V - The Empire Strikes Back
1851,"Favor, The - American Pie - Groundhog Day"
1852,"Predator - X-Files: Fight the Future, The - Abyss, The"
1853,Vacation - Analyze This - Splash
1854,Six Days Seven Nights - Gremlins - Funny Farm
1855,In Too Deep - Lethal Weapon 3 - G.I. Jane
1856,"Godzilla - Fly II, The - Congo"
1857,"Mask of Zorro, The - Jurassic Park - Mad City"
1858,Hercules - Little Nemo: Adventures in Slumberland - Anastasia
1859,"Apostle, The - Hamlet - Taxi Driver"
1860,Conquest of the Planet of the Apes - Alien³ - Mad Max Beyond Thunderdome
1861,"Grease - Pink Flamingos - Last of the Mohicans, The"
1862,"Small Time Crooks - American Beauty - Wrong Trousers, The"
1863,"Being John Malkovich - Producers, The - Deliverance"
1864,Dancer in the Dark - Best in Show
1865,"Game, The - Little Princess, A - Hurlyburly"
1866,Mars Attacks! - In & Out - Good Will Hunting
1867,Ferris Bueller's Day Off - Soapdish - Victor/Victoria
1868,"Arsenic and Old Lace - Big Sleep, The - Maltese Falcon, The"
1869,Manhattan - Searching for Bobby Fischer - Jude
1870,Sabrina - My Best Friend's Wedding - Bulworth
1871,Bull Durham - Roger & Me - Sleeper
1872,"City Lights - General, The - Duck Soup"
1873,Alien - Amadeus - Backdraft
1874,"Double Indemnity - Serpico - Sting, The"
1875,"Back to the Future - Terminator, The - Alien"
1876,Double Jeopardy - Drop Dead Gorgeous - Star Wars: Episode V - The Empire Strikes Back
1877,"Gun Shy - Here on Earth - Beach, The"
1878,"Wishmaster - Total Recall - Fifth Element, The"
1879,"Unforgiven - Henry V - Shining, The"
1880,"Omega Man, The - Three Days of the Condor - Coma"
1881,"Out-of-Towners, The - Batman Returns - My Best Friend's Wedding"
1882,Mediterraneo - Mars Attacks! - Blue Velvet
1883,"Mirror Has Two Faces, The - Grumpier Old Men - Up Close and Personal"
1884,"Virgin Suicides, The - American Gigolo - High Noon"
1885,Fantasia - Sleeping Beauty - Lady and the Tramp
1886,"Cell, The - Contender, The - Schindler's List"
1887,Beneath the Planet of the Apes - Death Wish - Battle for the Planet of the Apes
1888,"Star Trek VI: The Undiscovered Country - Lost World: Jurassic Park, The - Jurassic Park"
1889,Disclosure - Flawless - European Vacation
1890,Little Big Man - High Plains Drifter - Shane
1891,Die Hard: With a Vengeance - Eyes Wide Shut - Edward Scissorhands
1892,Apocalypse Now - One Flew Over the Cuckoo's Nest
1893,Time Code - Sunshine - Center Stage
1894,Angela's Ashes - Titanic - This Is My Father
1895,"Limey, The - Batman - Citizen Kane"
1896,Rosemary's Baby - In the Heat of the Night - Lost Horizon
1897,"Raisin in the Sun, A - West Side Story - Man and a Woman, A (Un Homme et une Femme)"
1898,"Sense and Sensibility - Red Violin, The (Le Violon rouge) - Terminator 2: Judgment Day"
1899,Nixon - Peggy Sue Got Married - Malice
1900,Stir of Echoes - Shakespeare in Love - Snow Falling on Cedars
1901,Heaven Can Wait - Superman - Magnum Force
1902,Fear - Wild Things - Dead Again
1903,"Nosferatu (Nosferatu, eine Symphonie des Grauens) - World of Apu, The (Apur Sansar) - My Life as a Dog (Mitt liv som hund)"
1904,Misery - Gremlins - Fright Night
1905,"African Queen, The - L.A. Confidential - My Left Foot"
1906,Repo Man - Stand by Me - Edward Scissorhands
1907,"Streetcar Named Desire, A - All Quiet on the Western Front"
1908,Payback - Message in a Bottle - True Crime
1909,Reservoir Dogs - Out of Sight - Go
1910,Next Friday - Nutty Professor II: The Klumps - Romeo Must Die
1911,"It's a Wonderful Life - Dead Man - Man Who Knew Too Much, The"
1912,"Apollo 13 - Breaking the Waves - Cradle Will Rock, The"
1913,101 Dalmatians - Who Framed Roger Rabbit? - Star Wars: Episode IV - A New Hope
1914,"Rushmore - South Park: Bigger, Longer and Uncut"
1915,"Amityville Horror, The - Lost World: Jurassic Park, The - Santa Claus: The Movie"
1916,Little Voice - Help! - Hilary and Jackie
1917,Unforgiven - Fargo - Spartacus
1918,Braveheart - Unforgiven
1919,Sleepwalkers - Species II - Vampires
1920,Ghostbusters II - Jaws 2 - Damien: Omen II
1921,Homeward Bound II: Lost in San Francisco - Waterworld - Escape from L.A.
1922,Pushing Tin - Schindler's List - Apollo 13
1923,Scary Movie - I'm the One That I Want - Space Cowboys
1924,"Day of the Beast, The (El Día de la bestia) - Toy Story 2 - Babe"
1925,"Apocalypse Now - Longest Day, The - Guns of Navarone, The"
1926,"First Knight - Diabolique - Clan of the Cave Bear, The"
1927,Grumpy Old Men - From Dusk Till Dawn
1928,"Thomas Crown Affair, The - Fifth Element, The - Nick of Time"
1929,Double Jeopardy - Dinosaur - Election
1930,Shower (Xizhao) - Buffalo 66 - Antz
1931,"Time Bandits - NeverEnding Story, The - Tron"
1932,"Honey, I Shrunk the Kids - Tron - NeverEnding Story, The"
1933,"From Dusk Till Dawn - Rudy - Black Cauldron, The"
1934,"Romy and Michele's High School Reunion - Rushmore - South Park: Bigger, Longer and Uncut"
1935,"Godzilla 2000 (Gojira ni-sen mireniamu) - Romeo Must Die - Kid, The"
1936,Legends of the Fall - Rudy - Any Given Sunday
1937,Time Bandits - Rain Man - Caddyshack
1938,"Running Man, The - Starship Troopers - Dick Tracy"
1939,"Westworld - Rocky Horror Picture Show, The - Cocoon"
1940,"Alien - Exorcist, The - Jacob's Ladder"
1941,Virtuosity - Cocoon: The Return - I Confess
1942,"Marvin's Room - Hurricane, The - One True Thing"
1943,"Meet Me in St. Louis - Lady and the Tramp - Suddenly, Last Summer"
1944,"Return to Me - Me Myself I - Patriot, The"
1945,"Perfect World, A - Heat - Operation Condor (Feiying gaiwak)"
1946,L.A. Story - Indiana Jones and the Temple of Doom - Raiders of the Lost Ark
1947,"Shining, The - Idle Hands - Exorcist, The"
1948,Blues Brothers 2000 - Broken Arrow - Con Air
1949,"Alive - Abyss, The - Poison Ivy: New Seduction"
1950,Scream - Nightwatch - Bram Stoker's Dracula
1951,"Wonder Boys - Scary Movie - Original Kings of Comedy, The"
1952,Pretty in Pink - Trading Places - Murphy's Romance
1953,"Dances with Wolves - Room with a View, A - What Planet Are You From?"
1954,How Stella Got Her Groove Back - Chicken Run - Erin Brockovich
1955,Runaway Bride - Rushmore - She's All That
1956,Hook - Space Jam - Small Soldiers
1957,"Get Real - Player, The - Raising Arizona"
1958,"Untouchables, The - She's All That - Rules of Engagement"
1959,Sense and Sensibility - Gloria - Big Night
1960,"Gods Must Be Crazy, The - Fletch - Good Morning, Vietnam"
1961,Batman - Highlander - Indiana Jones and the Temple of Doom
1962,"Crucible, The - Dead Presidents - Bodyguard, The"
1963,"Van, The - Jerry Maguire - Some Folks Call It a Sling Blade"
1964,"Professional, The (a.k.a. Leon: The Professional) - Edward Scissorhands"
1965,Saving Private Ryan - Some Folks Call It a Sling Blade - Sling Blade
1966,"Alien - Thing, The - Bride of Re-Animator"
1967,"Shakespeare in Love - Secret of Roan Inish, The"
1968,"GoldenEye - Long Kiss Goodnight, The - Die Hard: With a Vengeance"
1969,"Soul Man - 'burbs, The - Weekend at Bernie's"
1970,"Casablanca - North by Northwest - General, The"
1971,When Harry Met Sally... - Ferris Bueller's Day Off - Back to the Future
1972,"Bull Durham - Butch Cassidy and the Sundance Kid - Boat, The (Das Boot)"
1973,"Fly, The - Sound of Music, The - Nightmare Before Christmas, The"
1974,"Apostle, The - Breaking the Waves - Ice Storm, The"
1975,Kelly's Heroes - M*A*S*H - Blazing Saddles
1976,"Joy Luck Club, The - That Old Feeling - Birdcage, The"
1977,"Harold and Maude - Twelve Chairs, The - Shakespeare in Love"
1978,"Sixth Sense, The - M*A*S*H - Dr. Strangelove or: How I Learned to Stop Worrying and Love the Bomb"
1979,X-Men - My Dog Skip - Mission: Impossible 2
1980,"Relic, The - Psycho Beach Party - House II: The Second Story"
1981,Shadow of a Doubt - Chinatown - Touch of Evil
1982,"Austin Powers: International Man of Mystery - Ghost and the Darkness, The - Wayne's World"
1983,Encino Man - Home Alone - Party Girl
1984,Last Man Standing - Independence Day (ID4) - Beverly Hills Ninja
1985,"King Kong - Johnny Mnemonic - Rocketeer, The"
1986,"Dances with Wolves - Silence of the Lambs, The"
1987,Who Framed Roger Rabbit? - Peter Pan - Snow White and the Seven Dwarfs
1988,Die Hard 2 - ...And Justice for All - Dead Ringers
1989,Legends of the Fall - From Dusk Till Dawn - Beyond the Mat
1990,"Ben-Hur - Life Is Beautiful (La Vita è bella) - Color Purple, The"
1991,Pulp Fiction - Crumb
1992,"Cocoon - Good Morning, Vietnam - Gremlins"
1993,Better Off Dead... - Army of Darkness
1994,"Fugitive, The - Grifters, The - Few Good Men, A"
1995,"McHale's Navy - NeverEnding Story, The - Big"
1996,Crocodile Dundee - GoldenEye - Mission: Impossible
1997,"Hudsucker Proxy, The - Dumb & Dumber - Happy Gilmore"
1998,"Galaxy Quest - Bug's Life, A - Parenthood"
1999,"Stand by Me - Breakfast Club, The - Mary Poppins"
2000,"Monty Python and the Holy Grail - Christmas Story, A - Rushmore"
2001,"Taking of Pelham One Two Three, The - Stir of Echoes - Talented Mr. Ripley, The"
2002,"American President, The - Analyze This - Rocky Horror Picture Show, The"
2003,"Little Princess, A - Dinosaur - Little Big League"
2004,Cocoon: The Return - Highlander III: The Sorcerer - Congo
2005,"Story of Us, The - Titan A.E. - Talented Mr. Ripley, The"
2006,Peter Pan - Meet Me in St. Louis - Victor/Victoria
2007,"Ordinary People - Christmas Story, A - Five Easy Pieces"
2008,"Rear Window - Sixth Sense, The - Reservoir Dogs"
2009,"Thelma & Louise - Affliction - Dreamlife of Angels, The (La Vie rêvée des anges)"
2010,"Bram Stoker's Dracula - Far and Away - 13th Warrior, The"
2011,"Mystery Science Theater 3000: The Movie - Cool Runnings - Wedding Singer, The"
2012,Ladyhawke - Hook - Dragonheart
2013,"Rocky Horror Picture Show, The - Arachnophobia - Adventures of Buckaroo Bonzai Across the 8th Dimension, The"
2014,"Clockwork Orange, A - Mad Max 2 (a.k.a. The Road Warrior) - Dr. Strangelove or: How I Learned to Stop Worrying and Love the Bomb"
2015,Gung Ho - Renaissance Man - Love Stinks
2016,"Enemy of the State - Longest Day, The - Rock, The"
2017,"Big Lebowski, The - Sommersby - Schindler's List"
2018,"Naked Gun 33 1/3: The Final Insult - Butcher's Wife, The - Silent Fall"
2019,"Thomas Crown Affair, The - Talented Mr. Ripley, The - Who Framed Roger Rabbit?"
2020,"Die Hard 2 - Negotiator, The - Arlington Road"
2021,Outbreak - Conspiracy Theory - Starship Troopers
2022,With Honors - Ed Wood - Total Recall
2023,"Few Good Men, A - Sneakers - Donnie Brasco"
2024,"Austin Powers: The Spy Who Shagged Me - Tin Men - Honey, I Shrunk the Kids"
2025,Deliverance - Indiana Jones and the Last Crusade - Ben-Hur
2026,"Wild Bunch, The - Once Upon a Time in the West - For a Few Dollars More"
2027,"Forget Paris - Bronx Tale, A - Austin Powers: International Man of Mystery"
2028,"Nightmare Before Christmas, The - Men in Black - Little Odessa"
2029,Muppets From Space - Kingpin - Romancing the Stone
2030,"Radio Days - Big Chill, The - Field of Dreams"
2031,"Small Time Crooks - Saving Grace - Yards, The"
2032,"Firm, The - Striking Distance - Men in Black"
2033,Small Time Crooks - My Dog Skip - Me Myself I
2034,"Sleeper - Producers, The - Bullets Over Broadway"
2035,"Aristocats, The - Oliver & Company - Beavis and Butt-head Do America"
2036,Everyone Says I Love You - Grease - Evita
2037,"Bait - Ballad of Ramblin' Jack, The"
2038,"Hunt for Red October, The - Longest Day, The - On Her Majesty's Secret Service"
2039,Die Hard 2 - Men in Black - Independence Day (ID4)
2040,Groundhog Day - Searching for Bobby Fischer - As Good As It Gets
2041,"Simon Birch - Tall Tale - American in Paris, An"
2042,"Maltese Falcon, The - Philadelphia Story, The - Casablanca"
2043,Stigmata - Teaching Mrs. Tingle - Toy Story 2
2044,"Hard Day's Night, A - Fish Called Wanda, A"
2045,Balto - Beauty and the Beast
2046,"Insider, The - Sling Blade - Schindler's List"
2047,"Straight Story, The - Jurassic Park - Nightmare Before Christmas, The"
2048,"Rules of Engagement - Amityville Horror, The - Supernova"
2049,Some Like It Hot - Secrets & Lies - Rear Window
2050,"Pit and the Pendulum - Clockwork Orange, A - Wayne's World"
2051,"X-Files: Fight the Future, The - Arachnophobia - Back to the Future Part III"
2052,Brokedown Palace - Cruel Intentions - Deep Blue Sea
2053,Hellraiser III: Hell on Earth - Pajama Party
2054,"Hudsucker Proxy, The - Forrest Gump - Zero Effect"
2055,"Scream - Fly, The - House on Haunted Hill"
2056,Dead Man Walking - Amadeus - Inherit the Wind
2057,Payback - Out of Africa - Rushmore
2058,"Rudy - Fly, The - Fly, The"
2059,Immortal Beloved - At First Sight - Trekkies
2060,Back to the Future Part II - Back to the Future Part III - Any Given Sunday
2061,"North by Northwest - Invisible Man, The"
2062,"Mask, The - Heat - Robocop"
2063,Bio-Dome - 2001: A Space Odyssey - Alive
2064,U.S. Marshalls - Con Air - Chain Reaction
2065,"Mighty, The - Star Wars: Episode VI - Return of the Jedi - Good Will Hunting"
2066,True Lies - Six Days Seven Nights - Star Wars: Episode I - The Phantom Menace
2067,Fast Times at Ridgemont High - Working Girl - Bachelor Party
2068,"Star Trek: Generations - King Kong - Poseidon Adventure, The"
2069,"Face in the Crowd, A - Treasure of the Sierra Madre, The - Hustler, The"
2070,"Rocketeer, The - Remember the Titans - Shakespeare in Love"
2071,Requiem for a Dream - Duets - Road Trip
2072,Legends of the Fall - French Kiss - South Pacific
2073,Swiss Family Robinson - Back to the Future - Walkabout
2074,"Poltergeist - Ghostbusters - Exorcist, The"
2075,"Gods and Monsters - Happiness - Ideal Husband, An"
2076,"Sixth Sense, The - Can't Hardly Wait - Crime and Punishment in Suburbia"
2077,"I'll Do Anything - Flintstones, The - Marked for Death"
2078,"Prince of Tides, The - Titanic - Forever Young"
2079,Lake Placid - Lost in Space - Event Horizon
2080,Amadeus - American Beauty - Monty Python and the Holy Grail
2081,"Ninth Gate, The - Urban Legends: Final Cut - Skulls, The"
2082,"South Park: Bigger, Longer and Uncut - Magnolia - Postman, The"
2083,"Exorcist, The - Soylent Green - Thin Red Line, The"
2084,Primal Fear - Clueless - That Thing You Do!
2085,Vampire in Brooklyn - Drive Me Crazy - Mr. Magoo
2086,"Run Silent, Run Deep - Taking of Pelham One Two Three, The - Summer of Sam"
2087,"Freddy's Dead: The Final Nightmare - Fly II, The - Santa Claus: The Movie"
2088,"Blowup - Hang 'em High - Ipcress File, The"
2089,"Go - In the Mouth of Madness - Messenger: The Story of Joan of Arc, The"
2090,"Night Shift - Pretty in Pink - Man with Two Brains, The"
2091,Grease - Alice in Wonderland - Little Shop of Horrors
2092,"Bob Roberts - Addams Family, The - Terms of Endearment"
2093,"54 - 13th Warrior, The - 10 Things I Hate About You"
2094,"Pulp Fiction - Lock, Stock & Two Smoking Barrels - Simple Plan, A"
2095,"Romy and Michele's High School Reunion - Sixth Sense, The - Shakespeare in Love"
2096,"Tron - NeverEnding Story, The - Hard-Boiled (Lashou shentan)"
2097,"South Park: Bigger, Longer and Uncut - Batman: Mask of the Phantasm - Who Framed Roger Rabbit?"
2098,Extreme Measures - Desperate Measures - Stigmata
2099,Waking the Dead - Almost Famous - Nurse Betty
2100,Hope Floats - My Fellow Americans - Varsity Blues
2101,Re-Animator - Dracula - Halloween
2102,Heathers - No Way Out - Ghostbusters
2103,"Meet the Parents - Modern Times - Princess Mononoke, The (Mononoke Hime)"
2104,"Back to the Future - Back to the Future Part II - Bamba, La"
2105,"Rocky II - Computer Wore Tennis Shoes, The - Patriot, The"
2106,Antz - Back to the Future Part II - American Graffiti
2107,Boogie Nights - Rosemary's Baby - Titan A.E.
2108,Twelve Monkeys - Babe
2109,I Still Know What You Did Last Summer - Child's Play 3 - Kull the Conqueror
2110,"Great Race, The - Happy Gilmore - Kingpin"
2111,Groundhog Day - 8 1/2
2112,"Clueless - Time to Kill, A - Lion King, The"
2113,"Hellbound: Hellraiser II - Lost World: Jurassic Park, The - Runaway"
2114,"Mortal Kombat: Annihilation - Hard Rain - Godfather: Part II, The"
2115,Fargo - Pulp Fiction - GoodFellas
2116,Home Alone 3 - My Giant - Lightning Jack
2117,Bringing Up Baby - Butch Cassidy and the Sundance Kid - Harvey
2118,Prizzi's Honor - My Favorite Year - Heathers
2119,Driving Miss Daisy - Patriot Games - Batman
2120,"Happy Gilmore - So I Married an Axe Murderer - Addams Family, The"
2121,"Asphalt Jungle, The - Trouble with Harry, The - Auntie Mame"
2122,"French Connection, The - Field of Dreams - Full Metal Jacket"
2123,"Jungle Book, The - Dance with Me - Forces of Nature"
2124,Clay Pigeons - Con Air - Single White Female
2125,"Hercules - Aladdin and the King of Thieves - Hunchback of Notre Dame, The"
2126,"Saturn 3 - Island of Dr. Moreau, The - Species II"
2127,"Hoosiers - Untouchables, The - Cider House Rules, The"
2128,Repo Man - James and the Giant Peach
2129,Graveyard Shift - Body Parts - Carnosaur
2130,"Nightmare on Elm Street 3: Dream Warriors, A - Hellraiser: Bloodline - Nightmare on Elm Street 4: The Dream Master, A"
2131,"Faculty, The - Wolf - Night of the Living Dead"
2132,"Arachnophobia - Independence Day (ID4) - Arrival, The"
2133,Any Given Sunday - From Dusk Till Dawn
2134,That Thing You Do! - Happy Gilmore - Kids in the Hall: Brain Candy
2135,Groundhog Day - Being John Malkovich - Terminator 2: Judgment Day
2136,Back to the Future Part III - Mouse Hunt - Houseguest
2137,Lethal Weapon - Lethal Weapon 2 - Titanic
2138,Robocop 2 - Judge Dredd - Johnny Mnemonic
2139,"Bone Collector, The - Boy Who Could Fly, The - Boys from Brazil, The"
2140,Brazil - My Life as a Dog (Mitt liv som hund) - Amadeus
2141,"Brothers McMullen, The - Grumpy Old Men"
2142,True Crime - Flatliners - Natural Born Killers
2143,Election - Annie Hall - Being John Malkovich
2144,"Deep Rising - Frighteners, The - Scent of a Woman"
2145,Bambi - Sleeping Beauty - Beauty and the Beast
2146,Tomorrow Never Dies - Star Trek: First Contact - Breakdown
2147,"Hercules - Aristocats, The - Mulan"
2148,Analyze This - Four Weddings and a Funeral - BASEketball
2149,"Nightmare on Elm Street Part 2: Freddy's Revenge, A - Nightmare on Elm Street 4: The Dream Master, A - Friday the 13th Part 3: 3D"
2150,"Serial Mom - Relic, The - Species"
2151,"Rudy - Brothers McMullen, The - Legends of the Fall"
2152,"Shining, The - Misery"
2153,"Robocop - Driving Miss Daisy - American Werewolf in London, An"
2154,Close Encounters of the Third Kind - Young Frankenstein - 12 Angry Men
2155,"Night of the Comet - Urban Legends: Final Cut - Faculty, The"
2156,"Dirty Work - Casper - Lost World: Jurassic Park, The"
2157,Sleeping Beauty - Bambi - Chicken Run
2158,"Last Emperor, The - Indiana Jones and the Last Crusade - E.T. the Extra-Terrestrial"
2159,"Children of Paradise (Les enfants du paradis) - Big Sleep, The - Touch of Evil"
2160,Being John Malkovich - Drop Dead Gorgeous
2161,"Blair Witch Project, The - Notting Hill - Legends of the Fall"
2162,What About Bob? - Chasers - White Men Can't Jump
2163,Groundhog Day - Austin Powers: International Man of Mystery - Friday
2164,"Reality Bites - Firm, The - Boiler Room"
2165,GoodFellas - Cop Land - Down Periscope
2166,Edward Scissorhands - Blade Runner - Ferris Bueller's Day Off
2167,Wild Wild West - Tarantula - Cocoon: The Return
2168,Star Wars: Episode V - The Empire Strikes Back - Rain Man - Field of Dreams
2169,Smoke Signals - Austin Powers: International Man of Mystery - There's Something About Mary
2170,"Little Mermaid, The - Married to the Mob - Romancing the Stone"
2171,"Toy Story - Man Who Would Be King, The - Monty Python and the Holy Grail"
2172,"American Pie - American Tail, An - Single White Female"
2173,Backdraft - Homeward Bound: The Incredible Journey - You've Got Mail
2174,"Midnight in the Garden of Good and Evil - Prince of Tides, The - Stanley & Iris"
2175,"Terminator, The - Sneakers - X-Men"
2176,"Glengarry Glen Ross - Hard 8 (a.k.a. Sydney, a.k.a. Hard Eight) - Kingpin"
2177,Much Ado About Nothing - Quiz Show - Nobody's Fool
2178,Dogma - Forrest Gump - L.A. Story
2179,"General's Daughter, The - Net, The - Playing God"
2180,Herbie Goes to Monte Carlo - Crocodile Dundee II - Operation Dumbo Drop
2181,"Casino - Quiz Show - Face in the Crowd, A"
2182,Gladiator - Erin Brockovich
2183,"Romy and Michele's High School Reunion - Shakespeare in Love - Run Silent, Run Deep"
2184,"Shakespeare in Love - Rushmore - Thomas Crown Affair, The"
2185,"To Kill a Mockingbird - 39 Steps, The - Dr. Strangelove or: How I Learned to Stop Worrying and Love the Bomb"
2186,Stand by Me - Who Framed Roger Rabbit? - Jurassic Park
2187,Hideous Kinky - Star Trek: First Contact - Office Space
2188,My Cousin Vinny - Who Framed Roger Rabbit? - Heavyweights
2189,Sleepy Hollow - Stuart Little - Who Framed Roger Rabbit?
2190,"Princess Bride, The - Trainspotting - Glory"
2191,"Ransom - Speed - Rock, The"
2192,"Superman II - View to a Kill, A - Independence Day (ID4)"
2193,"Patriot, The - Pitch Black - Road Trip"
2194,"Indiana Jones and the Temple of Doom - Presidio, The - 13th Warrior, The"
2195,Space Jam - All Dogs Go to Heaven 2 - Cats Don't Dance
2196,Final Destination - Gods and Monsters - Instinct
2197,"King and I, The - Misérables, Les - Meet Me in St. Louis"
2198,"Love Bug, The - Jerk, The - Shaggy Dog, The"
2199,"Mickey Blue Eyes - Midsummer Night's Dream, A - Me, Myself and Irene"
2200,Sphere - Wild Wild West - Lost in Space
2201,Swiss Family Robinson - Batman - King Kong
2202,Home Alone - Tin Cup - Kids in the Hall: Brain Candy
2203,"Mighty Ducks, The - Outrageous Fortune - Sirens"
2204,"Flying Saucer, The - Kronos - Plan 9 from Outer Space"
2205,From Dusk Till Dawn - Enchanted April - Nothing in Common
2206,"Madonna: Truth or Dare - X-Files: Fight the Future, The - Backdraft"
2207,Grumpy Old Men - From Dusk Till Dawn
2208,Network - Star Wars: Episode IV - A New Hope - Donnie Brasco
2209,Strictly Ballroom - All About My Mother (Todo Sobre Mi Madre)
2210,"Virgin Suicides, The - Erin Brockovich - Contender, The"
2211,From Here to Eternity - Cat on a Hot Tin Roof - Mister Roberts
2212,"Shaft - Whole Nine Yards, The - Scary Movie"
2213,Return to Me - Runaway - Malice
2214,"Hercules - Jungle Book, The - Casper"
2215,Star Wars: Episode I - The Phantom Menace - Star Trek VI: The Undiscovered Country - True Lies
2216,"Deep End of the Ocean, The - Down in the Delta - Doors, The"
2217,"Friday the 13th Part 3: 3D - Nightmare on Elm Street Part 2: Freddy's Revenge, A - Halloween: The Curse of Michael Myers"
2218,Mother Night - Hellraiser: Bloodline - Double Indemnity
2219,Wag the Dog - Dances with Wolves - Philadelphia
2220,Shakespeare in Love - Toy Story 2 - Young Frankenstein
2221,"Limey, The - Pleasantville - Boogie Nights"
2222,Any Given Sunday - St. Elmo's Fire - Blue Chips
2223,"Volcano - Death Becomes Her - Lost World: Jurassic Park, The"
2224,Toy Story - Fantasia 2000 - Aladdin
2225,"Man Who Knew Too Much, The - Ronin - Austin Powers: The Spy Who Shagged Me"
2226,Clueless - Drop Dead Gorgeous - Galaxy Quest
2227,Men in Black - Rocky - F/X
2228,"Armageddon - Twister - World Is Not Enough, The"
2229,Kingpin - Wayne's World 2 - Mrs. Doubtfire
2230,"Powder - First Knight - Bodyguard, The"
2231,All the King's Men - Hamlet - Casablanca
2232,"Fried Green Tomatoes - People vs. Larry Flynt, The - Queen Margot (La Reine Margot)"
2233,"Starman - Somewhere in Time - Spanish Prisoner, The"
2234,"Color of Money, The - Air Force One"
2235,"Edward Scissorhands - Truman Show, The - As Good As It Gets"
2236,"What Lies Beneath - Cell, The - Boiler Room"
2237,Evita - Hook - Young Doctors in Love
2238,Henry Fool - Stealing Beauty - Kicking and Screaming
2239,"Astronaut's Wife, The - Election - Me, Myself and Irene"
2240,"Sixth Sense, The - Hunt for Red October, The - Fugitive, The"
2241,"Odd Couple, The - Swiss Family Robinson - Night of the Living Dead"
2242,Buffy the Vampire Slayer - Little Shop of Horrors - Wag the Dog
2243,Matewan - Vertigo - Invasion of the Body Snatchers
2244,Beautiful - Turn It Up - Barenaked in America
2245,"What Lies Beneath - Whole Nine Yards, The - U-571"
2246,Requiem for a Dream - Wonder Boys - Shanghai Noon
2247,"Wonder Boys - On the Town - Poseidon Adventure, The"
2248,"Everyone Says I Love You - Rocky Horror Picture Show, The - Dirty Dancing"
2249,"Amistad - American Tail, An - American President, The"
2250,"Bachelor, The - Being John Malkovich - Baby Geniuses"
2251,Gung Ho - Encino Man - Independence Day (ID4)
2252,101 Dalmatians - 10 Things I Hate About You
2253,Superman II - GoldenEye - Mission: Impossible
2254,Under Siege - Robocop - Face/Off
2255,"Amityville Horror, The - Blair Witch Project, The - Thing, The"
2256,"Edge, The - Rock, The - Blade"
2257,"Shakespeare in Love - Princess Bride, The - Out of Sight"
2258,"She's So Lovely - Commandments - Man in the Iron Mask, The"
2259,Winnie the Pooh and the Blustery Day - Do the Right Thing - Persuasion
2260,"Clockwatchers - American President, The"
2261,Pacific Heights - Payback - Pitch Black
2262,When Harry Met Sally... - M*A*S*H - Toy Story
2263,"League of Their Own, A - Get Shorty - Caddyshack"
2264,"Superman - Omen, The - Grease"
2265,"Crocodile Dundee - Blade - Mask of Zorro, The"
2266,"Seven Years in Tibet - Crying Game, The - Rainmaker, The"
2267,"Breakfast Club, The - Driving Miss Daisy - Big Chill, The"
2268,"Man Who Knew Too Little, The - Galaxy Quest"
2269,Dead Calm - Creepshow
2270,"Princess Mononoke, The (Mononoke Hime) - Blade Runner - Dr. Strangelove or: How I Learned to Stop Worrying and Love the Bomb"
2271,"Dances with Wolves - Outlaw Josey Wales, The - Tombstone"
2272,"Ordinary People - Cape Fear - Fifth Element, The"
2273,"Live and Let Die - Lord of the Rings, The - Love Bug, The"
2274,"Star Wars: Episode V - The Empire Strikes Back - Dr. Strangelove or: How I Learned to Stop Worrying and Love the Bomb - Matrix, The"
2275,"Shakespeare in Love - Run Silent, Run Deep - Thomas Crown Affair, The"
2276,"Untouchables, The - Once Upon a Time in America - True Romance"
2277,"Men in Black - League of Their Own, A - Bug's Life, A"
2278,Payback - On the Town - Rushmore
2279,Jumpin' Jack Flash - We're No Angels - Popeye
2280,"Glengarry Glen Ross - Sling Blade - Talented Mr. Ripley, The"
2281,"Clockwork Orange, A - Fargo - Klute"
2282,"In & Out - Nutty Professor, The - Bean"
2283,Romy and Michele's High School Reunion - Return to Me - Runaway Bride
2284,"Dreamscape - Rocky Horror Picture Show, The - Abyss, The"
2285,Groundhog Day - Cyrano de Bergerac - Clueless
2286,"Naked Gun: From the Files of Police Squad!, The - Men in Black - Airplane!"
2287,"Last Emperor, The - Crimson Tide - Courage Under Fire"
2288,"Terminator 2: Judgment Day - That Thing You Do! - Thin Red Line, The"
2289,"Schindler's List - Saving Private Ryan - Godfather, The"
2290,Gremlins - Private Benjamin - Tron
2291,Congo - Star Trek V: The Final Frontier - Batman Forever
2292,L.A. Confidential - Platoon
2293,Jerry Maguire - Cinema Paradiso - Clueless
2294,Dave - Close Encounters of the Third Kind - Around the World in 80 Days
2295,Alien - Aladdin
2296,"I Dreamed of Africa - Naked Gun: From the Files of Police Squad!, The - Airplane!"
2297,Mary Poppins - Shane - Crimson Tide
2298,"Boogie Nights - Edward Scissorhands - Naked Gun 2 1/2: The Smell of Fear, The"
2299,"Kid in King Arthur's Court, A - Robocop 2 - Solo"
2300,"High Plains Drifter - Davy Crockett, King of the Wild Frontier - Wyatt Earp"
2301,"On Golden Pond - Unbearable Lightness of Being, The - Fabulous Baker Boys, The"
2302,Mission to Mars - Supernova - Grease
2303,"Simple Plan, A - Body Heat - Private Parts"
2304,"Young Frankenstein - Exorcist, The - King Kong"
2305,"Sabrina - Grumpy Old Men - Paper, The"
2306,"Pretty Woman - Wedding Singer, The - I.Q."
2307,She's So Lovely - Mission: Impossible - Wonder Boys
2308,"Dune - Tron - Absent Minded Professor, The"
2309,Shane - Field of Dreams - Get Shorty
2310,Being John Malkovich - Shakespeare in Love - Toy Story 2
2311,Magnolia - Rosemary's Baby
2312,Communion - Star Trek V: The Final Frontier - Cocoon: The Return
2313,Escape from the Planet of the Apes - Stargate - Hollow Man
2314,"Sixth Sense, The - Runaway Bride - Snow Falling on Cedars"
2315,Airport '77 - Airplane! - Airplane II: The Sequel
2316,Sneakers - Chicken Run - Santa Claus: The Movie
2317,"Rushmore - Sleepy Hollow - Secret of Roan Inish, The"
2318,"Amityville 1992: It's About Time - Amistad - American President, The"
2319,Who Framed Roger Rabbit? - Sophie's Choice - Broadcast News
2320,I'll Do Anything - Air America - Peter's Friends
2321,"When Harry Met Sally... - Fish Called Wanda, A - Being John Malkovich"
2322,Babe - Pleasantville - Contact
2323,"Papillon - French Connection, The - Blazing Saddles"
2324,"From Here to Eternity - People vs. Larry Flynt, The - Big Night"
2325,"Prince of Egypt, The - Return to Me - Red Violin, The (Le Violon rouge)"
2326,Frequency - High Fidelity - X-Men
2327,Mission to Mars - Final Destination - Scream 3
2328,"Amityville Horror, The - Battle for the Planet of the Apes - Beneath the Planet of the Apes"
2329,"Meet Me in St. Louis - Ghost and Mrs. Muir, The - Fighting Seabees, The"
2330,Around the World in 80 Days - Song of the South - Lord of the Flies
2331,Erin Brockovich - 28 Days - Raiders of the Lost Ark
2332,"All About Eve - Graduate, The - Boat, The (Das Boot)"
2333,My Best Friend's Wedding - Mrs. Doubtfire - Cool Runnings
2334,"Practical Magic - Preacher's Wife, The - Pretty in Pink"
2335,"Blazing Saddles - Return of the Pink Panther, The - Shampoo"
2336,Unforgiven - Hang 'em High
2337,Rush Hour - Timecop - Die Hard: With a Vengeance
2338,"Hunt for Red October, The - Patriot Games - Jonah Who Will Be 25 in the Year 2000"
2339,Jerry Maguire - Top Gun
2340,"Hunchback of Notre Dame, The - Anastasia - Dirty Dancing"
2341,Waking Ned Devine - Babe - Mumford
2342,"Braveheart - Full Metal Jacket - Princess Mononoke, The (Mononoke Hime)"
2343,"White Christmas - Dirty Dancing - Jungle Book, The"
2344,"Blues Brothers, The - Groundhog Day - Swingers"
2345,Chicken Run - Midnight Cowboy
2346,"Mission: Impossible - Lost World: Jurassic Park, The - Lethal Weapon 3"
2347,"Blues Brothers, The - Adventures in Babysitting"
2348,"Death Wish - Superstar - Boat, The (Das Boot)"
2349,Hoosiers - Once Upon a Time in America - Rain Man
2350,"Jungle Book, The - Dumbo - Aladdin"
2351,Breakfast at Tiffany's - Chinatown - Annie Hall
2352,Halloween: H20 - Hello Mary Lou: Prom Night II - Candyman: Farewell to the Flesh
2353,Mission: Impossible - Far and Away - Natural Born Killers
2354,"Westworld - Nutty Professor, The - Cocoon"
2355,Suspicion - Apollo 13 - Trading Places
2356,"Dirty Dozen, The - Man and a Woman, A (Un Homme et une Femme)"
2357,"Ninth Gate, The - Perfect Storm, The - Eye of the Beholder"
2358,"Sixth Sense, The - Talented Mr. Ripley, The - Tender Mercies"
2359,Road Trip - Runaway Bride - Shakespeare in Love
2360,"Pleasantville - Blues Brothers, The - Austin Powers: International Man of Mystery"
2361,Young Guns - Three Amigos! - Jumpin' Jack Flash
2362,Twelve Monkeys - American Pie - Flirting With Disaster
2363,"Final Destination - Lost World: Jurassic Park, The - Any Given Sunday"
2364,All That Jazz - My Fair Lady - Lady and the Tramp
2365,"King Kong - Raiders of the Lost Ark - Terminator, The"
2366,Star Wars: Episode I - The Phantom Menace - Independence Day (ID4) - Conspiracy Theory
2367,Pleasantville - Groundhog Day - Four Weddings and a Funeral
2368,"Don Juan DeMarco - Walk in the Clouds, A - How to Make an American Quilt"
2369,No Way Out - What Ever Happened to Baby Jane? - Speed
2370,"Graduate, The - American Beauty - Scarlet Letter, The"
2371,Backdraft - Star Wars: Episode I - The Phantom Menace - Face/Off
2372,"Pleasantville - Bug's Life, A - Brothers McMullen, The"
2373,Sunset Blvd. (a.k.a. Sunset Boulevard) - Notorious
2374,"Maverick - Crow, The - Robocop"
2375,"Grumpy Old Men - Santa Claus: The Movie - Nightmare on Elm Street Part 2: Freddy's Revenge, A"
2376,"Big Kahuna, The - Blood Simple - Dog Day Afternoon"
2377,Live and Let Die - Romancing the Stone - Planet of the Apes
2378,Godzilla 2000 (Gojira ni-sen mireniamu) - Pokémon the Movie 2000 - Eye of the Beholder
2379,Fargo - Toy Story - Saving Private Ryan
2380,High Fidelity - Nurse Betty - What Lies Beneath
2381,Diner - Eyes Wide Shut
2382,"Sixth Sense, The - Run Lola Run (Lola rennt) - Summer of Sam"
2383,Shall We Dance? - Rebecca - Persuasion
2384,"Hunt for Red October, The - Seven (Se7en) - Crimson Tide"
2385,"All About Eve - Apostle, The"
2386,"Wizard of Oz, The - E.T. the Extra-Terrestrial - Jungle Book, The"
2387,"Trainspotting - Kids - Nightmare Before Christmas, The"
2388,Midnight Run - From Russia with Love
2389,Bob Roberts - Blade - Quiz Show
2390,"28 Days - Bachelor, The - Almost Famous"
2391,"Silence of the Lambs, The - Usual Suspects, The - Sixth Sense, The"
2392,"Runaway Bride - Story of Us, The - Stuart Little"
2393,"Saving Private Ryan - Terminator 2: Judgment Day - Thin Red Line, The"
2394,"Stargate - Psycho - Exorcist, The"
2395,"Outsiders, The - Cocoon - Risky Business"
2396,Apollo 13 - Election - Raise the Red Lantern
2397,"Gladiator - Green Mile, The - Chicken Run"
2398,Foxfire - Steel Magnolias - Footloose
2399,Repo Man - Terminator 2: Judgment Day
2400,"Godfather, The - Godfather: Part II, The - Terminator 2: Judgment Day"
2401,"Hunt for Red October, The - Blues Brothers, The - Jurassic Park"
2402,"Arthur - Willow - Presidio, The"
2403,Flight of the Navigator - Star Trek VI: The Undiscovered Country - Gattaca
2404,"Nutty Professor, The - Teenage Mutant Ninja Turtles - Hook"
2405,"Untouchables, The - Batman - African Queen, The"
2406,"Manhattan - Annie Hall - Goodbye Girl, The"
2407,Wings of Desire (Der Himmel über Berlin) - Trading Places - Beetlejuice
2408,"Thomas Crown Affair, The - Double Jeopardy - Volcano"
2409,"Center Stage - Perfect Storm, The - Loser"
2410,Easy Rider - Stand and Deliver - Murder in the First
2411,"Lethal Weapon 2 - Good Morning, Vietnam - Pee-wee's Big Adventure"
2412,Beneath the Planet of the Apes - Earthquake - Conquest of the Planet of the Apes
2413,Atlantic City - Dead Men Don't Wear Plaid - F/X
2414,"Clockwork Orange, A - Four Rooms - Coyote Ugly"
2415,Mission: Impossible - Malice - Legends of the Fall
2416,Heaven & Earth - Mars Attacks! - Seven Years in Tibet
2417,"Young Frankenstein - Hard Day's Night, A - Bug's Life, A"
2418,10 Things I Hate About You - Austin Powers: International Man of Mystery - You've Got Mail
2419,Vacation - Up in Smoke - Up Close and Personal
2420,"Lethal Weapon - Blues Brothers, The - War of the Worlds, The"
2421,"Godfather: Part II, The - Fargo - Reservoir Dogs"
2422,"Player, The - Crimes and Misdemeanors"
2423,My Best Friend's Wedding - Picture Perfect - Twister
2424,"Nutty Professor, The - Net, The - Thirteenth Floor, The"
2425,"Crying Game, The - English Patient, The - Legends of the Fall"
2426,Sense and Sensibility - Dog Day Afternoon - My Left Foot
2427,Farewell My Concubine - To Live (Huozhe) - Much Ado About Nothing
2428,"Do the Right Thing - Shop Around the Corner, The - Manhattan"
2429,Disturbing Behavior - Dirty Dancing - Romancing the Stone
2430,Candyman - When Harry Met Sally... - Airplane!
2431,"Godfather, The - Raiders of the Lost Ark - Godfather: Part II, The"
2432,Alien - Legends of the Fall - Far and Away
2433,"Gladiator - Chicken Run - Wrong Trousers, The"
2434,"Gone in 60 Seconds - Perfect Storm, The"
2435,Being John Malkovich - Butch Cassidy and the Sundance Kid - Do the Right Thing
2436,Big Trouble in Little China - Police Academy - American Beauty
2437,Airplane! - Mad Max 2 (a.k.a. The Road Warrior) - Edward Scissorhands
2438,"Planet of the Apes - Election - Crying Game, The"
2439,"Voyage to the Bottom of the Sea - Nightmare on Elm Street 4: The Dream Master, A - Freddy's Dead: The Final Nightmare"
2440,"Bug's Life, A - Best Man, The"
2441,Before and After - Just Cause - I Know What You Did Last Summer
2442,"Funny Face - South Pacific - Inspector General, The"
2443,Runaway Bride - Sister Act - Back to the Future Part III
2444,"Parent Trap, The - Matilda - Casper"
2445,Hellraiser: Bloodline - Teenage Mutant Ninja Turtles II: The Secret of the Ooze - Wild Wild West
2446,Booty Call - Hot Shots! Part Deux - Empire Records
2447,"Jewel of the Nile, The - Three Amigos! - Weekend at Bernie's"
2448,"This Is Spinal Tap - Ferris Bueller's Day Off - Right Stuff, The"
2449,"Lost World: Jurassic Park, The - Airplane II: The Sequel - Naked Gun 33 1/3: The Final Insult"
2450,"Braveheart - Misérables, Les - Sleepers"
2451,"Beverly Hillbillies, The - Beverly Hills Ninja - Chamber, The"
2452,Speed - Air Force One - So I Married an Axe Murderer
2453,Hav Plenty - Trading Places - Big
2454,"Weekend at Bernie's - Airplane II: The Sequel - Running Man, The"
2455,"Mummy, The - Hellbound: Hellraiser II - Buffy the Vampire Slayer"
2456,Willow - Three Amigos! - Psycho II
2457,Lost in Space - Soldier - Universal Soldier
2458,Mr. Mom - Weird Science - Adventures in Babysitting
2459,Meet Joe Black - Mrs. Doubtfire - Only You
2460,"Ghostbusters - Mission: Impossible 2 - Poseidon Adventure, The"
2461,Reservoir Dogs - Jerry Maguire - Good Will Hunting
2462,Oliver! - Yellow Submarine - White Christmas
2463,"View to a Kill, A - Red Dawn - Willow"
2464,Desperately Seeking Susan - Star Wars: Episode VI - Return of the Jedi - Pretty in Pink
2465,"Bonnie and Clyde - Right Stuff, The - Broadcast News"
2466,Starship Troopers - Alligator - Mars Attacks!
2467,Beyond the Mat - Hoop Dreams
2468,Kramer Vs. Kramer - Kelly's Heroes - Mad Max
2469,Glory - Braveheart - Jaws
2470,"Con Air - Mummy, The"
2471,Out of Sight - Groundhog Day - Singin' in the Rain
2472,Top Gun - U-571 - Nixon
2473,"Conquest of the Planet of the Apes - Naked Gun 2 1/2: The Smell of Fear, The - Beneath the Planet of the Apes"
2474,"L.A. Confidential - Chinatown - Usual Suspects, The"
2475,"American Werewolf in London, An - Halloween - Son of Dracula"
2476,2001: A Space Odyssey - Lifeboat - Star Wars: Episode V - The Empire Strikes Back
2477,"Graduate, The - Philadelphia Story, The - American Graffiti"
2478,Speed - Sullivan's Travels - Holiday Inn
2479,Jacob's Ladder - Fright Night - Misery
2480,"Rosemary's Baby - Sound of Music, The - Men in Black"
2481,Back to the Future - Holiday Inn - L.A. Story
2482,"Bad Seed, The - Bamba, La - Bridges of Madison County, The"
2483,"Guys and Dolls - Pork Chop Hill - Big Country, The"
2484,Blade - What's Eating Gilbert Grape - Atlantic City
2485,Jakob the Liar - I Dreamed of Africa - Magnolia
2486,Toy Story 2 - Clueless - Strictly Ballroom
2487,"Run Silent, Run Deep - Duck Soup - Dances with Wolves"
2488,"Saving Private Ryan - Right Stuff, The"
2489,Wonder Boys - Swimming with Sharks - Requiem for a Dream
2490,Magnolia - King of New York
2491,"Old Man and the Sea, The - African Queen, The - Jurassic Park"
2492,"Bull Durham - Hoosiers - Right Stuff, The"
2493,Romeo Must Die - Mission: Impossible 2 - Reindeer Games
2494,Mission: Impossible - Midnight in the Garden of Good and Evil - U Turn
2495,"Keeping the Faith - Autumn in New York - Misérables, Les"
2496,"Thing From Another World, The - They Shoot Horses, Don't They? - Thin Man, The"
2497,Cool Hand Luke - Crocodile Dundee - Cutter's Way
2498,"Pale Rider - Angel and the Badman - Outlaw Josey Wales, The"
2499,"Snow Falling on Cedars - Sixth Sense, The - Sleepy Hollow"
2500,Rob Roy - Where Eagles Dare - South Pacific
2501,"Who Framed Roger Rabbit? - 10 Things I Hate About You - Raisin in the Sun, A"
2502,"Boiler Room - Deep End of the Ocean, The"
2503,"Jewel of the Nile, The - Three Amigos! - Rocky III"
2504,Orlando - Alien Nation - Pulp Fiction
2505,"Airplane! - Terminator 2: Judgment Day - Naked Gun: From the Files of Police Squad!, The"
2506,Ghostbusters - Never Cry Wolf - Koyaanisqatsi
2507,"Superman III - 101 Dalmatians - Iron Giant, The"
2508,Wild Wild West - What Lies Beneath - Grease
2509,Planet of the Apes - Die Hard - Jaws
2510,"Star Wars: Episode I - The Phantom Menace - Absent Minded Professor, The - Dune"
2511,"Full Metal Jacket - Right Stuff, The - Shining, The"
2512,"Saving Private Ryan - Hamlet - Silence of the Lambs, The"
2513,"Midnight Run - Purple Rose of Cairo, The - Happiness"
2514,Key Largo - L.A. Confidential - Dead Again
2515,Escape from the Planet of the Apes - Star Trek III: The Search for Spock - Lost in Space
2516,What About Bob? - Analyze This
2517,"Cider House Rules, The - Snow Day - Erin Brockovich"
2518,"Blade - Perfect Storm, The - Benji"
2519,Mary Poppins - Dumbo - Cabaret
2520,Breakfast at Tiffany's - Chinatown - Blade Runner
2521,"Wizard of Oz, The - Time Bandits - Willy Wonka and the Chocolate Factory"
2522,Eraser - Condorman - Rambo III
2523,"Sound of Music, The - Bedknobs and Broomsticks - Dirty Dancing"
2524,Chinatown - Rear Window - Charade
2525,"Being There - League of Their Own, A - Ghostbusters"
2526,Escape from the Planet of the Apes - Tron - Mad Max Beyond Thunderdome
2527,Ben-Hur - Lethal Weapon
2528,"13th Warrior, The - Abyss, The - Anna and the King"
2529,Trekkies - Mr. Smith Goes to Washington - North by Northwest
2530,Austin Powers: The Spy Who Shagged Me - Arlington Road
2531,"Lady Eve, The - To Catch a Thief - Romeo and Juliet"
2532,Tender Mercies - Fried Green Tomatoes - Field of Dreams
2533,"Far and Away - Prince of Tides, The - Twister"
2534,"American Beauty - Palm Beach Story, The - Animal House"
2535,"Close Encounters of the Third Kind - Grapes of Wrath, The - On the Waterfront"
2536,Encino Man - Hope Floats - Dumb & Dumber
2537,Fight Club - Jaws - Fried Green Tomatoes
2538,Homeward Bound: The Incredible Journey - Around the World in 80 Days
2539,"Star Trek: The Wrath of Khan - Abyss, The - Full Metal Jacket"
2540,"Fan, The - Vegas Vacation - Sleepwalkers"
2541,Speed - Phenomenon - Four Weddings and a Funeral
2542,"Black Cauldron, The - Our Town"
2543,Amadeus - Alien
2544,"Mad Max Beyond Thunderdome - Superman II - Golden Voyage of Sinbad, The"
2545,"Christmas Story, A - When Harry Met Sally... - Amadeus"
2546,"Lost Weekend, The - Taming of the Shrew, The - Network"
2547,On the Waterfront - Election - Places in the Heart
2548,"Pacific Heights - Sixth Sense, The - Stuart Little"
2549,Escape from L.A. - Clear and Present Danger
2550,Little Big Man - Unforgiven - Once Upon a Time in the West
2551,Go - Ghostbusters - Magnolia
2552,"Great Mouse Detective, The - Working Girl - Ladyhawke"
2553,Clear and Present Danger - Air Force One
2554,"Meet Joe Black - Green Mile, The - Cider House Rules, The"
2555,Cape Fear - Quiz Show - Ferris Bueller's Day Off
2556,Good Will Hunting - Underground - City Lights
2557,Welcome to the Dollhouse - Life Is Beautiful (La Vita è bella) - As Good As It Gets
2558,"Lost World: Jurassic Park, The - Godzilla - Jumanji"
2559,"Edge, The - Blade - Star Trek: First Contact"
2560,"Few Good Men, A - Amistad - Braveheart"
2561,Waking Ned Devine - Brassed Off - Dave
2562,"Tarzan - Sleeping Beauty - Prince of Egypt, The"
2563,Ridicule - Leaving Las Vegas - Dead Man Walking
2564,Blast from the Past - Sleepless in Seattle - Notting Hill
2565,What About Bob? - What Dreams May Come - What's Eating Gilbert Grape
2566,12 Angry Men - Batman - Field of Dreams
2567,Soylent Green - Beneath the Planet of the Apes - Body Snatchers
2568,eXistenZ - Time Bandits - Star Wars: Episode IV - A New Hope
2569,"Abbott and Costello Meet Frankenstein - Naked Gun 2 1/2: The Smell of Fear, The - Grumpy Old Men"
2570,Sleepless in Seattle - Phenomenon - Legends of the Fall
2571,"Little Mermaid, The - Stuart Little - Alice in Wonderland"
2572,"Terminator, The - Mad Max - Star Wars: Episode VI - Return of the Jedi"
2573,"Great Escape, The - Dirty Dozen, The - Apocalypse Now"
2574,"Great Escape, The - Star Wars: Episode V - The Empire Strikes Back - King Kong"
2575,"Mad Max Beyond Thunderdome - Running Man, The - Mars Attacks!"
2576,Red Dawn - Dragonheart - Twister
2577,Payback - Random Hearts - Runaway Bride
2578,"Usual Suspects, The - Reservoir Dogs - Fugitive, The"
2579,"Vertigo - Bridge on the River Kwai, The - Walkabout"
2580,"To Wong Foo, Thanks for Everything! Julie Newmar - Santa Clause, The - Roger & Me"
2581,"Fantasia - Wizard of Oz, The - Snow White and the Seven Dwarfs"
2582,Cosi - Blazing Saddles
2583,"Flintstones, The - Natural, The - Field of Dreams"
2584,"Ice Storm, The - Waking the Dead"
2585,"Wedding Singer, The - Back to the Future Part II - Beetlejuice"
2586,"Hard Day's Night, A - Insider, The - Deliverance"
2587,"Patriot, The - American Psycho - U-571"
2588,"Tin Cup - My Best Friend's Wedding - Big Lebowski, The"
2589,"Wag the Dog - Naked Gun: From the Files of Police Squad!, The - Never Cry Wolf"
2590,Escape from the Planet of the Apes - She's the One - Airplane II: The Sequel
2591,Almost Famous - Shakespeare in Love - Back to the Future
2592,"Honey, I Shrunk the Kids - Darby O'Gill and the Little People - Babes in Toyland"
2593,Titus - Diva - Crumb
2594,Gone in 60 Seconds - Reindeer Games - Battlefield Earth
2595,"Sister Act 2: Back in the Habit - Flintstones, The - Speed 2: Cruise Control"
2596,Four Weddings and a Funeral - Message in a Bottle - Forever Young
2597,"Age of Innocence, The - Amadeus - American Gigolo"
2598,Aliens - Die Hard - Jaws
2599,"South Park: Bigger, Longer and Uncut - Jungle Book, The - Who Framed Roger Rabbit?"
2600,"Time to Kill, A - River Runs Through It, A - Hurricane, The"
2601,Heidi Fleiss: Hollywood Madam - Seven Samurai (The Magnificent Seven) (Shichinin no samurai) - Breaker Morant
2602,"Right Stuff, The - Fargo - Women on the Verge of a Nervous Breakdown"
2603,"Few Good Men, A - Sleepers - Last of the Mohicans, The"
2604,Pulp Fiction - Apocalypse Now - Full Metal Jacket
2605,"Star Wars: Episode V - The Empire Strikes Back - Great Escape, The - Treasure of the Sierra Madre, The"
2606,When Harry Met Sally... - Mona Lisa - Mary Poppins
2607,Dances with Wolves - Hamlet - Tom and Huck
2608,Monty Python and the Holy Grail - Brazil - Touch of Evil
2609,"Needful Things - Blair Witch Project, The - Guardian, The"
2610,Zeus and Roxanne - Snow Day - Rudy
2611,Rocky III - Superman IV: The Quest for Peace - Rocky V
2612,GoodFellas - L.A. Confidential - Pulp Fiction
2613,Clueless - Annie Hall
2614,"Patton - Crying Game, The - Kelly's Heroes"
2615,"Titanic - Good Will Hunting - Few Good Men, A"
2616,"Dangerous Liaisons - Stand by Me - Last Emperor, The"
2617,"People vs. Larry Flynt, The - Basic Instinct - Perfect Murder, A"
2618,"Airplane! - Tigger Movie, The"
2619,"Wrong Trousers, The - Fargo - Shawshank Redemption, The"
2620,"Bonnie and Clyde - E.T. the Extra-Terrestrial - Rock, The"
2621,Lethal Weapon - Marathon Man - Back to the Future
2622,"Governess, The - Never Been Kissed - Tin Cup"
2623,"First Wives Club, The - Grumpier Old Men - I'm Not Rappaport"
2624,"Aristocats, The - American Tail, An - Balto"
2625,"Tingler, The - House on Haunted Hill - Texas Chainsaw Massacre 2, The"
2626,"Mosquito Coast, The - Sixth Sense, The"
2627,Easy Money - Outrageous Fortune - Arthur
2628,Outbreak - Phenomenon - Kiss the Girls
2629,Star Wars: Episode IV - A New Hope - Jaws - Back to the Future
2630,"Sixth Sense, The - Scream 3 - Story of Us, The"
2631,Top Hat - Cabaret - Fantasia
2632,Sommersby - Congo - Boxing Helena
2633,"Sixth Sense, The - Thomas Crown Affair, The - Toy Story 2"
2634,"Rock, The - Star Trek: First Contact - Crow, The"
2635,"Sorority House Massacre - Supergirl - Slumber Party Massacre II, The"
2636,"Few Good Men, A - This Is Spinal Tap - Monty Python and the Holy Grail"
2637,Jakob the Liar - Man on the Moon - Random Hearts
2638,True Romance - True Lies - GoldenEye
2639,"Perfect Storm, The - Meet the Parents - Tigger Movie, The"
2640,Runaway Bride - Stuart Little
2641,"Doors, The - Evening Star, The - Porky's"
2642,"Face/Off - Ransom - Exorcist, The"
2643,"Insider, The - Right Stuff, The - Dead Poets Society"
2644,"Nightmare Before Christmas, The - Edward Scissorhands"
2645,European Vacation - Soul Man - Rocky III
2646,"Horse Whisperer, The - Titanic"
2647,"Sound of Music, The - Clay Pigeons"
2648,"Babe: Pig in the City - Lion King, The - Christmas Vacation"
2649,"Star Trek V: The Final Frontier - Godzilla (Gojira) - Killing Fields, The"
2650,Wag the Dog - 2001: A Space Odyssey - Star Trek IV: The Voyage Home
2651,"Heartbreak Ridge - Lethal Weapon 3 - Siege, The"
2652,Animal House - Ghostbusters - Moonstruck
2653,Pushing Tin - Stigmata - eXistenZ
2654,"Seven Years in Tibet - Wayne's World - American President, The"
2655,"Here on Earth - Hollow Man - Haunting, The"
2656,"Braveheart - Siege, The - U.S. Marshalls"
2657,Twelve Monkeys - Primal Fear
2658,Shakespeare in Love - Election - Mighty Aphrodite
2659,"Corrina, Corrina - Broadcast News - When Harry Met Sally..."
2660,You've Got Mail - Top Gun - Sabrina
2661,"Air Bud - 101 Dalmatians - Apple Dumpling Gang, The"
2662,"Grapes of Wrath, The - His Girl Friday - Notorious"
2663,"Karate Kid, Part II, The - Paulie - Avengers, The"
2664,"Fly, The - Primal Fear - Crying Game, The"
2665,"On the Waterfront - Casablanca - Man Who Would Be King, The"
2666,Back to the Future - Beetlejuice - Young Frankenstein
2667,"Cyrano de Bergerac - Edward Scissorhands - Little Mermaid, The"
2668,While You Were Sleeping - White Men Can't Jump - Multiplicity
2669,Frequency - Mission: Impossible 2 - U-571
2670,"Bug's Life, A - Nutty Professor, The - White Men Can't Jump"
2671,Grumpy Old Men - Rudy
2672,"Devil's Advocate, The - Perfect Murder, A - Blade Runner"
2673,"Cell, The - Big Hit, The"
2674,East is East - Bound - Reservoir Dogs
2675,Total Recall - Men in Black - Starship Troopers
2676,"101 Dalmatians - Borrowers, The - Lion King, The"
2677,"Rock, The - Murder at 1600 - Midsummer Night's Dream, A"
2678,Young Frankenstein - Jaws - Ghostbusters
2679,"Mask, The - Dark Crystal, The - Dragonheart"
2680,Out of Africa - Never Been Kissed - Night of the Living Dead
2681,Boys on the Side - Father of the Bride Part II - Renaissance Man
2682,Murder at 1600 - Snake Eyes - I Still Know What You Did Last Summer
2683,"Fisher King, The - Home Alone - Wag the Dog"
2684,All About My Mother (Todo Sobre Mi Madre) - Big Night - Bastard Out of Carolina
2685,"Space Cowboys - Fabulous Baker Boys, The - Jerry Maguire"
2686,"Blair Witch Project, The - Civil Action, A"
2687,"Go - Hard 8 (a.k.a. Sydney, a.k.a. Hard Eight)"
2688,"Erin Brockovich - Babe - Apostle, The"
2689,"Bug's Life, A - Gladiator - Lion King, The"
2690,"Shawshank Redemption, The - Fargo"
2691,Bull Durham - Living in Oblivion - Gone with the Wind
2692,Edward Scissorhands - Higher Learning - Sliding Doors
2693,"All About Eve - Bridge on the River Kwai, The - Leaving Las Vegas"
2694,"13th Warrior, The - Alien: Resurrection - Buffy the Vampire Slayer"
2695,"Key Largo - Wizard of Oz, The - African Queen, The"
2696,"Perfect Murder, A - Devil's Advocate, The"
2697,"Pacific Heights - Sixth Sense, The - Snow Falling on Cedars"
2698,"Love Serenade - Great Dictator, The - Full Monty, The"
2699,Pulp Fiction - Ben-Hur - On Golden Pond
2700,Lethal Weapon 4 - Cliffhanger - Lethal Weapon 3
2701,"Santa Clause, The - Mask, The - Gone in 60 Seconds"
2702,"Haunting, The - Bride of Chucky - American Psycho"
2703,Grand Canyon - Devil in a Blue Dress - Dead Presidents
2704,"Old Yeller - Five Easy Pieces - French Connection, The"
2705,"Silence of the Lambs, The - Fargo"
2706,"Terminator, The - Die Hard"
2707,"Dirty Dancing - Nutty Professor, The"
2708,Payback - Pacific Heights - Pushing Tin
2709,"Jurassic Park - Fantastic Voyage - Naked Gun 2 1/2: The Smell of Fear, The"
2710,"Girlfight - Contender, The - Nurse Betty"
2711,Willy Wonka and the Chocolate Factory - Time Bandits - Star Wars: Episode IV - A New Hope
2712,Shaft - Star Trek: The Motion Picture - Cliffhanger
2713,Dr. Strangelove or: How I Learned to Stop Worrying and Love the Bomb - Star Wars: Episode IV - A New Hope
2714,"Sound of Music, The - From Dusk Till Dawn"
2715,"Naked Gun: From the Files of Police Squad!, The - Private Benjamin - Live and Let Die"
2716,Star Wars: Episode IV - A New Hope - Star Wars: Episode VI - Return of the Jedi
2717,Thelma & Louise - Shanghai Triad (Yao a yao yao dao waipo qiao)
2718,"Mirror Has Two Faces, The - Home Alone - First Wives Club, The"
2719,"2001: A Space Odyssey - Battleship Potemkin, The (Bronenosets Potyomkin) - Thin Man, The"
2720,"Independence Day (ID4) - Longest Day, The - Captain Horatio Hornblower"
2721,Titanic - Sleepless in Seattle - Romancing the Stone
2722,Army of Darkness - Blade Runner
2723,Peggy Sue Got Married - Weird Science - Three Amigos!
2724,Dirty Dancing - Everyone Says I Love You - Grease
2725,Any Given Sunday - Airplane II: The Sequel - Abbott and Costello Meet Frankenstein
2726,"Insider, The - Platoon - Hustler, The"
2727,Superman - Star Trek IV: The Voyage Home - Sneakers
2728,Star Trek: Generations - Back to the Future Part III - Independence Day (ID4)
2729,In the Line of Fire - Braveheart
2730,"Blues Brothers, The - Guns of Navarone, The - Young Frankenstein"
2731,Gremlins - Sixteen Candles - My Bodyguard
2732,"Frequency - Maltese Falcon, The - Manchurian Candidate, The"
2733,"Eat Drink Man Woman - English Patient, The - Postino, Il (The Postman)"
2734,"Sleeping Beauty - Little Mermaid, The - Everyone Says I Love You"
2735,Out of Africa - Powder
2736,Love and Death - Take the Money and Run - Being There
2737,"Beavis and Butt-head Do America - Jewel of the Nile, The - Scrooged"
2738,"Madness of King George, The - Awakenings - Circle of Friends"
2739,"Pacific Heights - Out of Africa - Poseidon Adventure, The"
2740,"Terminator 2: Judgment Day - Braveheart - Boat, The (Das Boot)"
2741,"Thomas Crown Affair, The - Ransom - Crimson Tide"
2742,Labyrinth - Escape to Witch Mountain - Jumanji
2743,House Arrest - Jennifer 8 - Volcano
2744,Re-Animator - Children of the Damned - Carnival of Souls
2745,"Lethal Weapon - Hurricane, The - Blues Brothers, The"
2746,Bulworth - As Good As It Gets - Cocoon
2747,West Side Story - Snow White and the Seven Dwarfs - Beauty and the Beast
2748,"Dumbo - Great Muppet Caper, The - Pinocchio"
2749,"Guns of Navarone, The - Crying Game, The - Great Escape, The"
2750,"Secret Garden, The - Blue Angel, The (Blaue Engel, Der) - Pulp Fiction"
2751,Christmas Vacation - Funny Farm - Dead Men Don't Wear Plaid
2752,"Bullets Over Broadway - Crimson Tide - Opposite of Sex, The"
2753,"Fly Away Home - Journey of Natty Gann, The - 20,000 Leagues Under the Sea"
2754,Scrooged - Ace Ventura: Pet Detective - White Men Can't Jump
2755,Rudy - Beloved
2756,"Great Muppet Caper, The - My Cousin Vinny - League of Their Own, A"
2757,East is East - X-Men - Gladiator
2758,"Grosse Pointe Blank - Breakfast Club, The - Airplane!"
2759,Once Upon a Time... When We Were Colored - Say Anything...
2760,Casablanca - Raging Bull - Dr. Strangelove or: How I Learned to Stop Worrying and Love the Bomb
2761,"American President, The - Dogma - Vacation"
2762,"General's Daughter, The - Instinct - Messenger: The Story of Joan of Arc, The"
2763,"Civil Action, A - Firm, The"
2764,High Plains Drifter - Children of a Lesser God - Heathers
2765,Superman II - Maverick - Moonraker
2766,Mr. Holland's Opus - Snow Day - Chicken Run
2767,"Game, The - Jacob's Ladder - Devil's Advocate, The"
2768,Glory - Full Metal Jacket - Brazil
2769,Pretty in Pink - Desperately Seeking Susan - Ladyhawke
2770,"Naked Gun 33 1/3: The Final Insult - Mission to Mars - Texas Chainsaw Massacre 2, The"
2771,Mad Max Beyond Thunderdome - Under Siege - Rush Hour
2772,Some Kind of Wonderful - Nurse Betty - High Fidelity
2773,"Run Lola Run (Lola rennt) - Last Picture Show, The - Bridge on the River Kwai, The"
2774,M*A*S*H - Alien - Apocalypse Now
2775,"Year My Voice Broke, The - Godfather, The - Whatever"
2776,Witness - Dead Poets Society - Starman
2777,Say Anything... - Parenthood - Bull Durham
2778,Breaking the Waves - Secrets & Lies - Home Alone
2779,"Cabaret - Streetcar Named Desire, A - Right Stuff, The"
2780,"Prince of Egypt, The - Run Lola Run (Lola rennt) - Sixth Sense, The"
2781,"Creepshow - Dead Calm - Deep End of the Ocean, The"
2782,"Cable Guy, The - Black Sheep - While You Were Sleeping"
2783,"20,000 Leagues Under the Sea - Heavy Metal - Pi"
2784,Tender Mercies - Raising Arizona - M*A*S*H
2785,Vegas Vacation - Armed and Dangerous - Bonfire of the Vanities
2786,"Papillon - Buddy Holly Story, The - Dead Poets Society"
2787,"Braveheart - Commitments, The - Untouchables, The"
2788,"French Connection, The - Gods Must Be Crazy, The - My Life as a Dog (Mitt liv som hund)"
2789,"Rocky - Romancing the Stone - Last of the Mohicans, The"
2790,"Superman - Lord of the Rings, The - Ghost in the Shell (Kokaku kidotai)"
2791,"Chinatown - Big Sleep, The - Maltese Falcon, The"
2792,There's Something About Mary - Tin Cup - My Cousin Vinny
2793,"Matrix, The - Mariachi, El - Fugitive, The"
2794,Groundhog Day - Cold Comfort Farm - Strictly Ballroom
2795,High Plains Drifter - Dances with Wolves - Maverick
2796,Boogie Nights - Bringing Up Baby - Cat on a Hot Tin Roof
2797,"Young Frankenstein - Ghostbusters - Birds, The"
2798,"Hunt for Red October, The - Big Chill, The - Die Hard"
2799,Monty Python's Life of Brian - Airplane!
2800,Grumpy Old Men - Cape Fear - Blast from the Past
2801,Romy and Michele's High School Reunion - Runaway Bride - She's All That
2802,"Blood Simple - Godfather, The - Citizen Kane"
2803,Tampopo - Women on the Verge of a Nervous Breakdown - North by Northwest
2804,Star Wars: Episode VI - Return of the Jedi - Dangerous Liaisons - When Harry Met Sally...
2805,Big Night - Breaker Morant - Key Largo
2806,"Private Parts - Tomorrow Never Dies - Great Muppet Caper, The"
2807,Paths of Glory - Big - Splash
2808,12 Angry Men - Vertigo - Ben-Hur
2809,"Paper, The - Close Encounters of the Third Kind - Some Like It Hot"
2810,"Simon Birch - Sixth Man, The - Sister Act 2: Back in the Habit"
2811,"Saltmen of Tibet, The - Mute Witness - When We Were Kings"
2812,"Mask, The - Dave - Soapdish"
2813,Hairspray - My Left Foot
2814,Austin Powers: International Man of Mystery - Fools Rush In - Flatliners
2815,Dead Calm - Creepshow - Dinosaur
2816,Supercop - Lethal Weapon
2817,"Much Ado About Nothing - Star Wars: Episode IV - A New Hope - Godfather, The"
2818,"Astronaut's Wife, The - Howard the Duck - Robocop 2"
2819,Reindeer Games - Drowning Mona
2820,"Filth and the Fury, The - Edward Scissorhands - Swingers"
2821,"Fly, The - Erin Brockovich - Grumpy Old Men"
2822,"Raiders of the Lost Ark - Great Escape, The - Galaxy Quest"
2823,Shakespeare in Love - Election - Life Is Beautiful (La Vita è bella)
2824,Mickey Blue Eyes - Deuce Bigalow: Male Gigolo - Orgazmo
2825,"Space Cowboys - Tao of Steve, The - Nurse Betty"
2826,"Last Detail, The - Willy Wonka and the Chocolate Factory - Eraserhead"
2827,Alien Nation - Lethal Weapon 2 - Star Wars: Episode V - The Empire Strikes Back
2828,"Deer Hunter, The - Requiem for a Dream - Bone Collector, The"
2829,It Conquered the World - Taxi Driver - 42 Up
2830,"Blues Brothers, The - Patriot Games - Romancing the Stone"
2831,Toy Story 2 - Good Will Hunting - Back to the Future
2832,"Full Metal Jacket - Killing Fields, The - French Connection, The"
2833,"Secret of Roan Inish, The - Stuart Little - Summer of Sam"
2834,Titanic - Glen or Glenda
2835,"Braveheart - Brothers McMullen, The - Bronco Billy"
2836,Mission: Impossible 2 - Runaway Bride
2837,Mission: Impossible - Waterworld - Twister
2838,Toy Story 2 - Annie Hall - Network
2839,She's All That - Rushmore - Runaway Bride
2840,"Ace Ventura: Pet Detective - 2001: A Space Odyssey - Addams Family, The"
2841,"Beach, The - Me, Myself and Irene - Gone in 60 Seconds"
2842,American Beauty - Breaker Morant - Star Wars: Episode V - The Empire Strikes Back
2843,"From Dusk Till Dawn - Grumpier Old Men - Amityville Horror, The"
2844,"Limey, The - Jackie Chan's First Strike - Supercop"
2845,"Men in Black - Face/Off - Fifth Element, The"
2846,"Little Mermaid, The - Scary Movie - Forrest Gump"
2847,"Searching for Bobby Fischer - Simple Plan, A - My Cousin Vinny"
2848,Groundhog Day - Much Ado About Nothing - When Harry Met Sally...
2849,Say Anything... - Much Ado About Nothing - Prizzi's Honor
2850,"Perfect Storm, The - Crocodile Dundee - Armageddon"
2851,Rushmore - Romy and Michele's High School Reunion - Shakespeare in Love
2852,"Friday the 13th Part 3: 3D - Nightmare on Elm Street Part 2: Freddy's Revenge, A - Pet Sematary"
2853,"American President, The - Singles - Man Bites Dog (C'est arrivé près de chez vous)"
2854,Swingers - Clerks - Casino
2855,"GoodFellas - Wrong Trousers, The - American Beauty"
2856,"Godfather, The - Godfather: Part II, The - Lawrence of Arabia"
2857,Cop Land - To Die For - Prince of the City
2858,"Parent Trap, The - Wizard of Oz, The - Old Yeller"
2859,"Birds, The - Messenger: The Story of Joan of Arc, The - Red Violin, The (Le Violon rouge)"
2860,Mildred Pierce - Auntie Mame - Paris Is Burning
2861,"Red Violin, The (Le Violon rouge) - South Park: Bigger, Longer and Uncut - She's All That"
2862,"Killing Fields, The - Bridge on the River Kwai, The - Great Escape, The"
2863,"Paris Is Burning - War Room, The - Trekkies"
2864,"Taking of Pelham One Two Three, The - Talented Mr. Ripley, The - Stuart Little"
2865,"Driving Miss Daisy - Field of Dreams - Good Morning, Vietnam"
2866,Romeo and Juliet - When Harry Met Sally... - Clueless
2867,Hollow Man - Godzilla 2000 (Gojira ni-sen mireniamu) - Titan A.E.
2868,"Road to El Dorado, The - Sleepy Hollow - Shakespeare in Love"
2869,All Quiet on the Western Front - American Flyers - American Graffiti
2870,"Thin Red Line, The - Wag the Dog - Ulee's Gold"
2871,"Gremlins - Amityville Horror, The - Jacob's Ladder"
2872,"Wide Awake - Three Colors: Red - English Patient, The"
2873,"Labyrinth - Ghost and the Darkness, The - Perfect Storm, The"
2874,"Godfather: Part II, The - Gaslight - L.A. Confidential"
2875,"Mad Max - French Connection, The - Total Recall"
2876,Starman - Superman - Star Trek IV: The Voyage Home
2877,"Three Kings - Godfather, The - Sphere"
2878,Austin Powers: The Spy Who Shagged Me - Dumb & Dumber - Dear God
2879,GoodFellas - Animal House
2880,"Dances with Wolves - Goonies, The - Akira"
2881,Reindeer Games - Air America - Better Off Dead...
2882,When Harry Met Sally... - Bull Durham - Ferris Bueller's Day Off
2883,Bad Boys - Bad Lieutenant - Backdraft
2884,Star Trek: First Contact - Topsy-Turvy
2885,Batman Returns - Lethal Weapon 3 - Varsity Blues
2886,Wild Wild West - Last Man Standing - Money Talks
2887,End of Days - Dante's Peak - Speed 2: Cruise Control
2888,"Fox and the Hound, The - Alice in Wonderland - E.T. the Extra-Terrestrial"
2889,Dead Man Walking - Key Largo - Network
2890,Dick Tracy - Last Action Hero - Twister
2891,"She's All That - Sixth Sense, The - Talented Mr. Ripley, The"
2892,Mission: Impossible - Gone in 60 Seconds - Hollow Man
2893,Full Metal Jacket - Barry Lyndon
2894,"Under Siege 2: Dark Territory - Batman Forever - Karate Kid, Part II, The"
2895,"Blood Simple - Women on the Verge of a Nervous Breakdown - Right Stuff, The"
2896,Teenage Mutant Ninja Turtles III - Jerry Springer: Ringmaster - Richie Rich
2897,"Wolf - American Werewolf in London, An - Never Cry Wolf"
2898,"Astronaut's Wife, The - Arachnophobia - Bug's Life, A"
2899,Dr. No - Batman - Starship Troopers
2900,"So I Married an Axe Murderer - Lion King, The - Hamlet"
2901,Indiana Jones and the Last Crusade - Strangers on a Train - Married to the Mob
2902,Shakespeare in Love - Being John Malkovich
2903,"Wayne's World 2 - World Is Not Enough, The - Legends of the Fall"
2904,Fight Club - Meet the Parents - Mifune (Mifunes sidste sang)
2905,"Twelve Monkeys - Abyss, The - Jurassic Park"
2906,"Who Framed Roger Rabbit? - True Grit - Mark of Zorro, The"
2907,"Popeye - Blue Lagoon, The - Money Pit, The"
2908,Poltergeist - Wes Craven's New Nightmare
2909,"Virtuosity - City Hall - Perfect Storm, The"
2910,"Rage: Carrie 2, The - Nightmare on Elm Street Part 2: Freddy's Revenge, A - Star Wars: Episode VI - Return of the Jedi"
2911,Autumn in New York - Cruel Intentions - Double Jeopardy
2912,Being John Malkovich - Arachnophobia - Austin Powers: The Spy Who Shagged Me
2913,"Total Recall - Song of the South - Cook the Thief His Wife & Her Lover, The"
2914,Austin Powers: International Man of Mystery - Ferris Bueller's Day Off - High Fidelity
2915,"Usual Suspects, The - Fargo - I Went Down"
2916,"Wayne's World - Tao of Steve, The - Mighty Aphrodite"
2917,"Shawshank Redemption, The - Crumb - Annie Hall"
2918,"Contender, The - Keeping the Faith - Meet the Parents"
2919,"NeverEnding Story, The - Labyrinth - Running Man, The"
2920,Beneath the Planet of the Apes - White Men Can't Jump
2921,Judge Dredd - Lawnmower Man 2: Beyond Cyberspace - Robocop 3
2922,"Highlander - Highlander III: The Sorcerer - Island of Dr. Moreau, The"
2923,Blazing Saddles - Alien
2924,"Wild Wild West - Matrix, The - Saving Private Ryan"
2925,Frequency - Bless the Child
2926,First Knight - Mars Attacks! - Hope Floats
2927,"Stand by Me - Raiders of the Lost Ark - Treasure of the Sierra Madre, The"
2928,"Fistful of Dollars, A - Back to the Future Part III - Quick and the Dead, The"
2929,"Nick of Time - Replacement Killers, The - Client, The"
2930,"Exorcist, The - Rosemary's Baby"
2931,Money Train - Anaconda - Firestorm
2932,"Heat - Talented Mr. Ripley, The - Devil's Advocate, The"
2933,Aliens - Rain Man - Mad Max 2 (a.k.a. The Road Warrior)
2934,"Misérables, Les - For Whom the Bell Tolls - Babe: Pig in the City"
2935,54 - Austin Powers: The Spy Who Shagged Me - Arachnophobia
2936,"Bug's Life, A - Mary Poppins - Little Princess, A"
2937,White Men Can't Jump - Star Wars: Episode I - The Phantom Menace - Face/Off
2938,"Roger & Me - Fargo - Sound of Music, The"
2939,So I Married an Axe Murderer - Supercop - Die Hard 2
2940,"Crow, The - Speed - Enemy of the State"
2941,"Clue - Mask, The - Boy Who Could Fly, The"
2942,"Adventures of Robin Hood, The - Howards End - Player, The"
2943,"Fly, The - Heavy Metal - Total Recall"
2944,Aladdin - Kicking and Screaming - Modern Times
2945,Swingers - Outside Providence - Rushmore
2946,Star Trek: The Motion Picture - Rising Sun - Waterworld
2947,Do the Right Thing - Amadeus - Stand by Me
2948,"How to Be a Player - Almost Famous - Replacements, The"
2949,Who Framed Roger Rabbit? - Wild Wild West - X-Men
2950,Mickey Blue Eyes - Six Days Seven Nights - Twister
2951,"Bronx Tale, A - Edward Scissorhands - Schindler's List"
2952,"Princess Bride, The - Drunken Master (Zui quan) - Limey, The"
2953,"Secret of Roan Inish, The - Talented Mr. Ripley, The - Summer of Sam"
2954,"Talented Mr. Ripley, The - South Park: Bigger, Longer and Uncut - Stuart Little"
2955,"Eyes Wide Shut - General's Daughter, The - I Saw What You Did"
2956,Timecop - Judge Dredd - Planet of the Apes
2957,"South Park: Bigger, Longer and Uncut - Clerks - Ben-Hur"
2958,"Shakespeare in Love - Sixth Sense, The - Sleepy Hollow"
2959,Dogma - Rosencrantz and Guildenstern Are Dead - Ronin
2960,Reservoir Dogs - Shakespeare in Love - Annie Hall
2961,"Planet of the Apes - Nightmare Before Christmas, The - Star Trek: The Wrath of Khan"
2962,Desperado - Ransom - B. Monkey
2963,"Misérables, Les - Hate (Haine, La) - Dead Poets Society"
2964,Fargo - Stand by Me - Like Water for Chocolate (Como agua para chocolate)
2965,"To Sir with Love - Sixth Sense, The - Sleepers"
2966,"Hurricane, The - Mrs. Doubtfire - White Men Can't Jump"
2967,Good Will Hunting - What's Eating Gilbert Grape - Sid and Nancy
2968,"Emma - Great Expectations - Ghost and the Darkness, The"
2969,Back to School - Pulp Fiction - True Romance
2970,"Pleasantville - Bronx Tale, A - Apollo 13"
2971,Angela's Ashes - Holy Smoke - High Fidelity
2972,Candyman: Farewell to the Flesh - Graveyard Shift - Halloween: H20
2973,"She's All That - Snow Falling on Cedars - Sixth Sense, The"
2974,"Jerk, The - Pleasantville - Three Kings"
2975,"Lady Vanishes, The - American in Paris, An - Dangerous Liaisons"
2976,Bull Durham - Army of Darkness - Willy Wonka and the Chocolate Factory
2977,Never Been Kissed - Runaway Bride
2978,"Grapes of Wrath, The - Best Years of Our Lives, The - His Girl Friday"
2979,James and the Giant Peach - Rushmore - Election
2980,"Holy Smoke - Topsy-Turvy - Mummy, The"
2981,Four Weddings and a Funeral - Forrest Gump - Sweet and Lowdown
2982,Cape Fear - Devil in a Blue Dress
2983,"Top Gun - No Escape - Siege, The"
2984,"Naked Gun 2 1/2: The Smell of Fear, The - Grumpier Old Men"
2985,Willy Wonka and the Chocolate Factory - Excalibur - Willow
2986,Dog Day Afternoon - Girlfight - My Own Private Idaho
2987,"Toy Story 2 - Princess Mononoke, The (Mononoke Hime) - Princess Bride, The"
2988,"Stir of Echoes - Thomas Crown Affair, The - Superstar"
2989,Tron - Moonraker - Stargate
2990,"Leaving Las Vegas - Shadowlands - American President, The"
2991,Manhattan - In the Heat of the Night - Babe
2992,Gladiator - Mission: Impossible 2 - Gone in 60 Seconds
2993,"Goonies, The - Indiana Jones and the Temple of Doom - Indiana Jones and the Last Crusade"
2994,Red Sonja - Robocop 2 - Money Talks
2995,"Aristocats, The - Love Bug, The - Santa Clause, The"
2996,"Money Pit, The - Never Been Kissed - Robin Hood: Men in Tights"
2997,"Private Benjamin - Patriot, The - Indian in the Cupboard, The"
2998,Mickey Blue Eyes - Never Been Kissed - Muppets From Space
2999,"Fun and Fancy Free - Santa Clause, The - American Tail: Fievel Goes West, An"
3000,True Lies - Flight of the Navigator - Young Sherlock Holmes
3001,Disturbing Behavior - I Still Know What You Did Last Summer - Speed 2: Cruise Control
3002,"Ghost - Adventures of Robin Hood, The - Babe: Pig in the City"
3003,Tron - Con Air - Star Trek III: The Search for Spock
3004,"Kids in the Hall: Brain Candy - Lone Star - Game, The"
3005,"Star Trek VI: The Undiscovered Country - Logan's Run - Blob, The"
3006,"Seven (Se7en) - Professional, The (a.k.a. Leon: The Professional) - Poison Ivy: New Seduction"
3007,Ace Ventura: When Nature Calls - D3: The Mighty Ducks - My Giant
3008,"Nutty Professor, The - Lost World: Jurassic Park, The - Net, The"
3009,Pretty Woman - Runaway Bride - Notting Hill
3010,Mars Attacks! - Alien: Resurrection - Deep Impact
3011,Galaxy Quest - Superman - X-Men
3012,"Star Wars: Episode I - The Phantom Menace - Stepford Wives, The - Superman II"
3013,Forever Young - Return to Oz - Godzilla (Gojira)
3014,"Fisher King, The - Fish Called Wanda, A - Nine Months"
3015,"About Last Night... - Addicted to Love - Adventures of Robin Hood, The"
3016,Star Trek: First Contact - Star Trek V: The Final Frontier - Star Trek: The Wrath of Khan
3017,Trick - Jawbreaker - Do the Right Thing
3018,Deliverance - Peeping Tom - Lifeboat
3019,"Rocky Horror Picture Show, The - Magnolia - Fly, The"
3020,"Love and Basketball - Place in the Sun, A - Say Anything..."
3021,Searching for Bobby Fischer - Rocky
3022,"Robocop - Corruptor, The - Rumble in the Bronx"
3023,"Shakespeare in Love - Sixth Sense, The - Talented Mr. Ripley, The"
3024,Star Trek: Generations - Universal Soldier - Cube
3025,Pocahontas - Roustabout - Popeye
3026,"Angels in the Outfield - Spice World - Pallbearer, The"
3027,"Heat - Lock, Stock & Two Smoking Barrels"
3028,"Bulworth - Gods Must Be Crazy, The - My Cousin Vinny"
3029,Nobody's Fool - My Own Private Idaho - And the Band Played On
3030,Welcome to the Dollhouse - Thelma & Louise - Apollo 13
3031,M*A*S*H - Starship Troopers - Independence Day (ID4)
3032,Oliver! - Dirty Dancing - King Creole
3033,American Pie - Face/Off - Die Hard: With a Vengeance
3034,"American Beauty - American Pie - Bachelor, The"
3035,"Matrix, The - Indiana Jones and the Last Crusade - Fugitive, The"
3036,Cape Fear - When Harry Met Sally... - From Russia with Love
3037,What's Eating Gilbert Grape - Three Colors: Red - Disclosure
3038,"Nightmare Before Christmas, The - Lion King, The - King and I, The"
3039,"Paradine Case, The - Maltese Falcon, The - Suspicion"
3040,Strange Days - Dark City
3041,"Hollow Man - Relic, The - Replacements, The"
3042,Powder - Amistad - Mrs. Doubtfire
3043,Boys and Girls - Psycho Beach Party - Hanging Up
3044,"Mission: Impossible 2 - My Chauffeur - Hunted, The"
3045,"Grifters, The - Who Framed Roger Rabbit? - Palmetto"
3046,"Craft, The - Mummy, The - Halloween: H20"
3047,Star Trek: First Contact - Gattaca - Akira
3048,"Out of Sight - Titanic - Hunt for Red October, The"
3049,"Purple Rose of Cairo, The - Sabrina - Ghost and Mrs. Muir, The"
3050,Gattaca - Cocoon - Arachnophobia
3051,"Run Lola Run (Lola rennt) - Running Man, The - Final Destination"
3052,"M - Big Sleep, The - Notorious"
3053,"Stand by Me - Thin Red Line, The - Happiness"
3054,"Everyone Says I Love You - Down in the Delta - Lock, Stock & Two Smoking Barrels"
3055,"Fog, The - Friday the 13th - Faculty, The"
3056,"Seven (Se7en) - GoodFellas - Dark Crystal, The"
3057,"Bone Collector, The - Big Daddy - Desperately Seeking Susan"
3058,Young Frankenstein - Alien - Psycho
3059,"E.T. the Extra-Terrestrial - Terminator, The - Raising Arizona"
3060,"Kalifornia - Bone Collector, The - Air Force One"
3061,Dr. No - Butch Cassidy and the Sundance Kid - Jurassic Park
3062,"Cable Guy, The - Cabin Boy - Can't Hardly Wait"
3063,Lawrence of Arabia - Star Wars: Episode VI - Return of the Jedi - Indiana Jones and the Last Crusade
3064,"Cider House Rules, The - Forrest Gump - Saving Private Ryan"
3065,"Winnie the Pooh and the Blustery Day - Cinderella - Jungle Book, The"
3066,"Swingers - Wedding Singer, The - Nightmare Before Christmas, The"
3067,Murder at 1600 - Teaching Mrs. Tingle - Ed
3068,Star Wars: Episode V - The Empire Strikes Back - Star Wars: Episode IV - A New Hope
3069,In the Army Now - Renaissance Man - Operation Dumbo Drop
3070,Ran - Harold and Maude - Roger & Me
3071,"General's Daughter, The - Galaxy Quest - For Love of the Game"
3072,"Hard Day's Night, A - Roger & Me - Big"
3073,"Breakfast Club, The - Pleasantville - Trading Places"
3074,Papillon - Almost Famous - Return to Me
3075,"Alive - Secrets & Lies - Grapes of Wrath, The"
3076,Tomorrow Never Dies - Jurassic Park
3077,Reservoir Dogs - Alien - Die Hard
3078,"Fargo - Godfather: Part II, The - Rear Window"
3079,"Ran - Fargo - Shawshank Redemption, The"
3080,"Truth About Cats & Dogs, The - Lethal Weapon 2 - Grease"
3081,"Hidden, The - Men in Black - Sneakers"
3082,"School Daze - Blue Lagoon, The - Clara's Heart"
3083,"American Flyers - American President, The - American Gigolo"
3084,Holy Smoke - Agnes Browne - What Planet Are You From?
3085,"World Is Not Enough, The - Twister - Mission: Impossible 2"
3086,"Kiss Me, Guido - My Cousin Vinny - Face/Off"
3087,"Eve's Bayou - Philadelphia - Crying Game, The"
3088,"Dark Crystal, The - When Harry Met Sally... - Cinema Paradiso"
3089,"Green Mile, The - I.Q. - Little Big Man"
3090,"South Park: Bigger, Longer and Uncut - Dersu Uzala - Citizen Kane"
3091,"Big - Star Wars: Episode IV - A New Hope - Mask, The"
3092,"Fly, The - Army of Darkness - Westworld"
3093,His Girl Friday - Fantasia - X-Men
3094,"South Park: Bigger, Longer and Uncut - Phantasm - Sixth Sense, The"
3095,"Breakfast Club, The - Fast Times at Ridgemont High - Trading Places"
3096,Sleepless in Seattle - Dave - Ghost
3097,High Fidelity - Angel Baby - Moll Flanders
3098,"How to Be a Player - Meet the Deedles - Usual Suspects, The"
3099,"Net, The - Lifeforce - Rocketeer, The"
3100,Boogie Nights - Good Will Hunting - Jerry Maguire
3101,Beetlejuice - Big - Watership Down
3102,"Meteor - Mosquito Coast, The - Mission to Mars"
3103,"Anatomy of a Murder - Princess Bride, The - Cider House Rules, The"
3104,Gone in 60 Seconds - Center Stage - Scream 3
3105,"Some Like It Hot - King and I, The - Being John Malkovich"
3106,"Game, The - Lock, Stock & Two Smoking Barrels - Chasing Amy"
3107,"Beach, The - Being John Malkovich - Better Off Dead..."
3108,"Simple Plan, A - Dog Day Afternoon - Seven (Se7en)"
3109,"Brandon Teena Story, The - When We Were Kings - Paris Is Burning"
3110,Westworld - Butch Cassidy and the Sundance Kid - American Graffiti
3111,"Angels in the Outfield - Night at the Roxbury, A - Life with Mikey"
3112,L.A. Story - High Fidelity - Molly
3113,Erin Brockovich - Office Space - Ever After: A Cinderella Story
3114,"Wedding Singer, The - Truth About Cats & Dogs, The - Empire Records"
3115,"Sound of Music, The - Magnolia - Erin Brockovich"
3116,"Total Recall - Top Gun - Crow, The"
3117,"Fugitive, The - Witness - Sixth Sense, The"
3118,Jackie Chan's First Strike - Thunderbolt and Lightfoot - Backdraft
3119,"Sleeper - Planet of the Apes - Day the Earth Stood Still, The"
3120,"Sixth Sense, The - Story of Us, The - Stigmata"
3121,"Doors, The - End of Days - Entrapment"
3122,"Killing, The - Double Indemnity - Laura"
3123,Sphere - Deep Blue Sea - Lost in Space
3124,"My Dog Skip - Boogie Nights - Naked Gun: From the Files of Police Squad!, The"
3125,"Twister - Saint, The - Jackal, The"
3126,"Rock, The - X-Files: Fight the Future, The - Cube"
3127,Ever After: A Cinderella Story - Emma - Dave
3128,"Pretty Woman - Fisher King, The - L.A. Story"
3129,"L.A. Confidential - Player, The - Sixth Sense, The"
3130,"Alien - Shining, The - Jaws"
3131,What's Eating Gilbert Grape - Eve's Bayou - Trainspotting
3132,"Gun Shy - Perfect Storm, The - Space Cowboys"
3133,"Shaft - Me, Myself and Irene"
3134,Face/Off - Clear and Present Danger - Star Trek IV: The Voyage Home
3135,Get Shorty - Shine - Ulee's Gold
3136,Polish Wedding - Harold and Maude - Airplane!
3137,"Sleepy Hollow - Sixth Sense, The - Rushmore"
3138,Total Recall - Trading Places - Toy Story 2
3139,Things Change - Moonstruck - Chariots of Fire
3140,"Rambo: First Blood Part II - Star Wars: Episode IV - A New Hope - Road to Wellville, The"
3141,Ferris Bueller's Day Off - Ghostbusters - Big
3142,"Body Heat - Pee-wee's Big Adventure - Big Blue, The (Le Grand Bleu)"
3143,"Fugitive, The - Hunt for Red October, The - Hurricane, The"
3144,"Girl, Interrupted - Army of Darkness - Kalifornia"
3145,"Bullets Over Broadway - Ghostbusters - Shining, The"
3146,"Green Mile, The - My Dog Skip - Girl, Interrupted"
3147,"GoldenEye - Total Recall - Rock, The"
3148,"American History X - Stepmom - Gingerbread Man, The"
3149,"Scream 3 - Whole Nine Yards, The - Supernova"
3150,Analyze This - Keeping the Faith - Drowning Mona
3151,Lady and the Tramp - Braveheart - Forrest Gump
3152,"Goonies, The - Girl, Interrupted - X-Men"
3153,So I Married an Axe Murderer - Father of the Bride - Risky Business
3154,Star Trek: Insurrection - Star Trek III: The Search for Spock - Star Trek: First Contact
3155,"Splash - Mask, The - Jumanji"
3156,"Maverick - Patriot, The - Gladiator"
3157,Star Trek: Generations - Star Trek III: The Search for Spock - Twelve Monkeys
3158,Jumanji - In & Out - Planet of the Apes
3159,"Benny & Joon - Titan A.E. - Road to El Dorado, The"
3160,"Terminator, The - Terminator 2: Judgment Day"
3161,Field of Dreams - Leaving Las Vegas - Boogie Nights
3162,"U Turn - American Beauty - Me, Myself and Irene"
3163,"Rushmore - Spitfire Grill, The - Taming of the Shrew, The"
3164,"General's Daughter, The - Gods and Monsters - Gladiator"
3165,Full Metal Jacket - Eyes Wide Shut - Star Wars: Episode I - The Phantom Menace
3166,Taxi Driver - Being John Malkovich - 2001: A Space Odyssey
3167,"Return of Martin Guerre, The (Retour de Martin Guerre, Le) - Shining, The - Indiana Jones and the Last Crusade"
3168,"Sixth Sense, The - Superstar - Story of Us, The"
3169,Species II - Raiders of the Lost Ark - Glory
3170,"Who Framed Roger Rabbit? - Blues Brothers, The - Say Anything..."
3171,Drugstore Cowboy - Pulp Fiction - Mystery Train
3172,Austin Powers: The Spy Who Shagged Me - Being John Malkovich - Dr. Strangelove or: How I Learned to Stop Worrying and Love the Bomb
3173,"Mariachi, El - Highlander - Saving Private Ryan"
3174,Dolores Claiborne - Die Hard: With a Vengeance - Scream
3175,This Is Spinal Tap - Blade Runner - Risky Business
3176,Romeo Must Die - Scream 3
3177,My Cousin Vinny - White Men Can't Jump - Big Daddy
3178,Ferris Bueller's Day Off - Ed Wood - Beetlejuice
3179,"Clerks - Virgin Suicides, The"
3180,"Blue Velvet - Fabulous Baker Boys, The - Firm, The"
3181,Taxi Driver - Modern Times
3182,"Austin Powers: The Spy Who Shagged Me - Bringing Out the Dead - Mod Squad, The"
3183,Mission: Impossible - Top Gun - Under Siege
3184,"Crying Game, The - Three Kings - Dead Man Walking"
3185,Chicken Run - Mumford - Airplane!
3186,"Austin Powers: The Spy Who Shagged Me - Bone Collector, The - Brazil"
3187,GoodFellas - Rear Window - North by Northwest
3188,Soft Fruit - Steel Magnolias
3189,McHale's Navy - Vampire in Brooklyn - Major Payne
3190,Ferris Bueller's Day Off - X-Men - Mission: Impossible 2
3191,Forces of Nature - Picture Perfect - Message in a Bottle
3192,"Patch Adams - GoodFellas - Terminator, The"
3193,Deep Impact - Coneheads - Alien³
3194,"Sixth Sense, The - Thomas Crown Affair, The - Talented Mr. Ripley, The"
3195,Bedknobs and Broomsticks - Freaky Friday - Return from Witch Mountain
3196,Buffy the Vampire Slayer - Child's Play - Friday the 13th
3197,"Big Lebowski, The - Cyclo - Batman"
3198,"Two Thousand Maniacs! - Craft, The - Night of the Comet"
3199,Twister - Rudy - Star Wars: Episode I - The Phantom Menace
3200,Murphy's Romance - Romancing the Stone - Out of Africa
3201,Mad Max 2 (a.k.a. The Road Warrior) - Madonna: Truth or Dare - Malcolm X
3202,"Home Alone 2: Lost in New York - Honey, I Blew Up the Kid - Problem Child"
3203,"Heathers - Terminator, The - Gattaca"
3204,"Defending Your Life - Sixteen Candles - Philadelphia Story, The"
3205,"Wizard of Oz, The - Fantasia - Muppet Movie, The"
3206,Never Been Kissed - Monkey Shines - Romy and Michele's High School Reunion
3207,King Kong - Once Were Warriors - Night Shift
3208,Jawbreaker - Herbie Goes Bananas - Jumpin' Jack Flash
3209,"Barb Wire - Palookaville - Quest, The"
3210,"Mina Tannenbaum - Bicycle Thief, The (Ladri di biciclette) - Pawnbroker, The"
3211,Psycho - Cemetery Man (Dellamorte Dellamore) - North by Northwest
3212,"Star Wars: Episode IV - A New Hope - Angela's Ashes - Hunt for Red October, The"
3213,"Sliding Doors - Full Monty, The - Grand Canyon"
3214,As Good As It Gets - Attack of the Killer Tomatoes! - Atlantic City
3215,"Dirty Dancing - Sixth Sense, The - Apocalypse Now"
3216,Three Colors: White - Saving Private Ryan - Cyrano de Bergerac
3217,Three Colors: White - Three Colors: Blue - Tie Me Up! Tie Me Down!
3218,"Pushing Tin - Restoration - Run Silent, Run Deep"
3219,"Any Given Sunday - Karate Kid, Part II, The - Air Force One"
3220,Jaws - Breaking Away - Swept Away (Travolti da un insolito destino nell'azzurro mare d'Agosto)
3221,Die Hard: With a Vengeance - Outbreak - Predator 2
3222,Saving Private Ryan - Pulp Fiction
3223,"Sleepy Hollow - Rushmore - South Park: Bigger, Longer and Uncut"
3224,"Armageddon - Pelican Brief, The - Breakdown"
3225,"Groundhog Day - Player, The"
3226,"Matrix, The - Good, The Bad and The Ugly, The - Diva"
3227,"Gremlins 2: The New Batch - Paper, The - Sister Act"
3228,"Haunting, The - House on Haunted Hill, The - Mosquito Coast, The"
3229,"One Flew Over the Cuckoo's Nest - Bridge on the River Kwai, The - Vie est belle, La (Life is Rosey)"
3230,Face/Off - Air Force One - 8MM
3231,Star Wars: Episode VI - Return of the Jedi - Terminator 2: Judgment Day - Lethal Weapon
3232,"Englishman Who Went Up a Hill, But Came Down a Mountain, The - Wayne's World - Wag the Dog"
3233,"Rocky - Atlantic City - Postino, Il (The Postman)"
3234,Chungking Express - Exotica
3235,"Stuart Little - Thirteenth Floor, The - Talented Mr. Ripley, The"
3236,Back to the Future - American Psycho
3237,Babe - Miller's Crossing - Wallace & Gromit: The Best of Aardman Animation
3238,"Die Hard - Driving Miss Daisy - Elephant Man, The"
3239,French Kiss - Picture Perfect - Days of Thunder
3240,"Matrix, The - Total Recall - Casino"
3241,Cliffhanger - Clue - Air America
3242,"Striking Distance - Hurricane, The - Conan the Barbarian"
3243,Clueless - True Lies - Dave
3244,Vacation - Father of the Bride
3245,Dinosaur - Next Friday - Gun Shy
3246,"Long Kiss Goodnight, The - Men With Guns - True Lies"
3247,Romancing the Stone - Star Wars: Episode VI - Return of the Jedi - Star Trek: The Wrath of Khan
3248,"Place in the Sun, A - West Side Story - Dead Man Walking"
3249,"Eye of the Beholder - Eyes Wide Shut - Faculty, The"
3250,"Green Mile, The - American History X - Twelve Monkeys"
3251,"Jean de Florette - Fish Called Wanda, A - Airplane!"
3252,Stigmata - Stir of Echoes - Tender Mercies
3253,Vanya on 42nd Street - Kolya - Affliction
3254,"Blues Brothers, The - Manhattan Murder Mystery"
3255,Threesome - Sliding Doors - Conspiracy Theory
3256,"Snow Falling on Cedars - Superstar - Talented Mr. Ripley, The"
3257,"Spellbound - Lone Star - Red Violin, The (Le Violon rouge)"
3258,Ferris Bueller's Day Off - Glory - Parenthood
3259,"Godfather: Part II, The - Raiders of the Lost Ark - Goldfinger"
3260,Hang 'em High - Young Guns - Wyatt Earp
3261,Around the World in 80 Days - Brassed Off - Dick
3262,"Misérables, Les - Evita - Lion King, The"
3263,"Die Hard 2 - Patriot, The - Night to Remember, A"
3264,"Erin Brockovich - Cider House Rules, The - Talented Mr. Ripley, The"
3265,"Hand That Rocks the Cradle, The - Kalifornia - Devil's Own, The"
3266,"Meet the Parents - Cup, The (Phörpa) - GoodFellas"
3267,Four Weddings and a Funeral - L.A. Story - My Cousin Vinny
3268,"Reservoir Dogs - Alien - Matrix, The"
3269,"Star Wars: Episode VI - Return of the Jedi - Official Story, The (La Historia Oficial) - Terminator, The"
3270,"Still Breathing - Iron Giant, The - Shawshank Redemption, The"
3271,"While You Were Sleeping - Sabrina - Nutty Professor, The"
3272,Batman Returns - Tequila Sunrise - Alien³
3273,2001: A Space Odyssey - Barry Lyndon
3274,Popeye - Red Sonja - King Kong Lives
3275,"Virgin Suicides, The - Being There"
3276,Return to Paradise - Boys Life - GoodFellas
3277,Almost Famous - Gone with the Wind - Raising Arizona
3278,Cinema Paradiso - Raising Arizona - Ninotchka
3279,"Dirty Dozen, The - Mission to Mars - Twelve Monkeys"
3280,"Ninth Gate, The - Me, Myself and Irene - Mission to Mars"
3281,Father of the Bride - Christmas Vacation - As Good As It Gets
3282,North by Northwest - Singin' in the Rain
3283,"Outlaw Josey Wales, The - Magnum Force - Hang 'em High"
3284,"Commitments, The - Big Chill, The - Dangerous Liaisons"
3285,Best in Show - Space Cowboys - Road Trip
3286,"Rocky Horror Picture Show, The - Lady and the Tramp - Oliver!"
3287,Elizabeth - Field of Dreams
3288,Double Indemnity - Citizen Kane - American Beauty
3289,"English Patient, The - Seven Years in Tibet - Rob Roy"
3290,Beneath the Planet of the Apes - Independence Day (ID4) - White Men Can't Jump
3291,Flirt - Schindler's List
3292,"Palm Beach Story, The - Pacific Heights - Parent Trap, The"
3293,Patch Adams - Communion - Freejack
3294,"Batman - Untouchables, The - Robocop"
3295,"Days of Thunder - Saving Private Ryan - Patriot, The"
3296,Office Space - Romy and Michele's High School Reunion - Rushmore
3297,Air Force One - Toy Story - Pump Up the Volume
3298,"She's All That - South Park: Bigger, Longer and Uncut - Talented Mr. Ripley, The"
3299,"Sid and Nancy - Raiders of the Lost Ark - Big Chill, The"
3300,Giant - Young Sherlock Holmes - 52 Pick-Up
3301,Trainspotting - Sling Blade - Carnival of Souls
3302,"Usual Suspects, The - Shawshank Redemption, The - Varsity Blues"
3303,"Fish Called Wanda, A - Toy Story 2"
3304,"Meet Me in St. Louis - Sound of Music, The - Blues Brothers, The"
3305,Glengarry Glen Ross - American History X - Fight Club
3306,"French Connection, The - Butch Cassidy and the Sundance Kid - Cyrano de Bergerac"
3307,"X-Files: Fight the Future, The - Dead Again - Client, The"
3308,Santa Claus: The Movie - Misery - Candyman
3309,"Lion King, The - Fantasia - Great Muppet Caper, The"
3310,"Cider House Rules, The - Erin Brockovich - Lethal Weapon"
3311,"187 - Poetic Justice - Postman, The"
3312,Cliffhanger - Money Train - Get Carter
3313,Highlander III: The Sorcerer - Almost Famous - Kiss the Girls
3314,Sixteen Candles - One Crazy Summer - Gremlins
3315,"My Best Friend's Wedding - Distinguished Gentleman, The - Austin Powers: International Man of Mystery"
3316,"Lock, Stock & Two Smoking Barrels - Silence of the Lambs, The - Reservoir Dogs"
3317,Spawn - Robocop 2 - Virus
3318,Butch Cassidy and the Sundance Kid - Stop Making Sense - Body Heat
3319,"Prick Up Your Ears - Mission, The - Cry in the Dark, A"
3320,"Pinocchio - Secret of NIMH, The - Robin Hood"
3321,Cocoon - Jeremiah Johnson - Blazing Saddles
3322,"Princess Bride, The - William Shakespeare's Romeo and Juliet - Little Mermaid, The"
3323,"Pulp Fiction - Raging Bull - Hustler, The"
3324,Star Wars: Episode VI - Return of the Jedi - Total Recall
3325,"Sixth Sense, The - Stir of Echoes - Summer of Sam"
3326,Scary Movie - Air Force One - Cocoon: The Return
3327,Blade - Backdraft - Chain Reaction
3328,To Gillian on Her 37th Birthday - Free Willy - Mary Reilly
3329,"Full Monty, The - Clueless - Affliction"
3330,"Red Violin, The (Le Violon rouge) - Shakespeare in Love"
3331,"Pulp Fiction - Fargo - Simple Plan, A"
3332,"Frequency - Astronaut's Wife, The - Battlefield Earth"
3333,"Whipped - eXistenZ - Yards, The"
3334,"Dances with Wolves - Commitments, The - Aladdin"
3335,You've Got Mail - Happy Gilmore - Vacation
3336,Volunteers - And God Created Woman - Blame It on Rio
3337,Casablanca - Apocalypse Now - L.A. Confidential
3338,"U-571 - Down to You - Sixth Sense, The"
3339,"Crying Game, The - Whole Nine Yards, The - Hanging Up"
3340,"Mulholland Falls - Spitfire Grill, The - Down to You"
3341,"Metropolitan - Fisher King, The - South Park: Bigger, Longer and Uncut"
3342,Stuart Little - Stigmata - Teaching Mrs. Tingle
3343,"Shawshank Redemption, The - Gladiator - Boys and Girls"
3344,Sense and Sensibility - Rebel Without a Cause - Modern Times
3345,"Apple Dumpling Gang, The - Wyatt Earp - For a Few Dollars More"
3346,"Heathers - Hunger, The - When Harry Met Sally..."
3347,"Jerry Maguire - There's Something About Mary - End of the Affair, The"
3348,"Romancing the Stone - Postino, Il (The Postman) - Twelfth Night"
3349,"Babe - League of Their Own, A - Nutty Professor, The"
3350,"Brothers McMullen, The - Wayne's World - Bug's Life, A"
3351,"Frances - Haunting, The - Gone in 60 Seconds"
3352,Creepshow 2 - House - Wolf
3353,"Ferris Bueller's Day Off - Bug's Life, A - Willy Wonka and the Chocolate Factory"
3354,Back to the Future - Time Bandits - Heavy Metal
3355,Casablanca - One Flew Over the Cuckoo's Nest - Lolita
3356,"Run Lola Run (Lola rennt) - Limey, The - Hunt for Red October, The"
3357,"Matrix, The - Thelma & Louise - True Lies"
3358,Con Air - Die Hard: With a Vengeance - Arachnophobia
3359,Con Air - Romy and Michele's High School Reunion - Austin Powers: The Spy Who Shagged Me
3360,"Piano, The - Truth About Cats & Dogs, The - Bram Stoker's Dracula"
3361,"Manchurian Candidate, The - Green Mile, The - Alien"
3362,Michael - Tank Girl - Analyze This
3363,Tequila Sunrise - Anna and the King - French Kiss
3364,My Best Friend's Wedding - Notting Hill - Sabrina
3365,Naked Gun 33 1/3: The Final Insult - Death Becomes Her - Mr. Wonderful
3366,"Lethal Weapon - Star Trek: The Wrath of Khan - Blues Brothers, The"
3367,Women on the Verge of a Nervous Breakdown - Diner - Crimes and Misdemeanors
3368,8MM - Honeymoon in Vegas - American Beauty
3369,It's a Wonderful Life - Young Frankenstein - Jaws
3370,"Naked Gun 2 1/2: The Smell of Fear, The - Steel Magnolias - Air America"
3371,Fight Club - Meteor - Mystery Men
3372,Sabrina - Some Like It Hot - Shakespeare in Love
3373,"Rock, The - Men in Black - Total Recall"
3374,Manhattan - Platoon - Mary Poppins
3375,"Conan the Barbarian - White Men Can't Jump - Talented Mr. Ripley, The"
3376,Big Daddy - Boiler Room
3377,"Kiss of Death - Bodyguard, The - Thinner"
3378,"What Dreams May Come - Princess Mononoke, The (Mononoke Hime) - Gladiator"
3379,Run Lola Run (Lola rennt) - Runaway Bride - Rushmore
3380,"Mrs. Doubtfire - Casino - X-Files: Fight the Future, The"
3381,Scream 3 - Deuce Bigalow: Male Gigolo - Holy Smoke
3382,10 Things I Hate About You - Sleepless in Seattle - Grumpy Old Men
3383,White Men Can't Jump - Bronco Billy - Alien
3384,"Bound - Boxing Helena - Boys from Brazil, The"
3385,Naked Gun 33 1/3: The Final Insult - Conquest of the Planet of the Apes - Clue
3386,Battlefield Earth - Love and Basketball - Remember the Titans
3387,Mission: Impossible - Lost Highway - Midnight in the Garden of Good and Evil
3388,Stand by Me - Strictly Ballroom
3389,Super Mario Bros. - Operation Dumbo Drop - Spawn
3390,You've Got Mail - Dirty Dancing - My Dog Skip
3391,Disturbing Behavior - Dirty Work - Drop Dead Fred
3392,"Silence of the Lambs, The - Saving Private Ryan - Terminator 2: Judgment Day"
3393,"Fifth Element, The - Fly, The - Escape from L.A."
3394,Three Colors: Red - McCabe & Mrs. Miller - Platoon
3395,"Talented Mr. Ripley, The - Who Framed Roger Rabbit? - What Lies Beneath"
3396,Mallrats - Dogma
3397,Midnight Cowboy - Amadeus - Three Colors: Red
3398,Jackie Brown - Awakenings - My Life as a Dog (Mitt liv som hund)
3399,"Hunchback of Notre Dame, The - All Dogs Go to Heaven 2 - Space Jam"
3400,"F/X - Sleepers - Thomas Crown Affair, The"
3401,"Return of the Pink Panther, The - As Good As It Gets - L.A. Story"
3402,"Producers, The - East of Eden - Apocalypse Now"
3403,"Aladdin - Antz - South Park: Bigger, Longer and Uncut"
3404,Dances with Wolves - Total Recall - Batman Returns
3405,"Time of the Gypsies (Dom za vesanje) - Shawshank Redemption, The - Forrest Gump"
3406,From the Hip - Say Anything... - Ferris Bueller's Day Off
3407,"Sixth Sense, The - Saving Private Ryan"
3408,"Great Muppet Caper, The - Mulan - Aladdin"
3409,Pacific Heights - Flatliners - Romeo Is Bleeding
3410,"Faculty, The - Broken Hearts Club, The - Heathers"
3411,"Jaws - Unforgiven - Shining, The"
3412,"Pale Rider - Seventh Seal, The (Sjunde inseglet, Det) - Spy Who Loved Me, The"
3413,"Titanic - Private Parts - Lock, Stock & Two Smoking Barrels"
3414,Titanic - My Cousin Vinny - In & Out
3415,Field of Dreams - Agnes of God - Fast Times at Ridgemont High
3416,Passion in the Desert - Polish Wedding - Swingers
3417,"Grapes of Wrath, The - Celebration, The (Festen) - Casablanca"
3418,"Three Caballeros, The - Song of the South - East of Eden"
3419,"Rocky Horror Picture Show, The - Fifth Element, The - Logan's Run"
3420,"Psycho - Rosemary's Baby - Birds, The"
3421,American Graffiti - American Pie
3422,"Arthur - Hollywood Knights, The - About Last Night..."
3423,Bring It On - Loser - Shakespeare in Love
3424,"Sneakers - Prince of Egypt, The - Sliding Doors"
3425,"Truman Show, The - Vacation - We're No Angels"
3426,From Dusk Till Dawn - Con Air - Die Hard: With a Vengeance
3427,"Thomas Crown Affair, The - Fatal Attraction - Green Mile, The"
3428,Great Expectations - Forget Paris - Ghosts of Mississippi
3429,He Got Game - Heathers - Rear Window
3430,Lawrence of Arabia - Freeway - All Quiet on the Western Front
3431,Circle of Friends - Groundhog Day - Titanic
3432,Broadcast News - Peggy Sue Got Married - Three Amigos!
3433,Psycho - Hackers - Toy Story
3434,"Addams Family, The - Analyze This - Romy and Michele's High School Reunion"
3435,Gone with the Wind - Leaving Las Vegas - Doctor Zhivago
3436,"Magnum Force - Apple Dumpling Gang Rides Again, The - Hot Lead and Cold Feet"
3437,My Dog Skip - High Fidelity - Best in Show
3438,"Boiler Room - Deep End of the Ocean, The - Cruel Intentions"
3439,"Ruthless People - Tron - American Tail, An"
3440,"Thelma & Louise - Crying Game, The - GoodFellas"
3441,"Meet the Parents - Frequency - Skulls, The"
3442,"Vertigo - Name of the Rose, The - Sixth Sense, The"
3443,"Blob, The - Gattaca"
3444,"Blue in the Face - Month by the Lake, A - Mrs. Winterbourne"
3445,"Drop Dead Fred - Grand Day Out, A - Toy Story"
3446,"Devil's Advocate, The - Nightmare on Elm Street, A - Frighteners, The"
3447,"Thomas Crown Affair, The - Mission: Impossible - Hunt for Red October, The"
3448,"Face/Off - Man in the Iron Mask, The - Men in Black"
3449,"Planet of the Apes - Matrix, The - Star Wars: Episode VI - Return of the Jedi"
3450,Disclosure - Pacific Heights - Flatliners
3451,"Terminator 2: Judgment Day - Matrix, The - Shallow Grave"
3452,"African Queen, The - Aliens - Crying Game, The"
3453,American Pie - Entrapment - Double Jeopardy
3454,"Meet the Parents - People vs. Larry Flynt, The - Nothing in Common"
3455,2001: A Space Odyssey - L.A. Confidential
3456,"Star Wars: Episode V - The Empire Strikes Back - Faculty, The - Star Trek: The Wrath of Khan"
3457,Good Will Hunting - Hoop Dreams - Swingers
3458,"Doug's 1st Movie - Godzilla - Story of Us, The"
3459,Any Given Sunday - Buffy the Vampire Slayer - High Fidelity
3460,"Terminator, The - Brazil - Mad Max"
3461,"Goldfinger - Hunt for Red October, The - Golden Voyage of Sinbad, The"
3462,"Breaking the Waves - Crying Game, The - EDtv"
3463,"Glory - This Is Spinal Tap - Terminator, The"
3464,"Kingpin - Magnolia - Messenger: The Story of Joan of Arc, The"
3465,"Rescuers Down Under, The - Aladdin - Dark Crystal, The"
3466,"Christmas Story, A - Swingers - Drugstore Cowboy"
3467,GoodFellas - Groundhog Day - Pulp Fiction
3468,"Gone with the Wind - Iron Giant, The - Producers, The"
3469,"Lord of Illusions - Blair Witch Project, The - Mummy, The"
3470,Ghost - Fierce Creatures - True Lies
3471,"Midnight Cowboy - Moll Flanders - Wild Bunch, The"
3472,"Babe - Muppet Movie, The - Hoosiers"
3473,"Color of Money, The - Pretty in Pink - Tequila Sunrise"
3474,Witness - Much Ado About Nothing - Sabrina
3475,Sabrina - Star Wars: Episode VI - Return of the Jedi - Rush Hour
3476,"Gremlins 2: The New Batch - Blair Witch Project, The - Angela's Ashes"
3477,Oliver! - Gypsy - Doctor Dolittle
3478,"Man Who Knew Too Much, The - Niagara - Saboteur"
3479,"As Good As It Gets - Secret of NIMH, The - Mariachi, El"
3480,Honeymoon in Vegas - Shine - Clueless
3481,"JFK - Manchurian Candidate, The - My Life as a Dog (Mitt liv som hund)"
3482,"Silence of the Lambs, The - Nightmare on Elm Street, A - Cider House Rules, The"
3483,Kiss the Girls - Predator 2 - Gang Related
3484,Emma - Romancing the Stone - Grumpy Old Men
3485,"Treasure of the Sierra Madre, The - When We Were Kings - Terminator 2: Judgment Day"
3486,"Sesame Street Presents Follow That Bird - Home Alone - Parent Trap, The"
3487,Interview with the Vampire - Marnie - Strangers on a Train
3488,"Mars Attacks! - Lost World: Jurassic Park, The"
3489,Alien - Indiana Jones and the Last Crusade - Die Hard
3490,"Deer Hunter, The - 8 1/2 - Help!"
3491,"Air Up There, The - Virtuosity - Species"
3492,Invasion of the Body Snatchers - Frankenstein - Dracula
3493,"Fly, The - Star Trek: First Contact - Conquest of the Planet of the Apes"
3494,"Man on the Moon - Mosquito Coast, The - Out of Africa"
3495,54 - Angela's Ashes
3496,"Ref, The - Get Shorty"
3497,Rebecca - Farewell My Concubine - Children of Paradise (Les enfants du paradis)
3498,"Far and Away - Falling Down - People vs. Larry Flynt, The"
3499,"Money Pit, The - Volunteers - European Vacation"
3500,Serpico - Little Big Man - Animal House
3501,Titanic - Rear Window - To Kill a Mockingbird
3502,Fargo - American History X - Good Will Hunting
3503,"Lost Highway - Man Who Knew Too Little, The - Event Horizon"
3504,"Lake Placid - L.A. Confidential - Name of the Rose, The"
3505,2001: A Space Odyssey - Dr. Strangelove or: How I Learned to Stop Worrying and Love the Bomb - Metropolis
3506,"Pleasantville - Fisher King, The - EDtv"
3507,"Limey, The - Big Kahuna, The - Almost Famous"
3508,Time Bandits - Total Recall - King Kong vs. Godzilla (Kingukongu tai Gojira)
3509,"Professional, The (a.k.a. Leon: The Professional) - Problem Child 2 - Quiz Show"
3510,"Bug's Life, A - Grosse Pointe Blank - Babe"
3511,"Microcosmos (Microcosmos: Le peuple de l'herbe) - Local Hero - Apostle, The"
3512,"Gladiator - Cell, The - Dersu Uzala"
3513,Forrest Gump - Boogie Nights - Awakenings
3514,Yojimbo - Paradise Lost: The Child Murders at Robin Hood Hills - Amadeus
3515,"Sense and Sensibility - Silence of the Lambs, The - Misery"
3516,"Teenage Mutant Ninja Turtles - NeverEnding Story, The - Dragonheart"
3517,"Truth About Cats & Dogs, The - South Park: Bigger, Longer and Uncut - My Cousin Vinny"
3518,Sweet and Lowdown - Autumn in New York - Shall We Dance? (Shall We Dansu?)
3519,"Meatballs - Pete's Dragon - Champ, The"
3520,"Reservoir Dogs - Trading Places - Sound of Music, The"
3521,Spaceballs - She's Gotta Have It - Desperately Seeking Susan
3522,Mystery Men - Blade - Backdraft
3523,Stand by Me - Fargo - GoodFellas
3524,Romy and Michele's High School Reunion - Runaway Bride - Restoration
3525,"Blade - Frighteners, The - From Dusk Till Dawn"
3526,Edward Scissorhands - Leaving Las Vegas - Nobody's Fool
3527,"F/X 2 - Lethal Weapon 3 - Crush, The"
3528,Friday the 13th Part VI: Jason Lives - Dracula: Dead and Loving It - Friday the 13th Part V: A New Beginning
3529,Mulholland Falls - Escape from L.A. - Predator 2
3530,Twister - Independence Day (ID4)
3531,Snow Falling on Cedars - Almost Famous - Croupier
3532,"Chamber, The - Runaway Bride - G.I. Jane"
3533,"Mask, The - Go - Mask of Zorro, The"
3534,"Thing, The - Star Trek: The Wrath of Khan - Total Recall"
3535,"Indiana Jones and the Last Crusade - Good, The Bad and The Ugly, The - Untouchables, The"
3536,Conspiracy Theory - Twister - American Psycho
3537,"Shower (Xizhao) - 8 1/2 Women - Girl on the Bridge, The (La Fille sur le Pont)"
3538,"League of Their Own, A - Pump Up the Volume - Perfect World, A"
3539,"His Girl Friday - Lady Eve, The - Sullivan's Travels"
3540,European Vacation - Vegas Vacation - Christmas Vacation
3541,Fight Club - Apocalypse Now - Wild Things
3542,"Eye of the Beholder - Skulls, The"
3543,"It Happened One Night - Ruling Class, The - Paths of Glory"
3544,"West Side Story - Shall We Dance? - Wizard of Oz, The"
3545,Devil in a Blue Dress - Dark City - Who Framed Roger Rabbit?
3546,"Thieves (Voleurs, Les) - Reservoir Dogs - Grifters, The"
3547,"Cat on a Hot Tin Roof - War of the Worlds, The - Day the Earth Stood Still, The"
3548,"What Lies Beneath - Kid, The - Gone in 60 Seconds"
3549,"Scrooged - Prizzi's Honor - Big Chill, The"
3550,"Deer Hunter, The - Pi - To Sir with Love"
3551,"Braveheart - Mrs. Brown (Her Majesty, Mrs. Brown) - Long Walk Home, The"
3552,"Talented Mr. Ripley, The - Green Mile, The"
3553,Twister - Batman Returns - Star Trek VI: The Undiscovered Country
3554,Evil Dead II (Dead By Dawn) - Invasion of the Body Snatchers - Misery
3555,"Prince Valiant - Tarzan and the Lost City - Firm, The"
3556,"Sixth Sense, The - Beetlejuice - Ladyhawke"
3557,"Poltergeist - NeverEnding Story, The - That Thing You Do!"
3558,"October Sky - Few Good Men, A - Apollo 13"
3559,"Cookie's Fortune - Princess Bride, The - Jungle Fever"
3560,"Little Mermaid, The - Crying Game, The - What's Love Got to Do with It?"
3561,Jurassic Park - High Fidelity - White Christmas
3562,"Ransom - Guardian, The - Road Trip"
3563,"Mission, The - F/X - Escape from New York"
3564,Blade Runner - Aliens - Back to the Future
3565,Psycho - Anaconda - Bird on a Wire
3566,GoodFellas - King Kong - Star Wars: Episode IV - A New Hope
3567,"Untouchables, The - Last Picture Show, The - Vertigo"
3568,Strange Days - Robocop - Sneakers
3569,"That Thing You Do! - River Runs Through It, A - Wayne's World"
3570,Married to the Mob - Dersu Uzala
3571,Dracula: Dead and Loving It - Bram Stoker's Dracula - Galaxy Quest
3572,"Secret of Roan Inish, The - Boat, The (Das Boot) - Sling Blade"
3573,"Wizard of Oz, The - Stuart Little - Swiss Family Robinson"
3574,House Party - F/X 2 - Patch Adams
3575,"Fly, The - Scream 3 - Nightmare on Elm Street, A"
3576,"Ghost and Mrs. Muir, The - Prizzi's Honor - Shampoo"
3577,My Best Friend's Wedding - Up Close and Personal - Sommersby
3578,"Adventures of Buckaroo Bonzai Across the 8th Dimension, The - Runaway Train - Clear and Present Danger"
3579,Tarzan and the Lost City - Death Wish 4: The Crackdown - Solo
3580,"Kid, The - Thelma & Louise - Indiana Jones and the Last Crusade"
3581,"Predator - Face/Off - X-Files: Fight the Future, The"
3582,Batman Forever - Free Willy - Muppet Treasure Island
3583,"Top Gun - Sabrina - English Patient, The"
3584,"Lethal Weapon 3 - Snake Eyes - Blood In, Blood Out (a.k.a. Bound by Honor)"
3585,"Carnal Knowledge - Dead Poets Society - End of the Affair, The"
3586,Meet Joe Black - Sabrina - Chicken Run
3587,"Young Guns - Total Recall - Wizard of Oz, The"
3588,"Longest Day, The - From Here to Eternity - Good Morning, Vietnam"
3589,Lawrence of Arabia - Lethal Weapon 4 - Lethal Weapon
3590,"Bottle Rocket - Blair Witch Project, The - Kingpin"
3591,Free Willy - Bird on a Wire - Ace Ventura: When Nature Calls
3592,"Unforgiven - Dr. Strangelove or: How I Learned to Stop Worrying and Love the Bomb - Boat, The (Das Boot)"
3593,"Princess Bride, The - Breakfast Club, The - Ferris Bueller's Day Off"
3594,Aladdin - Carrie - Men in Black
3595,"13th Warrior, The - 10 Things I Hate About You - Austin Powers: The Spy Who Shagged Me"
3596,"Five Easy Pieces - One Flew Over the Cuckoo's Nest - Creature From the Black Lagoon, The"
3597,"I Know What You Did Last Summer - Pet Sematary - Grand Day Out, A"
3598,Country - Copycat - When a Man Loves a Woman
3599,Executive Decision - Supercop - Batman Returns
3600,"Way We Were, The - Charlotte's Web - Shaggy D.A., The"
3601,First Knight - Jumpin' Jack Flash - Fargo
3602,"Cider House Rules, The - Citizen Kane - City Hall"
3603,"Halloween: The Curse of Michael Myers - Peacemaker, The - Red Corner"
3604,"Men in Black - Addams Family, The - Austin Powers: International Man of Mystery"
3605,"Apocalypse Now - Schindler's List - Great Escape, The"
3606,"League of Their Own, A - Sleepers - Backdraft"
3607,"Island of Dr. Moreau, The - Wing Commander - Saturn 3"
3608,"Michael - Nutty Professor, The - Houseguest"
3609,Grumpier Old Men - EDtv - My Favorite Martian
3610,Stalag 17 - Old Yeller - Seven Samurai (The Magnificent Seven) (Shichinin no samurai)
3611,Philadelphia - It Could Happen to You - Four Weddings and a Funeral
3612,"Basic Instinct - World Is Not Enough, The - Mummy, The"
3613,"Lethal Weapon 4 - Sleepers - Hurricane, The"
3614,"Fast Times at Ridgemont High - Vacation - Big Chill, The"
3615,"Star Wars: Episode IV - A New Hope - 7th Voyage of Sinbad, The - Beetlejuice"
3616,"Untouchables, The - Star Trek: The Wrath of Khan"
3617,"Watership Down - Shining, The - Mad Max 2 (a.k.a. The Road Warrior)"
3618,"Foreign Student - How Stella Got Her Groove Back - Clan of the Cave Bear, The"
3619,"Golden Voyage of Sinbad, The - Independence Day (ID4) - Eyes of Laura Mars"
3620,"Lord of the Rings, The - Dark Crystal, The - Close Encounters of the Third Kind"
3621,Herbie Rides Again - Do the Right Thing - Raising Arizona
3622,"Love! Valour! Compassion! - Jewel of the Nile, The - Michael"
3623,Key Largo - Gilda
3624,"Somewhere in Time - Doctor Dolittle - Perfect Storm, The"
3625,Rudy - Hot Shots! Part Deux - Young Guns II
3626,"Phenomenon - Ransom - Parent Trap, The"
3627,Sleepy Hollow - Little Shop of Horrors - Interview with the Vampire
3628,Eyes Wide Shut - Fight Club - Erin Brockovich
3629,"Bridge on the River Kwai, The - 2001: A Space Odyssey - Vertigo"
3630,"Barb Wire - Running Man, The - Client, The"
3631,"Speed - Rock, The - Indiana Jones and the Temple of Doom"
3632,"Dudley Do-Right - Doctor Dolittle - General's Daughter, The"
3633,"Godfather, The - Raiders of the Lost Ark"
3634,Keeping the Faith - 28 Days
3635,"Witness - English Patient, The - Romeo and Juliet"
3636,Psycho - Ghostbusters
3637,"Rushmore - Sixth Sense, The - Sleepy Hollow"
3638,Romancing the Stone - Total Recall - Tron
3639,"True Lies - Tin Cup - Flamingo Kid, The"
3640,"Beneath the Planet of the Apes - Battle for the Planet of the Apes - Texas Chainsaw Massacre 2, The"
3641,"Cat on a Hot Tin Roof - Old Man and the Sea, The - Citizen Kane"
3642,"On the Town - Producers, The"
3643,"Blade Runner - Grifters, The - Who Framed Roger Rabbit?"
3644,Gridlock'd - Pulp Fiction - Clay Pigeons
3645,"Ladyhawke - Matrix, The - Repo Man"
3646,"Key Largo - Manchurian Candidate, The - Out of the Past"
3647,Beetlejuice - Labyrinth - Willy Wonka and the Chocolate Factory
3648,"Sixteen Candles - Great Muppet Caper, The - Birdcage, The"
3649,Glory - Dead Poets Society - Poltergeist
3650,Deconstructing Harry - American Psycho - Fletch
3651,"Crash - Twister - Pelican Brief, The"
3652,Snow White and the Seven Dwarfs - Star Wars: Episode VI - Return of the Jedi - Gattaca
3653,City Slickers II: The Legend of Curly's Gold - Lightning Jack - Last Man Standing
3654,Westworld - Sneakers - Contact
3655,"Shawshank Redemption, The - Boat, The (Das Boot) - Raiders of the Lost Ark"
3656,"Crush, The - Patch Adams - Air America"
3657,"Ronin - eXistenZ - Mummy, The"
3658,Animal House - And Now for Something Completely Different - Young Frankenstein
3659,"Braveheart - Player, The - Leaving Las Vegas"
3660,"Cocoon - Abyss, The - Rocky Horror Picture Show, The"
3661,"Ghostbusters - Near Dark - American Werewolf in London, An"
3662,"Girl 6 - Roommates - Slingshot, The (Kådisbellan )"
3663,G.I. Jane - Waterworld - Broken Arrow
3664,She's All That - Batman Forever - Raiders of the Lost Ark
3665,"Rocketeer, The - Moonraker - Blazing Saddles"
3666,"Willow - Patriot Games - Good, The Bad and The Ugly, The"
3667,"Mrs. Doubtfire - Sound of Music, The - Wedding Singer, The"
3668,"Talented Mr. Ripley, The - Angel Heart - Blowup"
3669,Conspiracy Theory - Demolition Man - Dragonheart
3670,"Bronco Billy - Whole Nine Yards, The - Space Jam"
3671,Romeo Must Die - Top Gun - First Blood
3672,Indiana Jones and the Temple of Doom - Oliver! - Carrie
3673,"McCabe & Mrs. Miller - Rocky - Buddy Holly Story, The"
3674,Terminator 2: Judgment Day - Mad Max - Mad Max 2 (a.k.a. The Road Warrior)
3675,Nick of Time - Color of Night - City Hall
3676,Toy Story - Lady and the Tramp - 101 Dalmatians
3677,Deep Blue Sea - Kiss the Girls - Entrapment
3678,Superman - Star Wars: Episode IV - A New Hope - Close Encounters of the Third Kind
3679,"Wayne's World - Sound of Music, The - Misérables, Les"
3680,Hoosiers - Apollo 13 - Fight Club
3681,Rambo III - Action Jackson - Halloween 5: The Revenge of Michael Myers
3682,"Moonstruck - Big - Big Chill, The"
3683,Madonna: Truth or Dare - Mo' Better Blues - Everyone Says I Love You
3684,eXistenZ - Toy Story 2 - Who Framed Roger Rabbit?
3685,"Scary Movie - Art of War, The - Ghost Dog: The Way of the Samurai"
3686,"Cider House Rules, The - American Psycho - Whole Nine Yards, The"
3687,Doctor Dolittle - Cool Hand Luke - Midnight Cowboy
3688,"Rear Window - Natural, The - Carmen"
3689,"Miami Rhapsody - U.S. Marshalls - Lost World: Jurassic Park, The"
3690,"Crush, The - Hard Target - Fan, The"
3691,"Tie Me Up! Tie Me Down! - Benny & Joon - Simple Plan, A"
3692,"Poltergeist - Exorcist, The - Mummy, The"
3693,"Mulan - Lone Star - Replacements, The"
3694,"Ferris Bueller's Day Off - Usual Suspects, The - Godfather: Part II, The"
3695,Interview with the Vampire - Mad Max - Kalifornia
3696,Quiz Show - Cop Land - Thelma & Louise
3697,E.T. the Extra-Terrestrial - Beetlejuice - Ladyhawke
3698,Snow Falling on Cedars - Scream 3 - Sleepy Hollow
3699,"North by Northwest - Wizard of Oz, The - Inherit the Wind"
3700,"Sleepers - Cider House Rules, The - Civil Action, A"
3701,"Blade Runner - Being John Malkovich - Gods Must Be Crazy, The"
3702,"Christmas Story, A - God Said 'Ha!' - Toy Story"
3703,"My Cousin Vinny - Lethal Weapon 2 - Whole Nine Yards, The"
3704,Hoop Dreams - Out of Sight - Being John Malkovich
3705,This Is Spinal Tap - Thirty-Two Short Films About Glenn Gould - Three Amigos!
3706,"Breakfast Club, The - Willy Wonka and the Chocolate Factory - Ferris Bueller's Day Off"
3707,Hackers - Cliffhanger - Snake Eyes
3708,"Talented Mr. Ripley, The - White Men Can't Jump - Murphy's Romance"
3709,Something Wicked This Way Comes - Creepshow - Creepshow 2
3710,"Waterboy, The - Vegas Vacation - Lethal Weapon 4"
3711,"North by Northwest - Alien - Silence of the Lambs, The"
3712,Cliffhanger - Jumanji - Six Days Seven Nights
3713,Indiana Jones and the Temple of Doom - Superman - Clear and Present Danger
3714,"Firm, The - American Gigolo - Easy Money"
3715,"Runaway Bride - Romy and Michele's High School Reunion - Sixth Sense, The"
3716,Stir of Echoes - Kalifornia - Four Rooms
3717,"Final Destination - Runaway - Contender, The"
3718,"Alien - Run Lola Run (Lola rennt) - French Connection, The"
3719,"Runaway Bride - Rushmore - Sixth Sense, The"
3720,"Hot Shots! Part Deux - Last Days of Disco, The - Horse Whisperer, The"
3721,Austin Powers: The Spy Who Shagged Me - Bowfinger - Clerks
3722,Rosemary's Baby - Carrie - I Still Know What You Did Last Summer
3723,Bull Durham - Raising Arizona - M*A*S*H
3724,"Star Trek III: The Search for Spock - Goodbye Girl, The - F/X"
3725,"Donnie Brasco - Few Good Men, A - Chasing Amy"
3726,"South Park: Bigger, Longer and Uncut - Hercules - Krippendorf's Tribe"
3727,"Jackal, The - JFK - Jackie Brown"
3728,Star Wars: Episode V - The Empire Strikes Back - Oliver & Company - Braveheart
3729,"Jewel of the Nile, The - Natural Born Killers - Iron Eagle"
3730,"Total Recall - 20,000 Leagues Under the Sea - Time Bandits"
3731,"Freejack - Fly II, The - Tank Girl"
3732,Much Ado About Nothing - Star Wars: Episode VI - Return of the Jedi - Indiana Jones and the Last Crusade
3733,"Fried Green Tomatoes - Hurricane, The - Green Mile, The"
3734,Freejack - Naked Gun 33 1/3: The Final Insult - Scream 3
3735,Lethal Weapon 4 - Airplane II: The Sequel - My Fellow Americans
3736,"Truman Show, The - Leaving Las Vegas - As Good As It Gets"
3737,Twister - Moonraker - Independence Day (ID4)
3738,Harvey - Ghostbusters - Stripes
3739,"General's Daughter, The - Inspector General, The"
3740,"Perfect World, A - Philadelphia - Mr. Holland's Opus"
3741,Robocop - Out of Sight - Heavenly Creatures
3742,"Godfather: Part II, The - Platoon - Rear Window"
3743,"Bug's Life, A - Toy Story - Waiting to Exhale"
3744,Around the World in 80 Days - Arachnophobia - As Good As It Gets
3745,Billy's Hollywood Screen Kiss - Father of the Bride Part II - Picture Perfect
3746,Splash - Teenage Mutant Ninja Turtles - Roger & Me
3747,Wild Wild West - Conspiracy Theory - Cool Hand Luke
3748,"Ghostbusters - Fish Called Wanda, A - Grosse Pointe Blank"
3749,Soapdish - Midnight in the Garden of Good and Evil - Robin Hood: Men in Tights
3750,"Mask, The - Legend - Dune"
3751,Shanghai Noon - Remember the Titans - Meet the Parents
3752,"Dark Crystal, The - Brady Bunch Movie, The - Fisher King, The"
3753,"Me Myself I - Me, Myself and Irene - Next Friday"
3754,"Desperately Seeking Susan - Spaceballs - Gods Must Be Crazy II, The"
3755,"High Noon - Romeo and Juliet - Grapes of Wrath, The"
3756,"Funny Farm - Doctor Dolittle - Distinguished Gentleman, The"
3757,"English Patient, The - Courage Under Fire - Independence Day (ID4)"
3758,Out of Sight - In the Line of Fire - Gods and Monsters
3759,"To Wong Foo, Thanks for Everything! Julie Newmar - Weekend at Bernie's - Michael"
3760,Mrs. Miniver - Three Kings - Apocalypse Now
3761,"Fugitive, The - African Queen, The - Indiana Jones and the Last Crusade"
3762,"Man Who Knew Too Much, The - Fugitive, The - Crimson Tide"
3763,Little Big Man - Parenthood - And Now for Something Completely Different
3764,Some Like It Hot - GoodFellas - Sugar Town
3765,"Thomas Crown Affair, The - Cocoon - When Harry Met Sally..."
3766,Batman Forever - Patch Adams - Billy Madison
3767,Dead Calm - Eyes Wide Shut - Lake Placid
3768,"Fox and the Hound, The - Pete's Dragon - Sound of Music, The"
3769,"Big Chill, The - Blues Brothers, The - Ghostbusters"
3770,"Wings of the Dove, The - Titanic - Chasing Amy"
3771,Lethal Weapon 4 - Judgment Night - Rocky IV
3772,"Alien - Alan Smithee Film: Burn Hollywood Burn, An - Alien: Resurrection"
3773,"Life and Times of Hank Greenberg, The - Keeping the Faith - Me Myself I"
3774,"Happiness - Gods and Monsters - Boat, The (Das Boot)"
3775,"Little Mermaid, The - Office Space - Fierce Creatures"
3776,Back to the Future Part II - Lethal Weapon 2 - Ruthless People
3777,Doctor Zhivago - Dangerous Liaisons - Clueless
3778,Lightning Jack - Forrest Gump - Seven Years in Tibet
3779,"Governess, The - Walk on the Moon, A - Sliding Doors"
3780,"Toy Story - Iron Giant, The - Mulan"
3781,"Fisher King, The - Philadelphia - Queen Margot (La Reine Margot)"
3782,"Little Shop of Horrors - Outsiders, The - Risky Business"
3783,Babe - Little Big Man
3784,Four Weddings and a Funeral - Grosse Pointe Blank - There's Something About Mary
3785,"Mystery Men - Rock, The - Dances with Wolves"
3786,Gods and Monsters - My Cousin Vinny - Smoke Signals
3787,Desperately Seeking Susan - Everything You Always Wanted to Know About Sex
3788,Desperately Seeking Susan - Romancing the Stone
3789,Living in Oblivion - American Beauty - Election
3790,Fargo - North by Northwest - Raging Bull
3791,Kids - Get on the Bus - Jungle Fever
3792,Tommy Boy - Michael - Son in Law
3793,D2: The Mighty Ducks - Bio-Dome - Air Bud
3794,"Return to Oz - Rushmore - South Park: Bigger, Longer and Uncut"
3795,"Unbearable Lightness of Being, The - East-West (Est-ouest) - Hurlyburly"
3796,"Mr. Smith Goes to Washington - Jungle Book, The - Terms of Endearment"
3797,"African Queen, The - Men in Black - Star Wars: Episode VI - Return of the Jedi"
3798,"Miller's Crossing - Player, The - Glengarry Glen Ross"
3799,"Odd Couple, The - Ghost - Grumpy Old Men"
3800,"Misery - King Kong - Nightmare on Elm Street, A"
3801,Graveyard Shift - Friday the 13th Part VI: Jason Lives - Friday the 13th Part VII: The New Blood
3802,Road Trip - Nutty Professor II: The Klumps
3803,Twister - White Men Can't Jump
3804,"Dark Half, The - House - Disturbing Behavior"
3805,Jacob's Ladder - Casino - Aliens
3806,Friday the 13th Part VII: The New Blood - Friday the 13th Part V: A New Beginning - Amityville II: The Possession
3807,Aliens - Batman - Indiana Jones and the Last Crusade
3808,"Leatherface: Texas Chainsaw Massacre III - Friday the 13th Part 3: 3D - Fly II, The"
3809,"Taking of Pelham One Two Three, The - War of the Worlds, The - Rocky"
3810,Unforgiven - High Plains Drifter - Magnum Force
3811,"Jerk, The - Rocky - Spy Who Loved Me, The"
3812,"Rock, The - Highlander - Face/Off"
3813,Dances with Wolves - Mr. Smith Goes to Washington - Bonnie and Clyde
3814,Lethal Weapon 3 - Bad Boys - Conan the Barbarian
3815,My Best Friend's Wedding - Married to the Mob - North Dallas Forty
3816,"Happiest Millionaire, The - Rosemary's Baby - She's All That"
3817,Henry V - Red Dawn - Missing in Action 2: The Beginning
3818,"Romeo Must Die - Green Mile, The - Simon Birch"
3819,Dazed and Confused - Rushmore - Wayne's World
3820,"Star Wars: Episode I - The Phantom Menace - Fly, The - Alien Nation"
3821,"Ashes of Time - Autumn in New York - Double Life of Veronique, The (La Double Vie de Véronique)"
3822,"Married to the Mob - Desperately Seeking Susan - Girl, Interrupted"
3823,"Around the World in 80 Days - Third Man, The - Maltese Falcon, The"
3824,"Bicycle Thief, The (Ladri di biciclette) - Blue Angel, The (Blaue Engel, Der) - On the Waterfront"
3825,"Backdraft - Higher Learning - Rock, The"
3826,"Donnie Brasco - Silence of the Lambs, The - Hoop Dreams"
3827,GoodFellas - Angel Baby - Leaving Las Vegas
3828,Mystery Science Theater 3000: The Movie - Army of Darkness - Forbidden Planet
3829,"M - Chinatown - Maltese Falcon, The"
3830,"Santitos - Romeo Must Die - Ninth Gate, The"
3831,Fatal Beauty - Fatal Instinct - William Shakespeare's Romeo and Juliet
3832,"Election - Delicatessen - Player, The"
3833,Tron - Vertigo - Life Is Beautiful (La Vita è bella)
3834,Judge Dredd - Dead Man on Campus - Idle Hands
3835,"Good Will Hunting - Life Is Beautiful (La Vita è bella) - Fugitive, The"
3836,Fallen - Rush Hour - Unforgettable
3837,What About Bob? - Sliding Doors - Rounders
3838,"Beach, The - Bringing Out the Dead"
3839,"Wild Wild West - Waterboy, The - Batman & Robin"
3840,"Princess Bride, The - Rock, The - Goonies, The"
3841,"Fear - I Confess - Seventh Sign, The"
3842,Sense and Sensibility - North by Northwest - On the Waterfront
3843,Angels in the Outfield - Superstar - Dunston Checks In
3844,Tales From the Crypt Presents: Demon Knight - Lake Placid - Sleepwalkers
3845,Shakespeare in Love - Being John Malkovich - My Life as a Dog (Mitt liv som hund)
3846,Ferris Bueller's Day Off - Trading Places - Airplane!
3847,"Jacob's Ladder - Scream - Rocky Horror Picture Show, The"
3848,Watership Down - Airport - Rocky II
3849,"Fly, The - Barbarella - Phantasm"
3850,Addicted to Love - City Hall - Midnight in the Garden of Good and Evil
3851,"Stir of Echoes - South Park: Bigger, Longer and Uncut - Thomas Crown Affair, The"
3852,"Straight Story, The - Key Largo - Like Water for Chocolate (Como agua para chocolate)"
3853,"Craft, The - Friday the 13th - Blair Witch Project, The"
3854,"Talented Mr. Ripley, The - Hoop Dreams - Christmas Story, A"
3855,"Pi - Scream - Firm, The"
3856,"Replacements, The - Steel Magnolias - Bronco Billy"
3857,American Pie - Bowfinger - Men in Black
3858,"Flubber - Godfather, The - Alien"
3859,G.I. Jane - Single White Female - Lethal Weapon 3
3860,"Fighting Seabees, The - Red Dawn - Flying Tigers"
3861,Braveheart - Trainspotting - Shakespeare in Love
3862,"Kundun - Full Monty, The - Braveheart"
3863,"Mummy, The - Rock, The"
3864,"Voyage of the Damned - Rainmaker, The - Buddy Holly Story, The"
3865,"U2: Rattle and Hum - This Is Spinal Tap - Little Mermaid, The"
3866,"Schindler's List - Annie Hall - Wizard of Oz, The"
3867,Ladyhawke - Superman - GoldenEye
3868,"Rush Hour - Perfect Murder, A - Thomas Crown Affair, The"
3869,Backdraft - Back to the Future Part II - Back to the Future Part III
3870,"Scream 3 - Whole Nine Yards, The - Jerry Maguire"
3871,"101 Dalmatians - Cable Guy, The - People vs. Larry Flynt, The"
3872,Clerks - Office Space - Donnie Brasco
3873,Apt Pupil - Arsenic and Old Lace - Attack of the Killer Tomatoes!
3874,"Raiders of the Lost Ark - King Kong - Longest Day, The"
3875,Stuart Little - Sleepy Hollow - Toy Story 2
3876,"Insider, The - Iron Giant, The - Out of Sight"
3877,"Godfather: Part II, The - American Movie"
3878,"Re-Animator - Fly, The - Nightmare on Elm Street, A"
3879,"Goofy Movie, A - Hercules - Meet Joe Black"
3880,"Young Frankenstein - Ghostbusters - Fisher King, The"
3881,"Birdcage, The - Scrooged - Gods Must Be Crazy, The"
3882,Tumbleweeds - Evita - Mr. Saturday Night
3883,Toy Story - Election
3884,Can't Hardly Wait - Star Trek VI: The Undiscovered Country - Girl 6
3885,"Murder, My Sweet - It's a Wonderful Life - Arsenic and Old Lace"
3886,"Star Trek VI: The Undiscovered Country - Sling Blade - Stepford Wives, The"
3887,Kids in the Hall: Brain Candy - Dave - Bulworth
3888,"Boat, The (Das Boot) - Rocky Horror Picture Show, The - Jonah Who Will Be 25 in the Year 2000"
3889,"Christmas Story, A - GoodFellas - Gone with the Wind"
3890,"Sixth Sense, The - Reservoir Dogs - Fargo"
3891,"English Patient, The - Tie Me Up! Tie Me Down! - Batman"
3892,Swingers - Boogie Nights - JFK
3893,"Hollow Man - Eyes of Tammy Faye, The - Alice and Martin (Alice et Martin)"
3894,"Somewhere in Time - Erin Brockovich - Cider House Rules, The"
3895,"Forrest Gump - Benny & Joon - Governess, The"
3896,Event Horizon - Mimic - Universal Soldier
3897,King Kong - King Kong
3898,"Philadelphia - Ordinary People - Fish Called Wanda, A"
3899,"Run Lola Run (Lola rennt) - Sleepy Hollow - South Park: Bigger, Longer and Uncut"
3900,"Exit to Eden - Waterboy, The - Son in Law"
3901,Moonraker - Easy Money - Patch Adams
3902,Bulletproof - Batman Forever - Teenage Mutant Ninja Turtles III
3903,"Soul Man - Running Man, The - Heartbreak Ridge"
3904,"American Werewolf in London, An - Sword in the Stone, The - Rounders"
3905,"Terminator, The - Lethal Weapon - Untouchables, The"
3906,Live and Let Die - Predator - Men in Black
3907,Mrs. Doubtfire - Living Out Loud - While You Were Sleeping
3908,"Godfather: Part III, The - Godfather: Part II, The - Godfather, The"
3909,F/X 2 - Independence Day (ID4) - Bicentennial Man
3910,"Nutty Professor, The - Dune - Flubber"
3911,Twister - Alice in Wonderland
3912,"Fish Called Wanda, A - Star Wars: Episode IV - A New Hope - Star Wars: Episode I - The Phantom Menace"
3913,"Halloween: The Curse of Michael Myers - Sixth Sense, The - Terminator 2: Judgment Day"
3914,Raiders of the Lost Ark - Star Wars: Episode IV - A New Hope - King Kong
3915,Creepshow - Double Jeopardy
3916,"American Pop - Maltese Falcon, The - GoodFellas"
3917,"Pretty Woman - English Patient, The - Emma"
3918,Eyes Wide Shut - Entrapment - Gladiator
3919,"Titanic - Matrix, The - Déjà Vu"
3920,"African Queen, The - Deliverance - Willow"
3921,Austin Powers: International Man of Mystery - Forever Young - Philadelphia
3922,Raiders of the Lost Ark - Jaws - Glory
3923,Lady and the Tramp - Guess Who's Coming to Dinner - Caddyshack
3924,"Hunt for Red October, The - Green Mile, The - Diva"
3925,Reservoir Dogs - Pulp Fiction - American History X
3926,"Independence Day (ID4) - Cradle Will Rock, The - Cliffhanger"
3927,Seven Years in Tibet - Antz - In & Out
3928,Coneheads - Gladiator - Scary Movie
3929,"Drop Dead Fred - Buffy the Vampire Slayer - Nutty Professor, The"
3930,Breaker Morant - M*A*S*H - Captain Horatio Hornblower
3931,Sneakers - Gattaca - Heavy Metal
3932,"Star Wars: Episode IV - A New Hope - Big - 7th Voyage of Sinbad, The"
3933,Dead Man Walking - Alien
3934,"Fatal Attraction - Devil's Advocate, The - Gaslight"
3935,"Wedding Singer, The - Drop Dead Gorgeous - True Lies"
3936,Apollo 13 - Contact - That Thing You Do!
3937,"Good Man in Africa, A - Dances with Wolves - Passion in the Desert"
3938,"Quick and the Dead, The - Young Guns II - Wild Bill"
3939,"To Kill a Mockingbird - Iron Giant, The"
3940,"Great Santini, The - Midnight Express - Papillon"
3941,Deep Blue Sea - Jurassic Park - Independence Day (ID4)
3942,"Falcon and the Snowman, The - From Dusk Till Dawn - Full Metal Jacket"
3943,"Three Kings - River Runs Through It, A - Joy Luck Club, The"
3944,"Falcon and the Snowman, The - Breakfast Club, The - Stand by Me"
3945,Star Wars: Episode I - The Phantom Menace - Star Wars: Episode IV - A New Hope - Star Trek: The Motion Picture
3946,eXistenZ - Mars Attacks! - Sphere
3947,"Silence of the Lambs, The - Rear Window - Die Hard"
3948,Freaky Friday - Austin Powers: International Man of Mystery - Victor/Victoria
3949,"Cat Ballou - Wild Bunch, The - Dead Man"
3950,"Mask, The - Mystery Men - Dazed and Confused"
3951,Star Trek: Generations - Legend - Mission: Impossible
3952,"Barefoot Executive, The - Bastard Out of Carolina - Battle for the Planet of the Apes"
3953,Thunderball - Batman: Mask of the Phantasm - On Her Majesty's Secret Service
3954,"Nutty Professor, The - Star Trek: Generations - Back to the Future Part III"
3955,Maximum Risk - Striking Distance - Lost in Space
3956,"Dreamscape - Man with the Golden Gun, The - Moonraker"
3957,Grumpier Old Men - Blind Date - L.A. Confidential
3958,"Stepmom - Adventures of Priscilla, Queen of the Desert, The - Simple Twist of Fate, A"
3959,"Kid, The - Love's Labour's Lost"
3960,"October Sky - Other Sister, The - GoodFellas"
3961,"Piranha - Craft, The - Friday the 13th"
3962,Star Trek V: The Final Frontier - Missing in Action - Iron Eagle
3963,Unforgiven - Legends of the Fall - Back to the Future Part III
3964,"Godfather: Part II, The - Patton - American Beauty"
3965,My Cousin Vinny - Thunderbolt and Lightfoot - Married to the Mob
3966,"Ferris Bueller's Day Off - Die Hard - Princess Bride, The"
3967,"Color Purple, The - Copycat - Simon Birch"
3968,"Arachnophobia - Blown Away - Rocketeer, The"
3969,"Sleepy Hollow - Talented Mr. Ripley, The"
3970,Almost Famous - Bull Durham - Midnight Cowboy
3971,Parenthood - Back to School - Pretty in Pink
3972,End of Days - Double Jeopardy
3973,"Game, The - Naked Gun 2 1/2: The Smell of Fear, The - Big Lebowski, The"
3974,"13th Warrior, The - 20,000 Leagues Under the Sea - 3 Ninjas: High Noon On Mega Mountain"
3975,True Grit - Misery - Working Girl
3976,Shall We Dance? (Shall We Dansu?) - Ferris Bueller's Day Off - Big
3977,"Castle, The - Blues Brothers, The - Man on the Moon"
3978,"Thin Blue Line, The - Roger & Me - Atlantic City"
3979,"Freaky Friday - Mary Poppins - Little Mermaid, The"
3980,Tales from the Hood - Lake Placid - Bride of Chucky
3981,"Untouchables, The - Charade - Broadcast News"
3982,"American Beauty - Gladiator - Maltese Falcon, The"
3983,You've Got Mail - Against All Odds - French Kiss
3984,Forrest Gump - Aliens - Star Wars: Episode VI - Return of the Jedi
3985,"Thomas Crown Affair, The - Serial Mom - Mrs. Parker and the Vicious Circle"
3986,"American President, The - Bonfire of the Vanities - My Best Friend's Wedding"
3987,"Thomas Crown Affair, The - Who Framed Roger Rabbit? - X-Men"
3988,"Sex, Lies, and Videotape - Children of a Lesser God - Outsiders, The"
3989,Nine Months - Back to the Future Part III - French Kiss
3990,"Mask, The - Splash - Goonies, The"
3991,Entrapment - End of Days - Erin Brockovich
3992,What About Bob? - Austin Powers: The Spy Who Shagged Me - Bowfinger
3993,"Fly, The - Nutty Professor, The - Wild Wild West"
3994,Desperately Seeking Susan - Dave - Sabrina
3995,"2001: A Space Odyssey - Girl, Interrupted - Pitch Black"
3996,Mortal Kombat - Homeward Bound: The Incredible Journey - Hook
3997,Deep Rising - Godzilla - Lost in Space
3998,Star Trek: The Wrath of Khan - Star Trek IV: The Voyage Home - Starman
3999,"Nightmare on Elm Street 3: Dream Warriors, A - Disturbing Behavior - Thinner"
4000,Teenage Mutant Ninja Turtles - Small Soldiers - Twelve Monkeys
4001,"Selena - Interview with the Vampire - Girl, Interrupted"
4002,"Aliens - M*A*S*H - Great Dictator, The"
4003,Rear Window - Vertigo - Croupier
4004,"End of Days - Mod Squad, The - Godzilla"
4005,Bless the Child - Elizabeth - Girlfight
4006,"Roseanna's Grave (For Roseanna) - Cool Hand Luke - Christmas Story, A"
4007,"Black Dog - End of Days - Avengers, The"
4008,Boys and Girls - Battlefield Earth
4009,Psycho - Young Frankenstein - Carrie
4010,Ghostbusters - Mystery Men
4011,Dead Man Walking - Sling Blade - Pulp Fiction
4012,Loser - Frequency - Road Trip
4013,"Robocop 3 - Usual Suspects, The - Sixth Sense, The"
4014,Ghostbusters II - Friday the 13th Part VII: The New Blood - Friday the 13th Part 3: 3D
4015,"Tender Mercies - Odessa File, The - Dangerous Liaisons"
4016,"Funny Farm - To Wong Foo, Thanks for Everything! Julie Newmar - Ace Ventura: Pet Detective"
4017,Down to You - Play it to the Bone - Beautiful People
4018,"Three Musketeers, The - Strange Days - Rocketeer, The"
4019,Psycho - Dr. Strangelove or: How I Learned to Stop Worrying and Love the Bomb
4020,Top Gun - Backdraft - Rising Sun
4021,"Mrs. Doubtfire - Band Wagon, The - Arthur"
4022,Forrest Gump - Carrie - Re-Animator
4023,Grease - Stripes - Big
4024,Braveheart - Bram Stoker's Dracula - Breakdown
4025,"Two Family House - Ballad of Ramblin' Jack, The - Dancer in the Dark"
4026,"Bram Stoker's Dracula - X-Files: Fight the Future, The - World Is Not Enough, The"
4027,"North by Northwest - Silence of the Lambs, The - Rendezvous in Paris (Rendez-vous de Paris, Les)"
4028,"Waterboy, The - City Slickers II: The Legend of Curly's Gold - Home Alone 2: Lost in New York"
4029,Psycho - Dr. Strangelove or: How I Learned to Stop Worrying and Love the Bomb - Midnight Cowboy
4030,"Marty - Leaving Las Vegas - Quiet Man, The"
4031,Young Frankenstein - Fright Night - Re-Animator
4032,"Goofy Movie, A - Homegrown - M*A*S*H"
4033,Pump Up the Volume - Roseanna's Grave (For Roseanna) - Fried Green Tomatoes
4034,Cool Hand Luke - My Fair Lady - Mary Poppins
4035,"54 - Austin Powers: The Spy Who Shagged Me - Blair Witch Project, The"
4036,Richie Rich - Home Alone 2: Lost in New York - Mixed Nuts
4037,"North by Northwest - Some Like It Hot - 400 Blows, The (Les Quatre cents coups)"
4038,"Graduate, The - Midnight Cowboy"
4039,"Arachnophobia - Ref, The - Shanghai Noon"
4040,"Cujo - Swamp Thing - Toxic Avenger, The"
4041,Young Guns II - Renaissance Man - Gung Ho
4042,Galaxy Quest - Freejack - Forever Young
4043,Single White Female - Mars Attacks! - Armageddon
4044,"Romy and Michele's High School Reunion - South Park: Bigger, Longer and Uncut - Sixth Sense, The"
4045,Pokémon the Movie 2000 - Steel Magnolias - Shaft's Big Score!
4046,"Treasure of the Sierra Madre, The - Bridge on the River Kwai, The - Butch Cassidy and the Sundance Kid"
4047,"Men in Black - Few Good Men, A - Pulp Fiction"
4048,"Up Close and Personal - Fabulous Baker Boys, The - Mr. Mom"
4049,Days of Thunder - Jaws 2 - Cliffhanger
4050,Fast Times at Ridgemont High - Planet of the Apes - Reservoir Dogs
4051,"Jacob's Ladder - House on Haunted Hill - Dead Zone, The"
4052,"Perfect Storm, The - Highlander: Endgame - Tao of Steve, The"
4053,"Dirty Dozen, The - Psycho - Producers, The"
4054,"Wanted: Dead or Alive - Quick and the Dead, The - Charlie, the Lonesome Cougar"
4055,Casino - Titanic - Dances with Wolves
4056,"Fox and the Hound, The - Bug's Life, A"
4057,My Cousin Vinny - Twister - Patch Adams
4058,Fight Club - Apollo 13 - Old Yeller
4059,"Flamingo Kid, The - Pee-wee's Big Adventure - Gods Must Be Crazy, The"
4060,Seven (Se7en) - Dead Men Don't Wear Plaid - Crimson Tide
4061,"Perfect Storm, The - Scary Movie - Spiral Staircase, The"
4062,"Stargate - 13th Warrior, The - Apt Pupil"
4063,"Chicken Run - Patriot, The - My Dog Skip"
4064,Widows' Peak - Conspiracy Theory - Death Becomes Her
4065,Westworld - Escape from New York
4066,"Rock, The - Face/Off - Crow, The"
4067,"Stigmata - Sleepy Hollow - South Park: Bigger, Longer and Uncut"
4068,"Run Silent, Run Deep - Shakespeare in Love"
4069,"Man with the Golden Gun, The - Desperately Seeking Susan - Star Trek: The Wrath of Khan"
4070,"Back to the Future Part III - Nutty Professor, The - Universal Soldier"
4071,"Bram Stoker's Dracula - Nightmare on Elm Street 3: Dream Warriors, A - Cujo"
4072,Star Trek: First Contact - While You Were Sleeping - True Lies
4073,"Guns of Navarone, The - Courage Under Fire"
4074,Trainspotting - Ferris Bueller's Day Off - Dead Calm
4075,American Movie - Raising Arizona - Superstar
4076,"Seven Years in Tibet - Hope Floats - Bodyguard, The"
4077,"Never Been Kissed - Muse, The - Ghostbusters II"
4078,Weird Science - Nighthawks - Outrageous Fortune
4079,Angus - To Die For - Stuart Little
4080,"Fugitive, The - Fargo - Dial M for Murder"
4081,"Bug's Life, A - Big - Harold and Maude"
4082,Sleepless in Seattle - City of Angels - Beautiful Girls
4083,Fargo - Sling Blade - Foreign Correspondent
4084,Pitch Black - Shanghai Noon - Mission: Impossible
4085,Mickey Blue Eyes - Free Willy - Rocky V
4086,Big - Beetlejuice - Willy Wonka and the Chocolate Factory
4087,"Stir of Echoes - South Park: Bigger, Longer and Uncut - She's All That"
4088,"Striptease - Event Horizon - Simple Wish, A"
4089,"Cell, The - Reindeer Games - Liberty Heights"
4090,Beetlejuice - Airplane! - Diner
4091,"Children of the Corn - Christmas Vacation - Christmas Story, A"
4092,"Election - Babe - Full Monty, The"
4093,Caddyshack - On Golden Pond - Pleasantville
4094,"Patriot, The - Perfect Storm, The - Here on Earth"
4095,"Last of the Mohicans, The - Dances with Wolves - Mask of Zorro, The"
4096,"Hunchback of Notre Dame, The - Jumanji - 101 Dalmatians"
4097,M*A*S*H - Back to the Future - Ghostbusters
4098,"Patriot Games - Under Siege - Ghost and the Darkness, The"
4099,Chinatown - American Beauty - Blade Runner
4100,"Guns of Navarone, The - World Is Not Enough, The - Lethal Weapon 2"
4101,"Last of the Mohicans, The - Small Soldiers - Hot Shots! Part Deux"
4102,Jaws 3-D - House II: The Second Story - Halloween III: Season of the Witch
4103,Legends of the Fall - Summer of Sam - Reality Bites
4104,Akira - Planet of the Apes - Close Encounters of the Third Kind
4105,Sgt. Bilko - Forces of Nature - Cabin Boy
4106,"Breaker Morant - Canadian Bacon - Hollywood Knights, The"
4107,"Running Man, The - Brazil - Amadeus"
4108,"Boat, The (Das Boot) - Christmas Story, A - Last Picture Show, The"
4109,Mad Max - Terminator 2: Judgment Day
4110,Sunset Blvd. (a.k.a. Sunset Boulevard) - Go West
4111,Michael Collins - Pink Floyd - The Wall - Platoon
4112,Lethal Weapon 4 - Scrooged - Back to the Future Part III
4113,Bad Boys - Conan the Barbarian - American Gigolo
4114,2001: A Space Odyssey - Twelve Monkeys - Forbidden Planet
4115,Austin Powers: International Man of Mystery - Being There - Rushmore
4116,Toy Story 2 - Ferris Bueller's Day Off - Manhattan
4117,"Hackers - World Is Not Enough, The - Tomorrow Never Dies"
4118,"Breakfast Club, The - Casino - Charlotte's Web"
4119,Twister - Honeymoon in Vegas - Duel in the Sun
4120,Vacation - American Pie - American Beauty
4121,"Ghostbusters - Lake Placid - Exorcist, The"
4122,Police Academy 2: Their First Assignment - Spice World - Police Academy 3: Back in Training
4123,"Close Encounters of the Third Kind - Twelve Monkeys - Terminator, The"
4124,"Star Trek: First Contact - Fly, The - Robocop"
4125,"Apocalypse Now - Armed and Dangerous - Aristocats, The"
4126,Scream 2 - Scream 3 - Scream
4127,"Honey, I Blew Up the Kid - My Favorite Martian - Wild Wild West"
4128,"Body Heat - Blues Brothers, The - Boogie Nights"
4129,"Schindler's List - To Kill a Mockingbird - Grapes of Wrath, The"
4130,Superman II - Drop Zone - Rocky II
4131,"End of Days - Faculty, The - Lake Placid"
4132,"Speed - Negotiator, The - Batman"
4133,Drop Dead Fred - Jurassic Park - Men in Black
4134,"Dog Day Afternoon - Year of Living Dangerously - Fisher King, The"
4135,Road Trip - Dogma - Big Daddy
4136,"Asphalt Jungle, The - Blade Runner - Murder, My Sweet"
4137,Parenthood - Pee-wee's Big Adventure - Beetlejuice
4138,"Last of the Mohicans, The - Room with a View, A - Singin' in the Rain"
4139,"Birdcage, The - Blade - Muse, The"
4140,We're No Angels - Nine 1/2 Weeks - Showgirls
4141,"Sneakers - Civil Action, A - Dangerous Beauty"
4142,Against All Odds - Agnes of God
4143,"Blues Brothers, The - Lethal Weapon"
4144,"Fish Called Wanda, A - Blazing Saddles - Waking Ned Devine"
4145,"Out-of-Towners, The - Sixth Sense, The"
4146,"Star Wars: Episode VI - Return of the Jedi - Crying Game, The"
4147,"Face/Off - Star Trek: Generations - Hurricane, The"
4148,Independence Day (ID4) - Indiana Jones and the Temple of Doom - Backdraft
4149,Wyatt Earp - Hamlet - Braveheart
4150,"King Kong - Pink Floyd - The Wall - Whole Nine Yards, The"
4151,Lethal Weapon - White Men Can't Jump - Chasing Amy
4152,"Drugstore Cowboy - Serpico - French Connection, The"
4153,"Goofy Movie, A - Life with Mikey - Dumb & Dumber"
4154,From Here to Eternity - Apollo 13
4155,Robocop 3 - Robocop - Batman
4156,"Contact - Dark Crystal, The - Fly, The"
4157,"Phantasm IV: Oblivion - Brain That Wouldn't Die, The - Being John Malkovich"
4158,Wild America - Babe
4159,Tombstone - Legends of the Fall
4160,Piranha - Armageddon - Sphere
4161,"Days of Thunder - Beverly Hills Cop III - River Wild, The"
4162,"Any Given Sunday - While You Were Sleeping - American President, The"
4163,"Pork Chop Hill - Shakespeare in Love - Run Silent, Run Deep"
4164,Forbidden Planet - City Lights - M
4165,Much Ado About Nothing - To Die For - Zero Effect
4166,"King and I, The - Beauty and the Beast"
4167,"Amadeus - For a Few Dollars More - Trial, The (Le Procès)"
4168,Nell - Ransom - Interview with the Vampire
4169,"Joe's Apartment - Amos & Andrew - Odd Couple II, The"
4170,"Cape Fear - Apocalypse Now - Sting, The"
4171,"Men in Black - Truman Show, The - Fried Green Tomatoes"
4172,"Titanic - Godfather: Part II, The - Godfather, The"
4173,Enemy of the State - Lethal Weapon 2 - Star Wars: Episode I - The Phantom Menace
4174,"Repo Man - Terminator, The - Day the Earth Stood Still, The"
4175,"Meatballs Part II - Meatballs III - Devil and Max Devlin, The"
4176,Aliens - Back to the Future
4177,"Dead Zone, The - Misery - Psycho"
4178,Titanic - Groundhog Day
4179,"Silence of the Lambs, The - Kundun - Amadeus"
4180,Arsenic and Old Lace - As Good As It Gets - Austin Powers: The Spy Who Shagged Me
4181,Batman Forever - Forces of Nature - Superstar
4182,Strange Days - Star Wars: Episode IV - A New Hope - Blade Runner
4183,Heat - Indiana Jones and the Last Crusade - Rocky
4184,"Scary Movie - Dinosaur - Me, Myself and Irene"
4185,"From Dusk Till Dawn - Mummy, The - Scream"
4186,"Supergirl - Species - Karate Kid, The"
4187,"Great Escape, The - Elephant Man, The - It Happened One Night"
4188,Shanghai Noon - Battlefield Earth - Dragonheart
4189,Tampopo - Stop Making Sense - Raging Bull
4190,"Breakfast at Tiffany's - Crying Game, The - Last of the Mohicans, The"
4191,"Tarzan - Wizard of Oz, The - Mulan"
4192,"Me, Myself and Irene - Perfect Storm, The"
4193,"Doctor Zhivago - Apocalypse Now - Bridge on the River Kwai, The"
4194,"Austin Powers: International Man of Mystery - Little Shop of Horrors, The - Bulworth"
4195,"Dogma - Cradle Will Rock, The - Sleepy Hollow"
4196,Faster Pussycat! Kill! Kill! - That Darn Cat! - How to Stuff a Wild Bikini
4197,Indecent Proposal - Dances with Wolves
4198,"Something Wicked This Way Comes - Prophecy, The - Buffy the Vampire Slayer"
4199,Hilary and Jackie - Awakenings - Swingers
4200,"Face/Off - Fifth Element, The - eXistenZ"
4201,Santa Claus: The Movie - X-Men
4202,Romancing the Stone - My Science Project
4203,"Exorcist III, The - Tales From the Crypt Presents: Demon Knight - Scream 2"
4204,Rain Man - Say Anything... - Bull Durham
4205,"Star Wars: Episode I - The Phantom Menace - Mask, The - Labyrinth"
4206,Lethal Weapon 3 - Twister - Air America
4207,"Laura - Citizen Kane - Grapes of Wrath, The"
4208,"Queen Margot (La Reine Margot) - Affair to Remember, An - Four Weddings and a Funeral"
4209,Down in the Delta - Gods and Monsters
4210,"Dune - Fly II, The - Back to the Future Part II"
4211,Missing in Action - Missing in Action 2: The Beginning
4212,"Godfather: Part III, The - Titanic - Con Air"
4213,"Outsiders, The - Diner - Tin Men"
4214,"Girl, Interrupted - Talented Mr. Ripley, The - Dogma"
4215,Rear Window - It's a Wonderful Life - North by Northwest
4216,Dr. No - What About Bob? - Gypsy
4217,"Con Air - Siege, The - Stargate"
4218,Contact - Escape from New York - Westworld
4219,Wild Wild West - Species II - Superman IV: The Quest for Peace
4220,Madeline - While You Were Sleeping - Roommates
4221,"King Kong - Annie Hall - Computer Wore Tennis Shoes, The"
4222,Field of Dreams - Bronco Billy - Crimson Tide
4223,"Color of Money, The - Enchanted April - Renaissance Man"
4224,"Out of Sight - Tin Cup - Kid in King Arthur's Court, A"
4225,Blood Simple - Raiders of the Lost Ark - Year of Living Dangerously
4226,"Fish Called Wanda, A - Babe - Groundhog Day"
4227,Pink Floyd - The Wall - Newsies - Fargo
4228,L.A. Confidential - Apollo 13
4229,"To Wong Foo, Thanks for Everything! Julie Newmar - Lethal Weapon 4 - Mars Attacks!"
4230,"Kid, The - MacKenna's Gold"
4231,Seven Years in Tibet - Ghost - Clerks
4232,"Sixth Sense, The - Shakespeare in Love - Titan A.E."
4233,"Patriot Games - Tank Girl - Spy Who Loved Me, The"
4234,"Wizard of Oz, The - Chinatown - Silence of the Lambs, The"
4235,"Road to El Dorado, The - Romeo Must Die - Mission: Impossible 2"
4236,"Poseidon Adventure, The - Powder - Restoration"
4237,Jacob's Ladder - American Pie - Patriot Games
4238,Thunderball - Where Eagles Dare - Barbarella
4239,Time Bandits - Night of the Living Dead - Heavy Metal
4240,Escape from New York - Fast Times at Ridgemont High - Excalibur
4241,"Prince of Egypt, The - Poseidon Adventure, The - Run Silent, Run Deep"
4242,Dave - Sleepless in Seattle - Addams Family Values
4243,"West Side Story - Blues Brothers, The - Grease"
4244,Runaway Bride - Stuart Little
4245,Alien Nation - Logan's Run - Dune
4246,Clue - Major League: Back to the Minors - Patch Adams
4247,"Cocoon: The Return - Lost in Space - Cat from Outer Space, The"
4248,"Good Morning, Vietnam - Independence Day (ID4) - Red Dawn"
4249,"Blown Away - Net, The - Disturbing Behavior"
4250,Casino - Primal Fear - Courage Under Fire
4251,Gremlins - History of the World: Part I - Cocoon
4252,"Haunting, The - Stigmata - Lawnmower Man, The"
4253,"Raising Arizona - Nosferatu (Nosferatu, eine Symphonie des Grauens) - To Be or Not to Be"
4254,Lethal Weapon - Sixteen Candles
4255,"Best Years of Our Lives, The - Ghost and Mrs. Muir, The - Meet John Doe"
4256,Strangers on a Train - Stop Making Sense - One Flew Over the Cuckoo's Nest
4257,"Ghostbusters - General's Daughter, The - Instinct"
4258,Prizzi's Honor - Married to the Mob - Easy Money
4259,"American Beauty - Green Mile, The"
4260,Ed Wood - Airplane! - Bull Durham
4261,Ben-Hur - Ronin - Midnight Run
4262,"Santa Clause, The - Dune - Boy Who Could Fly, The"
4263,"Romy and Michele's High School Reunion - Sixth Sense, The - Superstar"
4264,Shadowlands - Moonraker
4265,"Grease - Fantasia - Lion King, The"
4266,"Runaway Bride - Romy and Michele's High School Reunion - Sixth Sense, The"
4267,"Sleepy Hollow - Sixth Sense, The - Thomas Crown Affair, The"
4268,"Hackers - Glass Bottom Boat, The - Lost World: Jurassic Park, The"
4269,"Logan's Run - Fifth Element, The - Robocop"
4270,"Loser - Me, Myself and Irene"
4271,Tie Me Up! Tie Me Down! - City Hall - Out of Africa
4272,Starship Troopers - Star Trek V: The Final Frontier - Tarantula
4273,"Caddyshack - Twelve Chairs, The - Pretty Woman"
4274,Snake Eyes - Anaconda - Speed 2: Cruise Control
4275,"Forrest Gump - Game, The - Contact"
4276,"Deconstructing Harry - Deer Hunter, The - Deliverance"
4277,Mr. Mom - Shampoo - Rounders
4278,Patriot Games - Cliffhanger - Outbreak
4279,"Network - Repo Man - Sting, The"
4280,"Out-of-Towners, The - Pushing Tin - Shakespeare in Love"
4281,"Wings of the Dove, The - Circle of Friends - Bridges of Madison County, The"
4282,"Honeymoon in Vegas - Hollywood Knights, The - MacKenna's Gold"
4283,"Mask, The - Grumpy Old Men - Mister Roberts"
4284,Wild Wild West - Teenage Mutant Ninja Turtles III - Stop! Or My Mom Will Shoot
4285,"Wedding Singer, The - My Best Friend's Wedding - Starman"
4286,"Puppet Master III: Toulon's Revenge - Brain That Wouldn't Die, The - Puppet Master II"
4287,Surviving the Game - Jumpin' Jack Flash - Beverly Hills Ninja
4288,"Karate Kid, The - Terms of Endearment - Tin Men"
4289,"Money Pit, The - Rocky III - Crocodile Dundee II"
4290,Forrest Gump - Three Kings - Crimson Tide
4291,2010 - Back to the Future Part III - Cube
4292,"Predator 2 - Waterworld - Lost World: Jurassic Park, The"
4293,Bread and Chocolate (Pane e cioccolata) - Walkabout - Seven Beauties (Pasqualino Settebellezze)
4294,Courage Under Fire - Seven Years in Tibet - Speed
4295,"Adventures in Babysitting - Adventures of Priscilla, Queen of the Desert, The - Adventures of Milo and Otis, The"
4296,"Anatomy of a Murder - Blood In, Blood Out (a.k.a. Bound by Honor) - Communion"
4297,Ghostbusters - Airplane! - Back to the Future
4298,Alien Nation - F/X - Pink Floyd - The Wall
4299,Boys on the Side - Mission: Impossible - 8 Seconds
4300,"Twelve Monkeys - Matrix, The - Terminator 2: Judgment Day"
4301,"Battleship Potemkin, The (Bronenosets Potyomkin) - Paths of Glory - Apocalypse Now"
4302,"Jumpin' Jack Flash - Money Pit, The - Nine 1/2 Weeks"
4303,"Shining, The - Poltergeist - Dead Zone, The"
4304,Fargo - Saving Private Ryan
4305,"Goonies, The - Golden Voyage of Sinbad, The - Good Morning, Vietnam"
4306,"Lost World: Jurassic Park, The - I Know What You Did Last Summer - U.S. Marshalls"
4307,When Harry Met Sally... - Kalifornia - Rumble in the Bronx
4308,"Perfect Storm, The - Mission: Impossible 2 - Gone in 60 Seconds"
4309,Arachnophobia - Arlington Road - Brokedown Palace
4310,Surviving the Game - Romancing the Stone - Gladiator
4311,"Goodbye Girl, The - Fast Times at Ridgemont High - Back to the Future"
4312,"Star Trek: The Motion Picture - Benji - Outsiders, The"
4313,"Deer Hunter, The - Casablanca - To Kill a Mockingbird"
4314,"F/X - Pest, The - Galaxy Quest"
4315,"Rocky Horror Picture Show, The - Beetlejuice - Goonies, The"
4316,"Matrix, The - What's Eating Gilbert Grape - Leaving Las Vegas"
4317,Willow - Beetlejuice - Willy Wonka and the Chocolate Factory
4318,My Best Friend's Wedding - Clueless - Ghost
4319,"Back to the Future Part III - Backdraft - Basketball Diaries, The"
4320,"Mission: Impossible - Operation Condor (Feiying gaiwak) - Adventures of Buckaroo Bonzai Across the 8th Dimension, The"
4321,"Ferris Bueller's Day Off - Say Anything... - Christmas Story, A"
4322,White Christmas - Pete's Dragon - Pink Floyd - The Wall
4323,Rushmore - SLC Punk! - Mallrats
4324,"Raise the Red Lantern - Vertigo - Treasure of the Sierra Madre, The"
4325,Fight Club - Go
4326,Leaving Las Vegas - Don Juan DeMarco - Home for the Holidays
4327,Who Framed Roger Rabbit? - Gulliver's Travels - Batman
4328,Terms of Endearment - Wag the Dog - Shampoo
4329,"Hand That Rocks the Cradle, The - Die Hard 2 - Predator 2"
4330,GoodFellas - Ponette - Like Water for Chocolate (Como agua para chocolate)
4331,"Honeymoon in Vegas - Chasing Amy - Whole Nine Yards, The"
4332,"Cradle Will Rock, The - Deuce Bigalow: Male Gigolo"
4333,"Lawnmower Man, The - Judge Dredd - Net, The"
4334,Star Trek III: The Search for Spock - Screamers - Alien Nation
4335,Cool Runnings - Notting Hill - Rob Roy
4336,"Devil's Advocate, The - Blair Witch Project, The - Mummy, The"
4337,"Nightmare on Elm Street 3: Dream Warriors, A - Body Snatchers - Nightmare on Elm Street 4: The Dream Master, A"
4338,Erin Brockovich - Scary Movie - Eye of the Beholder
4339,"Lethal Weapon 4 - Armageddon - Lost World: Jurassic Park, The"
4340,"Fantasia 2000 - Secret of Roan Inish, The"
4341,Galaxy Quest - Men in Black - Jurassic Park
4342,"View to a Kill, A - Money Pit, The - Flashdance"
4343,"Another Stakeout - Horse Whisperer, The - Waterworld"
4344,Romancing the Stone - Roger & Me - Rocky
4345,"Thin Man, The - Gone with the Wind - City Lights"
4346,Groundhog Day - Life Is Beautiful (La Vita è bella) - Toy Story
4347,"American President, The - Replacement Killers, The - Ransom"
4348,Three Kings - Empire Records
4349,"Iron Giant, The - Fargo - Wizard of Oz, The"
4350,"Switchblade Sisters - Sirens - South Park: Bigger, Longer and Uncut"
4351,"Mummy, The - Loaded Weapon 1 - Jewel of the Nile, The"
4352,Sister Act - Multiplicity - Holy Man
4353,"Sweet and Lowdown - Talented Mr. Ripley, The - Whole Nine Yards, The"
4354,"Crimson Pirate, The - Flight of the Navigator - It Came from Outer Space"
4355,"Honey, I Shrunk the Kids - Dune - Independence Day (ID4)"
4356,Dune - Star Wars: Episode I - The Phantom Menace - Barbarella
4357,Sleeping Beauty - Bedknobs and Broomsticks - Cinderella
4358,"Birds, The - Fly, The - Pet Sematary"
4359,Kids - William Shakespeare's Romeo and Juliet - Saving Private Ryan
4360,Hope Floats - Patch Adams - Popeye
4361,"Starman - Hercules - Rock, The"
4362,"Pillow Book, The - Waiting for Guffman - Chungking Express"
4363,Star Wars: Episode I - The Phantom Menace - Starship Troopers - Waterworld
4364,Friday the 13th - Needful Things - Gremlins 2: The New Batch
4365,Pumpkinhead - Steel Magnolias
4366,Moonraker - Independence Day (ID4) - F/X 2
4367,Stalag 17 - Dog Day Afternoon - Butch Cassidy and the Sundance Kid
4368,"Big Lebowski, The - Hunt for Red October, The - Crimson Tide"
4369,My Left Foot - 12 Angry Men - Stop Making Sense
4370,"Full Monty, The - Four Weddings and a Funeral - Tin Cup"
4371,Powder - Return to Oz - Romy and Michele's High School Reunion
4372,Battlefield Earth - Austin Powers: The Spy Who Shagged Me
4373,Casablanca - Citizen Kane - Laura
4374,Planet of the Apes - From Russia with Love - Gladiator
4375,Friday the 13th - Child's Play - Poltergeist
4376,"American Graffiti - Sting, The - Rocky"
4377,Anaconda - Kull the Conqueror - Godzilla
4378,Say Anything... - Beetlejuice - Lord of the Flies
4379,"Star Wars: Episode VI - Return of the Jedi - Full Metal Jacket - Hunt for Red October, The"
4380,"Entrapment - Erin Brockovich - Faculty, The"
4381,"Grease 2 - Hollow Man - Whole Nine Yards, The"
4382,"Robocop 2 - Beverly Hillbillies, The - Lawnmower Man, The"
4383,"World Is Not Enough, The - Hanging Up"
4384,"Craft, The - Robin Hood: Prince of Thieves - Blue Chips"
4385,"Virgin Suicides, The - Trixie - Flawless"
4386,"Thirteenth Floor, The - Timecop - Trainspotting"
4387,"Best Man, The (Il Testimone dello sposo) - Mansfield Park - Hamlet"
4388,Crimson Tide - Jacob's Ladder - Sneakers
4389,Back to the Future Part III - Lethal Weapon 3 - Midnight in the Garden of Good and Evil
4390,Varsity Blues - Larger Than Life - Multiplicity
4391,Armageddon - Assassins - As Good As It Gets
4392,Basic Instinct - Batman Forever
4393,"Godfather: Part II, The - GoodFellas"
4394,"Cruel Intentions - Clerks - Deep End of the Ocean, The"
4395,"Antz - Lion King, The - Shawshank Redemption, The"
4396,"Ghostbusters - Fish Called Wanda, A"
4397,"Talented Mr. Ripley, The - Who Framed Roger Rabbit? - X-Men"
4398,"Hoop Dreams - Silence of the Lambs, The"
4399,"Harriet the Spy - Babe - Muppet Movie, The"
4400,"Mirror Has Two Faces, The - Forever Young - Runaway Bride"
4401,"Westworld - Heaven & Earth - Untouchables, The"
4402,"House on Haunted Hill - Godfather, The - Pulp Fiction"
4403,"Iron Giant, The - L.A. Confidential - Silence of the Lambs, The"
4404,"Trigger Effect, The - Dangerous Minds - Arrival, The"
4405,"Close Shave, A - Star Wars: Episode V - The Empire Strikes Back - Graduate, The"
4406,"Marathon Man - Graduate, The - Remains of the Day, The"
4407,"Vegas Vacation - Deuce Bigalow: Male Gigolo - Waterboy, The"
4408,Married to the Mob - Batman - Victor/Victoria
4409,"Lock, Stock & Two Smoking Barrels - Pecker - Dazed and Confused"
4410,"Christmas Story, A - Dr. Strangelove or: How I Learned to Stop Worrying and Love the Bomb - Close Encounters of the Third Kind"
4411,"Mummy, The - Son of Frankenstein - Butterfly (La Lengua de las Mariposas)"
4412,"Austin Powers: The Spy Who Shagged Me - Astronaut's Wife, The - Arlington Road"
4413,Romy and Michele's High School Reunion - Pushing Tin
4414,"Back to the Future Part III - Sabrina - Frighteners, The"
4415,Spaceballs - Predator 2 - Stargate
4416,High Plains Drifter - Rocky - Austin Powers: International Man of Mystery
4417,"Set It Off - Single White Female - Thin Red Line, The"
4418,"Last Picture Show, The - French Connection, The - McCabe & Mrs. Miller"
4419,"Big Daddy - Blair Witch Project, The"
4420,"For the Love of Benji - Lord of the Rings, The - Key Largo"
4421,Groove - Shaft
4422,Friday the 13th Part V: A New Beginning - Friday the 13th Part VI: Jason Lives - Friday the 13th Part 3: 3D
4423,Apocalypse Now - Pulp Fiction - Misery
4424,"Good, The Bad and The Ugly, The - True Romance - Princess Bride, The"
4425,Toys - Darby O'Gill and the Little People - Birdy
4426,Heaven Can Wait - Trading Places - Dead Men Don't Wear Plaid
4427,Groundhog Day - Life Is Beautiful (La Vita è bella)
4428,Cruel Intentions - Dead Calm - Desperately Seeking Susan
4429,"Nights of Cabiria (Le Notti di Cabiria) - Baby-Sitters Club, The - Golden Voyage of Sinbad, The"
4430,"Great White Hype, The - Hocus Pocus - First Wives Club, The"
4431,"Dr. Strangelove or: How I Learned to Stop Worrying and Love the Bomb - Romeo and Juliet - Matrix, The"
4432,"Hudsucker Proxy, The - American President, The - Piano, The"
4433,"For a Few Dollars More - Fistful of Dollars, A - Hang 'em High"
4434,Twister - Deuce Bigalow: Male Gigolo - Life
4435,"Deep End of the Ocean, The - Drop Dead Gorgeous - Election"
4436,"Beavis and Butt-head Do America - Lord of the Rings, The - Blade Runner"
4437,Desperado - Conan the Barbarian - Deep Impact
4438,Friends & Lovers - Rain Man - Melvin and Howard
4439,Night of the Living Dead - Payback - Pushing Tin
4440,"Mummy, The - Faculty, The - Pet Sematary II"
4441,Patriot Games - Face/Off - Rumble in the Bronx
4442,"Jungle Book, The - Sword in the Stone, The - Mary Poppins"
4443,"Chinatown - Cape Fear - Big Sleep, The"
4444,Who Framed Roger Rabbit? - Star Wars: Episode V - The Empire Strikes Back - Star Wars: Episode IV - A New Hope
4445,"Benny & Joon - Chuck & Buck - Cell, The"
4446,"Go - Bound - Untouchables, The"
4447,"Bram Stoker's Dracula - Candyman - Texas Chainsaw Massacre, The"
4448,"Nutty Professor, The - Buddy Holly Story, The - Halloween"
4449,"Good Morning, Vietnam - G.I. Jane - Hot Shots! Part Deux"
4450,Deep Blue Sea - Species - Tarantula
4451,Pink Floyd - The Wall - Prefontaine - Apt Pupil
4452,"X-Files: Fight the Future, The - 10 Things I Hate About You - Jurassic Park"
4453,"Galaxy Quest - Faculty, The - X-Files: Fight the Future, The"
4454,"Lawnmower Man, The - Sphere - Species"
4455,Who Framed Roger Rabbit? - X-Men - eXistenZ
4456,Stop Making Sense - Unzipped - Madonna: Truth or Dare
4457,"Hoop Dreams - Decline of Western Civilization, The - Roger & Me"
4458,Fright Night - Lady and the Tramp - Willy Wonka and the Chocolate Factory
4459,Kicking and Screaming - Citizen Ruth - Dave
4460,"Mummy, The - Outbreak - Event Horizon"
4461,"Lion King, The - Mulan - Hunchback of Notre Dame, The"
4462,"Army of Darkness - Princess Bride, The - Fight Club"
4463,Pulp Fiction - Malcolm X
4464,Bringing Up Baby - M*A*S*H
4465,"All About My Mother (Todo Sobre Mi Madre) - After Life - Girl on the Bridge, The (La Fille sur le Pont)"
4466,Manhattan - One Flew Over the Cuckoo's Nest - Marathon Man
4467,"Heaven Can Wait - Runaway Bride - Apartment, The"
4468,Lone Star - 2001: A Space Odyssey - Laura
4469,"Cyrano de Bergerac - Casablanca - Lovers on the Bridge, The (Les Amants du Pont-Neuf)"
4470,"Rugrats Movie, The - Meatballs Part II - Police Academy 3: Back in Training"
4471,Donnie Brasco - There's Something About Mary - Dazed and Confused
4472,"Red Corner - Replacement Killers, The - Angel Heart"
4473,"Goldfinger - Birds, The - 2001: A Space Odyssey"
4474,"Lethal Weapon 2 - Godfather: Part III, The - Midnight in the Garden of Good and Evil"
4475,Sphere - Spawn - Lost in Space
4476,Robocop - Escape from New York - Planet of the Apes
4477,Starship Troopers - Logan's Run - Forever Young
4478,"Police Academy 2: Their First Assignment - Police Academy 4: Citizens on Patrol - Commitments, The"
4479,"Wizard of Oz, The - Old Man and the Sea, The - Lawrence of Arabia"
4480,Jacob's Ladder - Bram Stoker's Dracula - Tales from the Crypt Presents: Bordello of Blood
4481,"Interview with the Vampire - Faculty, The - Species"
4482,Scent of a Woman - Everyone Says I Love You - Wyatt Earp
4483,You've Got Mail - Tin Cup - Honeymoon in Vegas
4484,Patriot Games - Jurassic Park - Far and Away
4485,Interview with the Vampire - In the Mouth of Madness - Eraser
4486,"Carriers Are Waiting, The (Les Convoyeurs Attendent) - Loss of Sexual Innocence, The - I Still Know What You Did Last Summer"
4487,Bad Boys - Independence Day (ID4) - Armageddon
4488,Cujo - I Still Know What You Did Last Summer - Burnt Offerings
4489,"12 Angry Men - Red Violin, The (Le Violon rouge) - Amadeus"
4490,Full Metal Jacket - M*A*S*H - Apocalypse Now
4491,Blue Chips - Female Perversions - Maverick
4492,Dead Calm - Schindler's List
4493,Loser - Up at the Villa - Small Time Crooks
4494,Sunset Blvd. (a.k.a. Sunset Boulevard) - All About Eve - East of Eden
4495,"Dirty Dancing - Crow, The - Crow: City of Angels, The"
4496,"Assignment, The - Rear Window - Some Folks Call It a Sling Blade"
4497,"Go - Gods and Monsters - Haunting, The"
4498,McHale's Navy - Mars Attacks! - Croupier
4499,For Love of the Game - On the Waterfront - Grosse Pointe Blank
4500,"Mission: Impossible 2 - Patriot, The - Perfect Storm, The"
4501,"Indiana Jones and the Last Crusade - Die Hard - Fugitive, The"
4502,"Ghostbusters - Rocky Horror Picture Show, The - Rear Window"
4503,"King in New York, A - Twister - Penny Serenade"
4504,Titanic - Sleepy Hollow
4505,"Deer Hunter, The - Little Big Man - Network"
4506,"20,000 Leagues Under the Sea - Davy Crockett, King of the Wild Frontier - Giant"
4507,"Quiet Man, The - Desperado - Edward Scissorhands"
4508,"American Pimp - Where the Heart Is - Prophecy, The"
4509,"Sneakers - Full Monty, The - As Good As It Gets"
4510,"Nightmare on Elm Street 3: Dream Warriors, A - Creepshow 2 - Child's Play"
4511,"From Russia with Love - King Kong vs. Godzilla (Kingukongu tai Gojira) - Fistful of Dollars, A"
4512,"Three Kings - Last of the Mohicans, The - Platoon"
4513,Pulp Fiction - Toy Story - Phenomenon
4514,"Nightmare on Elm Street 4: The Dream Master, A - Friday the 13th Part VI: Jason Lives - Scream 2"
4515,"Princess Bride, The - Butch Cassidy and the Sundance Kid"
4516,"Truman Show, The - Butcher Boy, The - Quiz Show"
4517,"Carrie - Charlotte's Web - Jerk, The"
4518,Lady and the Tramp - Snow White and the Seven Dwarfs - Bambi
4519,Fargo - Double Indemnity - Some Like It Hot
4520,Phantasm II - Halloween II - Halloween: H20
4521,Five Easy Pieces - 12 Angry Men - Vertigo
4522,Snow Falling on Cedars - Bamboozled - Keeping the Faith
4523,"U.S. Marshalls - Peacemaker, The - Operation Condor (Feiying gaiwak)"
4524,Trading Places - Platoon - Better Off Dead...
4525,Aliens - M*A*S*H
4526,"Zed & Two Noughts, A - Right Stuff, The - Killing Fields, The"
4527,"Patriot, The - Sunshine"
4528,"Shakespeare in Love - Snow Falling on Cedars - Talented Mr. Ripley, The"
4529,"Blob, The - Christine - Pet Sematary"
4530,"American Beauty - Insider, The - Safe"
4531,Peter Pan - Pinocchio - Some Like It Hot
4532,"Thomas Crown Affair, The - Breakdown - Dante's Peak"
4533,"Thomas Crown Affair, The - Sleepers - Seven (Se7en)"
4534,"Mummy, The - Scream - Crow, The"
4535,Rush Hour - Thelma & Louise - Mad Max
4536,"Aliens - Professional, The (a.k.a. Leon: The Professional) - Toy Story"
4537,Lady and the Tramp - Speed
4538,It's a Wonderful Life - Thelma & Louise - Bambi
4539,"Brazil - It Happened One Night - Paris, Texas"
4540,Romancing the Stone - Vacation - Hairspray
4541,"Mighty Ducks, The - Running Man, The - Space Cowboys"
4542,Monty Python and the Holy Grail - Autumn Sonata (Höstsonaten ) - Manhattan
4543,Amos & Andrew - Vegas Vacation - Billy Madison
4544,"Bread and Chocolate (Pane e cioccolata) - Streetcar Named Desire, A - Sense and Sensibility"
4545,"Matrix, The - Saving Private Ryan - Titanic"
4546,"No Way Out - Matrix, The - Hoosiers"
4547,X-Men - Chicken Run
4548,"Clerks - Civil Action, A"
4549,"Haunting, The - Bride of Chucky"
4550,Stigmata - Stuart Little - Stir of Echoes
4551,American Graffiti - Five Easy Pieces - Alien
4552,Air Force One - Thelma & Louise - Saving Private Ryan
4553,"Toy Story - Fish Called Wanda, A - Gold Rush, The"
4554,"Matrix, The - E.T. the Extra-Terrestrial"
4555,Scary Movie - Dinosaur - Mission: Impossible 2
4556,It Happened One Night - King Kong - Mutiny on the Bounty
4557,Caught - Crash - Ace Ventura: Pet Detective
4558,"Godfather, The - Wizard of Oz, The"
4559,"Muppet Movie, The - Delicatessen - Harold and Maude"
4560,"Lion King, The - Trading Places - Professional, The (a.k.a. Leon: The Professional)"
4561,"What Dreams May Come - Paper, The - Englishman Who Went Up a Hill, But Came Down a Mountain, The"
4562,Best in Show - Stop! Or My Mom Will Shoot - Steel Magnolias
4563,"Shawshank Redemption, The - Fargo - Dead Man Walking"
4564,Reservoir Dogs - This Is Spinal Tap - Annie Hall
4565,"Gods Must Be Crazy, The - High Fidelity - Broken Arrow"
4566,"Excalibur - Ladyhawke - Goonies, The"
4567,"Man on the Moon - What About Bob? - Talented Mr. Ripley, The"
4568,Star Wars: Episode V - The Empire Strikes Back - Backdraft - Back to the Future Part II
4569,Twister - Eraser - Double Jeopardy
4570,"Spaceballs - Being John Malkovich - Green Mile, The"
4571,"Die Hard 2 - Time to Kill, A - Air Force One"
4572,Liar Liar - She's All That - Angus
4573,"First Blood - Fish Called Wanda, A - Five Easy Pieces"
4574,Mighty Aphrodite - Dances with Wolves - Eyes Wide Shut
4575,My Chauffeur - Roman Holiday - Better Than Chocolate
4576,Alive - Amadeus
4577,"Little Mermaid, The - Somewhere in Time - Breathless"
4578,Liar Liar - Rumble in the Bronx - Never Been Kissed
4579,"Story of Us, The - Haunting, The - Batman & Robin"
4580,Women on the Verge of a Nervous Breakdown - Ghostbusters - Prizzi's Honor
4581,"Clue - Jewel of the Nile, The - Police Academy"
4582,Boys on the Side - Creature Comforts - Citizen Kane
4583,Butch Cassidy and the Sundance Kid - Back to the Future - Groundhog Day
4584,Nashville - Shadow of a Doubt - 8 1/2
4585,"Star Trek: The Motion Picture - Black Hole, The - Omega Man, The"
4586,Monty Python and the Holy Grail - Blazing Saddles - Airplane!
4587,Rules of Engagement - Any Given Sunday - Saving Private Ryan
4588,Sleepless in Seattle - Schindler's List - Fargo
4589,Wag the Dog - Back to the Future - Clueless
4590,Top Gun - Pretty in Pink - Some Kind of Wonderful
4591,"Wrong Trousers, The - Crime and Punishment in Suburbia - Scary Movie"
4592,Home Alone - Fear and Loathing in Las Vegas - Fletch Lives
4593,"This Is Spinal Tap - Big Kahuna, The - Space Cowboys"
4594,Romancing the Stone - Clear and Present Danger - My Fair Lady
4595,Manhattan - JFK - Drugstore Cowboy
4596,"Golden Child, The - Money Pit, The - April Fool's Day"
4597,"Runaway Bride - Sixth Sense, The"
4598,There's Something About Mary - Holiday Inn - Malcolm X
4599,When Harry Met Sally... - Duck Soup - Blazing Saddles
4600,"Best Man, The - Shawshank Redemption, The - Half Baked"
4601,"Rain Man - Glory - Shawshank Redemption, The"
4602,"Four Weddings and a Funeral - Remains of the Day, The - Truth About Cats & Dogs, The"
4603,"Old Man and the Sea, The - Batman - Starship Troopers"
4604,"Gladiator - Yards, The - Rocky"
4605,Death and the Maiden - Crimson Tide - Immortal Beloved
4606,Beavis and Butt-head Do America - Never Been Kissed - Austin Powers: The Spy Who Shagged Me
4607,"Broadcast News - Monty Python's Life of Brian - Princess Bride, The"
4608,"Crying Game, The - Schindler's List - English Patient, The"
4609,"Gladiator - Perfect Storm, The - Pitch Black"
4610,Ghostbusters - Ferris Bueller's Day Off - Mystery Science Theater 3000: The Movie
4611,"Drop Dead Gorgeous - Ideal Husband, An - Kingpin"
4612,Little Women - Emma - Reality Bites
4613,"Teaching Mrs. Tingle - Poison Ivy - Juror, The"
4614,L.A. Confidential - Klute
4615,"Thelma & Louise - Trees Lounge - Limey, The"
4616,"Godfather: Part II, The - Godfather: Part III, The - Women on the Verge of a Nervous Breakdown"
4617,Wild Things - Basic Instinct - Murder at 1600
4618,Independence Day (ID4) - Westworld - Screamers
4619,Sabrina - Something to Talk About - Jack and Sarah
4620,Erin Brockovich - Go - Ghostbusters
4621,Highlander III: The Sorcerer - Robocop 2 - Robocop 3
4622,"Austin Powers: The Spy Who Shagged Me - Spy Who Loved Me, The"
4623,"Return to Me - Shakespeare in Love - Sixth Sense, The"
4624,"Meet the Parents - Sixth Sense, The - 13th Warrior, The"
4625,"Congo - Good, The Bad and The Ugly, The - Outlaw Josey Wales, The"
4626,"Rain Man - Natural, The - Stand and Deliver"
4627,Murphy's Romance - Christmas Vacation - Arthur
4628,Frances - Pork Chop Hill
4629,Romy and Michele's High School Reunion - Return to Oz - She's All That
4630,"Shawshank Redemption, The - Saving Private Ryan - Pulp Fiction"
4631,Nashville - Vertigo - 2001: A Space Odyssey
4632,"Blues Brothers, The - No Way Out - Color Purple, The"
4633,"Jungle Book, The - Santa Clause, The - Air Bud"
4634,Star Wars: Episode IV - A New Hope - Saving Private Ryan - Mad Max 2 (a.k.a. The Road Warrior)
4635,"Superman II - Blue Lagoon, The - Allan Quartermain and the Lost City of Gold"
4636,Independence Day (ID4) - Spaceballs
4637,Beavis and Butt-head Do America - Grumpier Old Men - Wild America
4638,Jerry Maguire - Ghost - Terminator 2: Judgment Day
4639,Ruthless People - Fatal Attraction - Men in Black
4640,"Mummy, The - Scary Movie - Raising Arizona"
4641,Waking Ned Devine - Clerks - Pleasantville
4642,"Planet of the Apes - Green Mile, The - Jaws"
4643,"Minus Man, The - Men in Black - Half Baked"
4644,"Austin Powers: The Spy Who Shagged Me - Bell, Book and Candle - Blair Witch Project, The"
4645,Emma - South Pacific - Sleepless in Seattle
4646,"Schindler's List - Secrets & Lies - Silence of the Lambs, The"
4647,Permanent Midnight - Walking and Talking - Trees Lounge
4648,"Sixth Sense, The - South Park: Bigger, Longer and Uncut - Sleepy Hollow"
4649,"Deer Hunter, The - Mrs. Miniver - Gone with the Wind"
4650,"Right Stuff, The - Truman Show, The - Raising Arizona"
4651,Madonna: Truth or Dare - Get Bruce - Kurt & Courtney
4652,"Boys Don't Cry - Felicia's Journey - Girl, Interrupted"
4653,"Civil Action, A - Singles - Rounders"
4654,"Bug's Life, A - Paulie - Crying Game, The"
4655,Star Trek III: The Search for Spock - Star Wars: Episode I - The Phantom Menace - Spaceballs
4656,"Private Parts - Saint, The - Dick Tracy"
4657,Where Eagles Dare - Lifeboat - Kelly's Heroes
4658,"Bodyguard, The - Hackers - Rocky II"
4659,"Farewell to Arms, A - Little Mermaid, The - Doctor Zhivago"
4660,Lethal Weapon 2 - Working Girl - On Golden Pond
4661,"Moonraker - Thomas Crown Affair, The - Patriot Games"
4662,"Client, The - Cutting Edge, The - Cruel Intentions"
4663,Othello - Grand Canyon - Tie Me Up! Tie Me Down!
4664,Love and Death - Interiors - Everything You Always Wanted to Know About Sex
4665,Who Framed Roger Rabbit? - Total Recall
4666,Death Wish - Star Trek: The Motion Picture - Jaws 2
4667,Reservoir Dogs - GoodFellas - Apocalypse Now
4668,Star Trek IV: The Voyage Home - Star Wars: Episode VI - Return of the Jedi - Total Recall
4669,Chicken Run - Fantasia 2000 - Aladdin and the King of Thieves
4670,"Wrong Trousers, The - Who Framed Roger Rabbit? - Creature Comforts"
4671,In the Line of Fire - Die Hard 2 - Die Hard: With a Vengeance
4672,"Mosquito Coast, The - Priest"
4673,My Cousin Vinny - Jerry Maguire - Little Voice
4674,"Battle for the Planet of the Apes - Beneath the Planet of the Apes - Aristocats, The"
4675,"Little Shop of Horrors, The - Clerks - Eat Drink Man Woman"
4676,That Thing You Do! - Election - Being John Malkovich
4677,"What About Bob? - Green Mile, The"
4678,"Mission to Mars - Poseidon Adventure, The - Pacific Heights"
4679,"Insider, The - Topsy-Turvy - My Dog Skip"
4680,"Prizzi's Honor - Dead Calm - Verdict, The"
4681,"Rocky Horror Picture Show, The - Twelve Chairs, The - Chicken Run"
4682,"East is East - Stiff Upper Lips - Day the Earth Stood Still, The"
4683,Free Willy - Space Jam - Herbie Goes to Monte Carlo
4684,Living in Oblivion - Butch Cassidy and the Sundance Kid - Jules and Jim (Jules et Jim)
4685,"Poltergeist - Pi - Hunt for Red October, The"
4686,"Deer Hunter, The - Gone with the Wind - Braveheart"
4687,"Young Frankenstein - Exorcist, The - Jaws"
4688,North Dallas Forty - Pete's Dragon - Freaky Friday
4689,Steel Magnolias - Boys Don't Cry - Boys and Girls
4690,Coneheads - Back to the Future Part III - Timecop
4691,Cool Runnings - Mission: Impossible - Flatliners
4692,"Celluloid Closet, The - Everest - Wonderland"
4693,Full Metal Jacket - Three Kings - Braveheart
4694,"Klute - Conversation, The - 2001: A Space Odyssey"
4695,"Billy's Hollywood Screen Kiss - Big Lebowski, The - American Pie"
4696,"Talented Mr. Ripley, The - Entrapment - Major League: Back to the Minors"
4697,Back to the Future Part II - Back to the Future Part III - Sister Act 2: Back in the Habit
4698,"Girl, Interrupted - Snow Falling on Cedars - Star Wars: Episode I - The Phantom Menace"
4699,"Edge, The - Fly Away Home - Jungle Book, The"
4700,"X-Men - Hamlet - Three Caballeros, The"
4701,Shakespeare in Love - Defending Your Life - Jerry Maguire
4702,Apollo 13 - Apocalypse Now - Sling Blade
4703,"Kingpin - Poseidon Adventure, The"
4704,"Trouble with Harry, The - Fugitive, The - Jaws"
4705,"Money Pit, The - Double Jeopardy - American Tail, An"
4706,"Grapes of Wrath, The - Back to the Future - Dr. Strangelove or: How I Learned to Stop Worrying and Love the Bomb"
4707,8 1/2 - Blade Runner - Witness
4708,Batman Returns - Teenage Mutant Ninja Turtles - Executive Decision
4709,"Who Framed Roger Rabbit? - Driving Miss Daisy - Breakfast Club, The"
4710,"Sleeper - Dr. No - Birds, The"
4711,"Princess Bride, The - Star Wars: Episode V - The Empire Strikes Back - Star Wars: Episode IV - A New Hope"
4712,Henry V - Howards End - Sleeper
4713,"Tomorrow Never Dies - My Best Friend's Wedding - Saint, The"
4714,"General, The - Duck Soup - Ninotchka"
4715,Attack of the Killer Tomatoes! - House - Three Amigos!
4716,"Kika - Breakfast Club, The - Edward Scissorhands"
4717,"To Be or Not to Be - Serpico - Godfather: Part II, The"
4718,Chicken Run - Matilda - Willy Wonka and the Chocolate Factory
4719,Waterworld - Forever Young - Star Trek VI: The Undiscovered Country
4720,Runaway Bride - Romy and Michele's High School Reunion - Shakespeare in Love
4721,"Stir of Echoes - Summer of Sam - South Park: Bigger, Longer and Uncut"
4722,Ladyhawke - Splash - Tron
4723,"Big Lebowski, The - King of Marvin Gardens, The - Adventures of Priscilla, Queen of the Desert, The"
4724,"My Life So Far - Secret of Roan Inish, The - Ulee's Gold"
4725,"Dead Zone, The - Jacob's Ladder - Deliverance"
4726,"Paper, The - Copycat - Nell"
4727,Almost Famous - Meet the Parents - Best in Show
4728,"Beyond Rangoon - Kiss the Girls - Edge, The"
4729,Pretty in Pink - Peggy Sue Got Married - Arthur
4730,"Prince of the City - Pawnbroker, The - Sugarland Express, The"
4731,"Princess Bride, The - Risky Business - Fish Called Wanda, A"
4732,"Bone Collector, The - Disclosure - Angel Heart"
4733,"Beetlejuice - Mask, The - Dark Crystal, The"
4734,"Right Stuff, The - Spartacus - My Favorite Year"
4735,"That Darn Cat! - Cop Land - Big Lebowski, The"
4736,Tommy Boy - Independence Day (ID4) - Mother Night
4737,"Gods Must Be Crazy, The - Beetlejuice - Risky Business"
4738,"Crying Game, The - Good Morning, Vietnam - Longest Day, The"
4739,Die Hard 2 - Patriot Games - Office Space
4740,Candyman - Murphy's Romance - Starman
4741,Toy Story 2 - GoodFellas
4742,Air Force One - Murder in the First - Con Air
4743,"Singin' in the Rain - Killing Fields, The - Hamlet"
4744,King Kong - Reds - Multiplicity
4745,Defending Your Life - Dead Poets Society - It's a Wonderful Life
4746,Prizzi's Honor - Splash - Cocoon
4747,"Fargo - GoodFellas - Professional, The (a.k.a. Leon: The Professional)"
4748,"Time to Kill, A - Sneakers - Piano, The"
4749,Man on the Moon - Bringing Out the Dead
4750,"Grease 2 - Seven (Se7en) - Usual Suspects, The"
4751,"Flawless - Cradle Will Rock, The - High Fidelity"
4752,Charade - Say Anything...
4753,Chariots of Fire - Erin Brockovich - My Dog Skip
4754,Halloween II - Mommie Dearest - Superman III
4755,"Mosquito Coast, The - Out of Africa"
4756,Mumford - Music of the Heart - Anna and the King
4757,"Shining, The - Holy Smoke - Bring It On"
4758,Dead Man Walking - Contact
4759,Life Is Beautiful (La Vita è bella) - Strictly Ballroom - She's Gotta Have It
4760,"Dog Day Afternoon - Living in Oblivion - Associate, The"
4761,October Sky - Citizen Kane - To Kill a Mockingbird
4762,"Pulp Fiction - Henry V - River Runs Through It, A"
4763,Small Time Crooks - Trixie - Angela's Ashes
4764,"Gods Must Be Crazy, The - Beetlejuice - Space Cowboys"
4765,"Braveheart - Bananas - Deer Hunter, The"
4766,"World Is Not Enough, The - Bicentennial Man - Bringing Out the Dead"
4767,Lady and the Tramp - Alice in Wonderland - Darby O'Gill and the Little People
4768,"Basic Instinct - Birdcage, The - Eraser"
4769,Aladdin - Aliens - Alien
4770,North by Northwest - This Is Spinal Tap - Pulp Fiction
4771,"Corrina, Corrina - Lolita - Xiu Xiu: The Sent-Down Girl (Tian yu)"
4772,"Fugitive, The - Witness - All About Eve"
4773,"Blast from the Past - Waterworld - Relic, The"
4774,"Boiler Room - Girl, Interrupted - Any Given Sunday"
4775,Eye of the Beholder - End of Days
4776,As Good As It Gets - True Lies
4777,Superman - Men in Black - Clear and Present Danger
4778,Vacation - European Vacation - Patch Adams
4779,"Gaslight - Garden of Finzi-Contini, The (Giardino dei Finzi-Contini, Il) - Inherit the Wind"
4780,"Big Sleep, The - Key Largo - Notorious"
4781,"Cider House Rules, The - Forrest Gump - Shakespeare in Love"
4782,"Night of the Living Dead - War of the Worlds, The - Cocoon"
4783,Arachnophobia - Tomorrow Never Dies - Rush Hour
4784,"Boys Don't Cry - Brady Bunch Movie, The - Boys on the Side"
4785,Anywhere But Here - Instinct - Meet the Parents
4786,"Angels in the Outfield - Arrival, The - Lost World: Jurassic Park, The"
4787,Bringing Out the Dead - Croupier - Chicken Run
4788,"Toxic Avenger, The - Herbie Goes to Monte Carlo - George of the Jungle"
4789,Don Juan DeMarco - Meet Joe Black - Honeymoon in Vegas
4790,True Lies - Ace Ventura: Pet Detective - Mrs. Doubtfire
4791,"Terminator 2: Judgment Day - War Zone, The - Titus"
4792,"American in Paris, An - And Now for Something Completely Different"
4793,"Up Close and Personal - Mummy, The - Dangerous Minds"
4794,"In the Line of Fire - Star Wars: Episode VI - Return of the Jedi - Untouchables, The"
4795,Taxi Driver - Three Days of the Condor - Twin Peaks: Fire Walk with Me
4796,"Maltese Falcon, The - Mystery Men - Poseidon Adventure, The"
4797,"George of the Jungle - Only You - Associate, The"
4798,"Pee-wee's Big Adventure - Dreamscape - World Is Not Enough, The"
4799,"As Good As It Gets - Rushmore - Breakfast Club, The"
4800,"Dark Crystal, The - Crocodile Dundee - Gremlins"
4801,Star Wars: Episode VI - Return of the Jedi - Star Wars: Episode V - The Empire Strikes Back - Dr. Strangelove or: How I Learned to Stop Worrying and Love the Bomb
4802,Meteor - Cocoon: The Return - Swamp Thing
4803,She's All That - Shakespeare in Love - Runaway Bride
4804,Prince of the City - Sarafina! - Soapdish
4805,Star Trek V: The Final Frontier - Star Trek: Insurrection - Star Trek: First Contact
4806,Alien: Resurrection - Predator 2 - Barbarella
4807,March of the Wooden Soldiers (a.k.a. Laurel & Hardy in Toyland) - M - Elizabeth
4808,Holy Man - Celtic Pride - Sister Act 2: Back in the Habit
4809,"Searching for Bobby Fischer - Fried Green Tomatoes - Full Monty, The"
4810,Outbreak - Beneath the Planet of the Apes - Blown Away
4811,Strangers on a Train - 42 Up - Rear Window
4812,Amateur - Suicide Kings - Batman
4813,"Great Expectations - English Patient, The - Chasing Amy"
4814,"Clerks - Wrong Trousers, The - Being John Malkovich"
4815,"Of Human Bondage - Buena Vista Social Club - Elephant Man, The"
4816,"Love and Basketball - Saving Grace - Perfect Storm, The"
4817,"Star Wars: Episode I - The Phantom Menace - Nutty Professor, The - Honey, I Shrunk the Kids"
4818,"Toy Story - Close Shave, A - Toy Story 2"
4819,"Fox and the Hound, The - Dark Crystal, The - Prancer"
4820,"Adventures of Rocky and Bullwinkle, The - Age of Innocence, The - African Queen, The"
4821,"Karate Kid, Part II, The - Howard the Duck - Karate Kid III, The"
4822,"Ghostbusters - This Is Spinal Tap - Breakfast Club, The"
4823,"Perfect Blue - French Connection, The - Mission, The"
4824,Annie Hall - Network - Patton
4825,Dragonheart - Star Wars: Episode I - The Phantom Menace - Starship Troopers
4826,Gladiator - Pulp Fiction - L.A. Confidential
4827,"Fantasia - Steamboat Willie - Fantastic Planet, The (La Planète sauvage)"
4828,French Kiss - How to Make an American Quilt - Up Close and Personal
4829,Gattaca - Delicatessen - Stargate
4830,Doctor Dolittle - Popeye - Schindler's List
4831,Moonstruck - Cinema Paradiso - Kramer Vs. Kramer
4832,"St. Elmo's Fire - 'burbs, The - Young Guns"
4833,"Muppets From Space - Mosquito Coast, The - Poseidon Adventure, The"
4834,"Right Stuff, The - Sophie's Choice - Ran"
4835,L.A. Confidential - JFK - Jacob's Ladder
4836,"Anywhere But Here - American Pie - Astronaut's Wife, The"
4837,Jumpin' Jack Flash - Milk Money - Dear God
4838,What's Love Got to Do with It? - Wag the Dog - Of Mice and Men
4839,Anna and the King - Bicentennial Man
4840,Little Women - Misery - What's Eating Gilbert Grape
4841,"Five Senses, The - Mumford - Perfect Storm, The"
4842,Wonder Boys - Almost Famous - High Fidelity
4843,"E.T. the Extra-Terrestrial - Miller's Crossing - Red Violin, The (Le Violon rouge)"
4844,Sling Blade - Mr. Holland's Opus - Elizabeth
4845,Star Wars: Episode VI - Return of the Jedi - Before Sunrise - Ghost
4846,Back to School - Desperately Seeking Susan - Deuce Bigalow: Male Gigolo
4847,Man Bites Dog (C'est arrivé près de chez vous) - Rear Window - Vertigo
4848,"Star Wars: Episode V - The Empire Strikes Back - Terminator, The - Star Trek IV: The Voyage Home"
4849,Young Guns - Little Shop of Horrors - Scrooged
4850,"Evil Dead II (Dead By Dawn) - Beetlejuice - Little Mermaid, The"
4851,Frequency - Instinct
4852,"Bonnie and Clyde - Full Metal Jacket - Man for All Seasons, A"
4853,Star Trek IV: The Voyage Home - Back to the Future - Star Trek: The Wrath of Khan
4854,Back to the Future - Starman - Night of the Living Dead
4855,I.Q. - So I Married an Axe Murderer - Superstar
4856,"Blade Runner - Killing, The - Wrong Trousers, The"
4857,"Clear and Present Danger - Negotiator, The - Speed"
4858,"Erin Brockovich - Magnolia - Cider House Rules, The"
4859,"My Fair Lady - Sense and Sensibility - Wizard of Oz, The"
4860,"Birds, The - Chasing Amy - F/X"
4861,Women on the Verge of a Nervous Breakdown - Burnt By the Sun (Utomlyonnye solntsem) - Buena Vista Social Club
4862,"Brazil - Thing From Another World, The - Back to the Future"
4863,Sabrina - Mr. Mom - Cool Runnings
4864,"American Pie - Shakespeare in Love - Princess Bride, The"
4865,Women on the Verge of a Nervous Breakdown - Monty Python and the Holy Grail - My Man Godfrey
4866,Mickey Blue Eyes - Home Alone - Austin Powers: The Spy Who Shagged Me
4867,"Birds, The - Species II - Titan A.E."
4868,"High Fidelity - Cell, The - Final Destination"
4869,F/X - Communion - Everything You Always Wanted to Know About Sex
4870,Close Encounters of the Third Kind - Cocoon - Clueless
4871,End of Days - Road Trip
4872,"White Men Can't Jump - Man Who Knew Too Little, The - Mighty Ducks, The"
4873,"Sunset Blvd. (a.k.a. Sunset Boulevard) - Maltese Falcon, The - Lawrence of Arabia"
4874,"Sting, The - Bound - Some Like It Hot"
4875,Cold Comfort Farm - Four Days in September - Thirty-Two Short Films About Glenn Gould
4876,"Close Shave, A - Four Weddings and a Funeral - Toy Story"
4877,"Rescuers Down Under, The - Little Mermaid, The - Lion King, The"
4878,Barefoot in the Park - Crocodile Dundee - Pee-wee's Big Adventure
4879,"Deer Hunter, The - Midnight Cowboy - Who's Afraid of Virginia Woolf?"
4880,"East-West (Est-ouest) - Talented Mr. Ripley, The"
4881,Run Lola Run (Lola rennt) - Runaway Bride
4882,"Karate Kid, The - Fabulous Baker Boys, The - Duck Soup"
4883,Harriet the Spy - Winnie the Pooh and the Blustery Day - Tarzan
4884,"Tron - 20,000 Leagues Under the Sea - Willy Wonka and the Chocolate Factory"
4885,Jurassic Park - Indiana Jones and the Last Crusade - Around the World in 80 Days
4886,Starship Troopers - Star Trek III: The Search for Spock - Face/Off
4887,"Dead Ringers - Bamba, La - Dune"
4888,"Thing, The - Fly, The - City Lights"
4889,Red Sonja - Rambo III - Red Dawn
4890,"Blair Witch Project, The - Cool Hand Luke - Dr. Strangelove or: How I Learned to Stop Worrying and Love the Bomb"
4891,"Annie Hall - Christmas Story, A - Harold and Maude"
4892,"Escape from L.A. - Lost World: Jurassic Park, The - Timecop"
4893,Small Soldiers - Willow - Hook
4894,Indiana Jones and the Last Crusade - Braveheart - Star Wars: Episode VI - Return of the Jedi
4895,Guess Who's Coming to Dinner - To Sir with Love - Willy Wonka and the Chocolate Factory
4896,"Flintstones in Viva Rock Vegas, The - Waking the Dead - Me, Myself and Irene"
4897,"Peter Pan - Sleeping Beauty - Jungle Book, The"
4898,Star Wars: Episode IV - A New Hope - Nashville - Five Easy Pieces
4899,Willow - Quest for Fire - Lethal Weapon 2
4900,"Stuart Little - Messenger: The Story of Joan of Arc, The"
4901,"Omen, The - Force 10 from Navarone - Spartacus"
4902,Robocop - Top Gun - Indiana Jones and the Temple of Doom
4903,"Midnight Cowboy - Green Mile, The - Cider House Rules, The"
4904,Croupier - Glengarry Glen Ross - Army of Darkness
4905,"Cinema Paradiso - Platoon - Natural, The"
4906,Hook - Psycho - Nikita (La Femme Nikita)
4907,"Ordinary People - Edward Scissorhands - Big Chill, The"
4908,"Wallace & Gromit: The Best of Aardman Animation - Close Shave, A - Wrong Trousers, The"
4909,"Elephant Man, The - Dead Poets Society - Trading Places"
4910,Rush Hour - Shaft - Jurassic Park
4911,"Mighty Aphrodite - Antz - Cider House Rules, The"
4912,"Tumbleweeds - Girl, Interrupted"
4913,"Full Monty, The - Sex, Lies, and Videotape - Dead Man Walking"
4914,Grosse Pointe Blank - Bringing Out the Dead - Grease
4915,Midnight Run - Starman - Star Trek IV: The Voyage Home
4916,"Henry Fool - Home Alone - First Wives Club, The"
4917,"Conversation, The - French Connection, The - Five Easy Pieces"
4918,William Shakespeare's Romeo and Juliet - History of the World: Part I - Dead Poets Society
4919,"Die Hard - Star Wars: Episode V - The Empire Strikes Back - Breakfast Club, The"
4920,"Cabaret - Prick Up Your Ears - Philadelphia Story, The"
4921,"Firm, The - Supercop - Zero Effect"
4922,"William Shakespeare's Romeo and Juliet - Speed - People vs. Larry Flynt, The"
4923,"Shakespeare in Love - Silence of the Lambs, The - Groundhog Day"
4924,"Gandhi - Animal House - Room with a View, A"
4925,"This Is Spinal Tap - Arsenic and Old Lace - Opposite of Sex, The"
4926,Lightning Jack - Sleepless in Seattle
4927,"Good Will Hunting - Professional, The (a.k.a. Leon: The Professional) - Edward Scissorhands"
4928,Dying Young - Speechless - Jack and Sarah
4929,"East of Eden - African Queen, The - Thing From Another World, The"
4930,White Christmas - Pete's Dragon - Newsies
4931,Out of Africa - Night of the Living Dead - Payback
4932,"Sex, Lies, and Videotape - Rain Man - Mission, The"
4933,"Umbrellas of Cherbourg, The (Parapluies de Cherbourg, Les) - Rocky Horror Picture Show, The - Blues Brothers, The"
4934,"Bamboozled - Sound of Music, The - Real Genius"
4935,"English Patient, The - Postino, Il (The Postman)"
4936,"Man for All Seasons, A - Message in a Bottle - Poseidon Adventure, The"
4937,"Anna and the King - Angela's Ashes - Beach, The"
4938,Pushing Tin - She's All That - Runaway Bride
4939,Predator - Batman - Sixteen Candles
4940,Cool Hand Luke - Glengarry Glen Ross - Voyage to the Bottom of the Sea
4941,"Shawshank Redemption, The - Crumb - GoodFellas"
4942,"Untouchables, The - Body Heat - Mighty Joe Young"
4943,Jean de Florette - Star Wars: Episode V - The Empire Strikes Back
4944,Twelve Monkeys - Time Bandits
4945,Terminator 2: Judgment Day - Unforgiven - Indiana Jones and the Last Crusade
4946,"Wizard of Oz, The - Cabaret - Beauty and the Beast"
4947,Jaws - Bram Stoker's Dracula - Big
4948,Fantasia - High Noon - Sid and Nancy
4949,"Bronx Tale, A - Dead Man Walking - Sling Blade"
4950,"Stepford Wives, The - Gandhi - American Werewolf in London, An"
4951,Koyaanisqatsi - Microcosmos (Microcosmos: Le peuple de l'herbe) - Unzipped
4952,Waking Ned Devine - Shine - Life Is Beautiful (La Vita è bella)
4953,"Independence Day (ID4) - Arrival, The - Face/Off"
4954,"Other Sister, The - Tin Men - My Cousin Vinny"
4955,"South Pacific - Peter Pan - Umbrellas of Cherbourg, The (Parapluies de Cherbourg, Les)"
4956,"Madonna: Truth or Dare - Mad Max Beyond Thunderdome - Man for All Seasons, A"
4957,Son in Law - Child's Play 2 - Showgirls
4958,Mission to Mars - Meteor - Dogma
4959,Malcolm X - Romancing the Stone - Star Trek IV: The Voyage Home
4960,Desperately Seeking Susan - Exotica - Gods and Monsters
4961,Pale Rider - For a Few Dollars More - Jeremiah Johnson
4962,Boogie Nights - How Green Was My Valley - Six Degrees of Separation
4963,"English Patient, The - Legends of the Fall - Bridges of Madison County, The"
4964,"Bodyguard, The - Speed 2: Cruise Control - Cabaret"
4965,"Man on the Moon - House on Haunted Hill, The - Deuce Bigalow: Male Gigolo"
4966,"Star Trek IV: The Voyage Home - Spy Who Loved Me, The - Total Recall"
4967,Blue Chips - Basic Instinct - Stargate
4968,L.A. Confidential - Chinatown - Blade Runner
4969,"Of Human Bondage - Grapes of Wrath, The - Casablanca"
4970,Force 10 from Navarone - Independence Day (ID4) - G.I. Jane
4971,Stuart Little - Raising Arizona - Arsenic and Old Lace
4972,Braindead - American Beauty - Babe
4973,Spartacus - Guess Who's Coming to Dinner - Midnight Cowboy
4974,Who Framed Roger Rabbit? - Laura - Cape Fear
4975,Mad Max - Picnic at Hanging Rock - Westworld
4976,Spaceballs - Pocahontas - Shakes the Clown
4977,Desperately Seeking Susan - Conan the Barbarian - Lethal Weapon 2
4978,"Rocketeer, The - Stargate - Lawnmower Man 2: Beyond Cyberspace"
4979,Pretty in Pink - Shampoo - Tin Cup
4980,"Truman Show, The - Happiness - Ghosts of Mississippi"
4981,Come See the Paradise - Legends of the Fall - She's So Lovely
4982,"Highlander - Abyss, The - Robocop"
4983,"Honey, I Shrunk the Kids - Robin Hood - Rescuers Down Under, The"
4984,Trees Lounge - Scent of a Woman - Grand Canyon
4985,"Siege, The - Shaft - In Too Deep"
4986,Twelve Monkeys - Dr. Strangelove or: How I Learned to Stop Worrying and Love the Bomb - Dark City
4987,Die Hard: With a Vengeance - Tomorrow Never Dies - Star Wars: Episode I - The Phantom Menace
4988,"Fly Away Home - Grifters, The - Three Kings"
4989,October Sky - Defending Your Life - Donnie Brasco
4990,"Babe - Celluloid Closet, The - Heavenly Creatures"
4991,"Pawnbroker, The - Running Man, The"
4992,Never Been Kissed - Invasion of the Body Snatchers
4993,"Dirty Dancing - Sleepless in Seattle - Wings of the Dove, The"
4994,"Godfather, The - Godfather: Part III, The - Annie Hall"
4995,Angels and Insects - Living in Oblivion - Muriel's Wedding
4996,"Go - Fargo - Simple Plan, A"
4997,Problem Child - Dracula: Dead and Loving It - Problem Child 2
4998,"Usual Suspects, The - Pulp Fiction - Donnie Brasco"
4999,"Arsenic and Old Lace - Sabrina - American President, The"
5000,"Dead Men Don't Wear Plaid - Emerald Forest, The - Red Dawn"
5001,"Broadcast News - Inherit the Wind - Color Purple, The"
5002,Beauty and the Beast - Gattaca - Poltergeist
5003,"Silence of the Lambs, The - Close Shave, A - Fargo"
5004,Groundhog Day - My Cousin Vinny - Local Hero
5005,"Miracle on 34th Street - Eve's Bayou - Civil Action, A"
5006,"Mrs. Miniver - Lost Weekend, The - Miracle on 34th Street"
5007,All About My Mother (Todo Sobre Mi Madre) - Pulp Fiction
5008,Things to Do in Denver when You're Dead - From Dusk Till Dawn - Very Bad Things
5009,Ferris Bueller's Day Off - Groundhog Day - Casablanca
5010,"Michael Collins - Guns of Navarone, The - Braveheart"
5011,X-Men - Porky's - Drop Dead Gorgeous
5012,"Wyatt Earp - Davy Crockett, King of the Wild Frontier"
5013,"On the Waterfront - 12 Angry Men - Bridge on the River Kwai, The"
5014,Nineteen Eighty-Four - Star Wars: Episode I - The Phantom Menace - Dune
5015,Canadian Bacon - Mars Attacks! - McHale's Navy
5016,"Pump Up the Volume - Walk in the Clouds, A - Mr. Holland's Opus"
5017,Close Encounters of the Third Kind - E.T. the Extra-Terrestrial - Forbidden Planet
5018,"Few Good Men, A - Casino - Fisher King, The"
5019,"Untouchables, The - Dial M for Murder - Arsenic and Old Lace"
5020,"Rocky Horror Picture Show, The - Little Shop of Horrors - Raven, The"
5021,"Schindler's List - Cabaret - Best Years of Our Lives, The"
5022,"African Queen, The - Citizen Kane - Big"
5023,"Bone Collector, The - Bonfire of the Vanities - Black Cauldron, The"
5024,"Hard Day's Night, A - Heathers - Born Yesterday"
5025,Akira - Willy Wonka and the Chocolate Factory - Crimes and Misdemeanors
5026,Stripes - There's Something About Mary - Sixteen Candles
5027,"South Park: Bigger, Longer and Uncut - Shakespeare in Love"
5028,"Producers, The - Wizard of Oz, The"
5029,Falling Down - Wyatt Earp - Meet Joe Black
5030,Office Space - Rushmore - Who Framed Roger Rabbit?
5031,I.Q. - Jungle Fever - William Shakespeare's Romeo and Juliet
5032,"Grand Day Out, A - Player, The - Election"
5033,"Rear Window - In the Heat of the Night - Third Man, The"
5034,"To Kill a Mockingbird - Great Escape, The - Stalag 17"
5035,Batman Returns - Runaway Bride - Father of the Bride Part II
5036,Shakespeare in Love - Romy and Michele's High School Reunion - Return to Oz
5037,"Annie Hall - Dinner Game, The (Le Dîner de cons) - Thomas Crown Affair, The"
5038,Walkabout - Best Men - Two if by Sea
5039,"Jackal, The - Just Cause - Hard Rain"
5040,Stargate - Mimic - Universal Soldier
5041,Stripes - Jagged Edge - Bull Durham
5042,"Joy Luck Club, The - FairyTale: A True Story - Go Fish"
5043,Top Gun - Dying Young
5044,"Fisher King, The - Big Kahuna, The - Sound of Music, The"
5045,Do the Right Thing - Airplane! - Ghostbusters
5046,"Sweet Hereafter, The - In the Heat of the Night - 8 1/2"
5047,"Siege, The - Ransom - Air Force One"
5048,"Killing Fields, The - Singin' in the Rain - Night to Remember, A"
5049,"Iron Giant, The - Three Kings - Repo Man"
5050,Chicken Run - Erin Brockovich - Keeping the Faith
5051,For Love of the Game - Crazy in Alabama - Bringing Out the Dead
5052,"Godfather: Part II, The - Lolita"
5053,Wallace & Gromit: The Best of Aardman Animation - Elizabeth - Apollo 13
5054,"Restoration - Umbrellas of Cherbourg, The (Parapluies de Cherbourg, Les) - Malcolm X"
5055,They Might Be Giants - Dead Again - Marty
5056,"Honeymoon in Vegas - Sixteen Candles - Breakfast Club, The"
5057,American Graffiti - M*A*S*H - Star Wars: Episode IV - A New Hope
5058,"Stage Fright - Suspicion - Trouble with Harry, The"
5059,Stranger in the House - I Know What You Did Last Summer - Snake Eyes
5060,"Groundhog Day - Sting, The - Ferris Bueller's Day Off"
5061,"Oliver & Company - Star Wars: Episode V - The Empire Strikes Back - Terminator, The"
5062,"Abyss, The - Bicentennial Man"
5063,"Dirty Dancing - Sabrina - Affair to Remember, An"
5064,"Go - Freeway - Professional, The (a.k.a. Leon: The Professional)"
5065,"Usual Suspects, The - Batman - Few Good Men, A"
5066,"Sleepy Hollow - Jakob the Liar - Bachelor, The"
5067,"Gay Divorcee, The - Top Hat - West Side Story"
5068,"Radio Days - Frances - Bamba, La"
5069,"Maltese Falcon, The - Out of the Past"
5070,"Manchurian Candidate, The - Hunger, The - Deer Hunter, The"
5071,"Star Trek VI: The Undiscovered Country - Man with the Golden Gun, The - In the Heat of the Night"
5072,Romancing the Stone - Babe: Pig in the City - Forrest Gump
5073,Rear Window - L.A. Confidential
5074,Coma - Blue Collar - Charlotte's Web
5075,Phantasm - Men in Black - Westworld
5076,Risky Business - Repo Man - When Harry Met Sally...
5077,"Grand Canyon - Pump Up the Volume - Professional, The (a.k.a. Leon: The Professional)"
5078,And Now for Something Completely Different - Monty Python's Life of Brian - Clueless
5079,"E.T. the Extra-Terrestrial - Misérables, Les - Apocalypse Now"
5080,Flawless - Father of the Bride Part II - Snow Falling on Cedars
5081,"Arlington Road - Bachelor, The - Bone Collector, The"
5082,"Man for All Seasons, A - Eraserhead - On the Beach"
5083,Mission: Impossible - Murder at 1600 - F/X
5084,Crocodile Dundee - Forrest Gump - Free Willy 2: The Adventure Home
5085,"Moonstruck - Full Monty, The - Odd Couple, The"
5086,Three Kings - Dead Man Walking - Star Wars: Episode VI - Return of the Jedi
5087,"Hope Floats - Ace Ventura: Pet Detective - Fisher King, The"
5088,E.T. the Extra-Terrestrial - Jurassic Park - Planet of the Apes
5089,"Graduate, The - Philadelphia Story, The - African Queen, The"
5090,Cape Fear - Glengarry Glen Ross - Jacob's Ladder
5091,"Lost in Space - Corrina, Corrina - Hook"
5092,"Bridges of Madison County, The - You've Got Mail - Sleepless in Seattle"
5093,"Ideal Husband, An - Crying Game, The - Last of the Mohicans, The"
5094,"Good Morning, Vietnam - Courage Under Fire - Independence Day (ID4)"
5095,"Saragossa Manuscript, The (Rekopis znaleziony w Saragossie) - Graduate, The - Manchurian Candidate, The"
5096,Mission to Mars - Pitch Black - Lone Star
5097,Almost Famous - Wonder Boys - Best in Show
5098,"Boys from Brazil, The - Heaven Can Wait - Odessa File, The"
5099,"Buffy the Vampire Slayer - Craft, The - Serial Mom"
5100,Benji - Belle de jour - Homeward Bound: The Incredible Journey
5101,"Love's Labour's Lost - Running Man, The - Predator 2"
5102,"Cape Fear - Full Monty, The - Mr. Holland's Opus"
5103,Suicide Kings - Donnie Brasco - Jackie Brown
5104,"Indiana Jones and the Last Crusade - Thing, The - Goldfinger"
5105,East of Eden - Easy Rider - Elizabeth
5106,"Sleepless in Seattle - Red Violin, The (Le Violon rouge) - Client, The"
5107,Dead Man Walking - Smoke Signals - Looking for Richard
5108,"Towering Inferno, The - Yojimbo - Woman in the Dunes (Suna no onna)"
5109,Taxi Driver - Notting Hill - October Sky
5110,"Kagemusha - Manchurian Candidate, The"
5111,"Reds - Remains of the Day, The - Double Life of Veronique, The (La Double Vie de Véronique)"
5112,"Man Who Would Be King, The - King Kong - Princess Bride, The"
5113,Dead Poets Society - Casino - In the Name of the Father
5114,"Day the Earth Stood Still, The - Wizard of Oz, The - Apollo 13"
5115,Saving Private Ryan - Unforgiven - All About My Mother (Todo Sobre Mi Madre)
5116,Shakespeare in Love - Babe
5117,Ghostbusters - Mickey Blue Eyes
5118,Star Wars: Episode V - The Empire Strikes Back - Notting Hill - Pretty Woman
5119,Manhattan - Cinema Paradiso
5120,"Indiana Jones and the Temple of Doom - Goonies, The - Crocodile Dundee"
5121,Dragonheart - Lethal Weapon 3 - Mortal Kombat
5122,Contact - Face/Off
5123,Father of the Bride Part II - Patch Adams - Anywhere But Here
5124,Airplane! - This Is Spinal Tap - Places in the Heart
5125,Sunset Blvd. (a.k.a. Sunset Boulevard) - Trouble in Paradise - My Man Godfrey
5126,"Brazil - Terminator, The - Driving Miss Daisy"
5127,Mission to Mars - Independence Day (ID4) - Dune
5128,"Graduate, The - Back to the Future - Brother from Another Planet, The"
5129,"Rapture, The - Event Horizon - Green Mile, The"
5130,"North by Northwest - Hustler, The - To Kill a Mockingbird"
5131,Fast Times at Ridgemont High - Caddyshack - Pale Rider
5132,"Best Years of Our Lives, The - Howards End - Taxi Driver"
5133,"Chicken Run - Me, Myself and Irene - Titan A.E."
5134,"Goldfinger - Who's Afraid of Virginia Woolf? - Wild Bunch, The"
5135,"Bamba, La - Nineteen Eighty-Four - Karate Kid, The"
5136,"Abyss, The - Poltergeist - Time Bandits"
5137,Shakespeare in Love - Pleasantville - Man on the Moon
5138,"Mad Max - Above the Rim - Santa Clause, The"
5139,"League of Their Own, A - Thelma & Louise - Casino"
5140,"Weekend at Bernie's - Cujo - Karate Kid, Part II, The"
5141,Escape from L.A. - Timecop - Congo
5142,"Batman Returns - Good Man in Africa, A - Dragonheart"
5143,Face/Off - True Lies - Con Air
5144,"Eye of the Beholder - Usual Suspects, The - Toy Story 2"
5145,"Messenger: The Story of Joan of Arc, The - World Is Not Enough, The"
5146,"Red Dwarf, The (Le Nain rouge) - Dry Cleaning (Nettoyage à sec) - School of Flesh, The (L' École de la chair)"
5147,"Gloria - Devil's Advocate, The - Fargo"
5148,"Conspiracy Theory - Air Force One - Thomas Crown Affair, The"
5149,"Aliens - Airplane! - Terminator, The"
5150,"L.A. Story - Fisher King, The - Jerry Maguire"
5151,"Hamlet - 28 Days - Road to El Dorado, The"
5152,Alice in Wonderland - Alien - Aliens
5153,Lethal Weapon 3 - Fanny and Alexander - Something to Talk About
5154,"World Is Not Enough, The - End of Days - Conan the Barbarian"
5155,Total Recall - Maverick - True Lies
5156,"Fish Called Wanda, A - Natural, The - No Way Out"
5157,"Room with a View, A - West Side Story - Gone with the Wind"
5158,James and the Giant Peach - Thumbelina - Mulan
5159,Gone in 60 Seconds - Romeo Must Die
5160,"French Kiss - Big Daddy - Butcher Boy, The"
5161,"Mad Max Beyond Thunderdome - Paper Chase, The - Shaft"
5162,Rocky - Rocky V - As Good As It Gets
5163,Saving Private Ryan - Braveheart - Cool Hand Luke
5164,"Three Kings - Dirty Dozen, The - Coming Home"
5165,"Fisher King, The - Mister Roberts - To Be or Not to Be"
5166,L.A. Confidential - Fargo - Rear Window
5167,"Robocop - Faculty, The - Escape from New York"
5168,"American President, The - Groundhog Day"
5169,"Big Chill, The - Dead Calm - Beetlejuice"
5170,Ghost in the Shell (Kokaku kidotai) - Gods and Monsters - Airplane!
5171,"Man with the Golden Gun, The - Lethal Weapon 3 - F/X 2"
5172,"X-Men - Brothers McMullen, The - Married to the Mob"
5173,"Peacemaker, The - Small Soldiers - Mars Attacks!"
5174,"End of the Affair, The - Flawless"
5175,"Titan A.E. - Perfect Storm, The - U-571"
5176,"Dinosaur - Small Time Crooks - Tigger Movie, The"
5177,Emma - My Cousin Vinny - As Good As It Gets
5178,Mrs. Doubtfire - Bulworth - White Men Can't Jump
5179,"Face/Off - Mariachi, El - Heat"
5180,Highlander - Babe - Ed Wood
5181,"Civil Action, A - Chicken Run - Double Jeopardy"
5182,Fools Rush In - Forces of Nature - Four Weddings and a Funeral
5183,"There's Something About Mary - Fantasia 2000 - Haunting, The"
5184,Lethal Weapon 3 - Independence Day (ID4) - What Planet Are You From?
5185,"Dangerous Liaisons - Davy Crockett, King of the Wild Frontier - Dave"
5186,"Arrival, The - Logan's Run - Lifeforce"
5187,Starship Troopers - Star Trek III: The Search for Spock - Back to the Future Part III
5188,Jerry Maguire - Terminator 2: Judgment Day - Toy Story
5189,"Jurassic Park - Robocop - X-Files: Fight the Future, The"
5190,"Charlotte's Web - Jungle Book, The - Cinderella"
5191,"Total Recall - Bug's Life, A - Full Monty, The"
5192,"Red Violin, The (Le Violon rouge) - Runaway Bride"
5193,"Blues Brothers, The - Big Chill, The - Fast Times at Ridgemont High"
5194,"M*A*S*H - When We Were Kings - Bridge on the River Kwai, The"
5195,Raging Bull - Spartacus - His Girl Friday
5196,"Leaving Las Vegas - Fargo - Player, The"
5197,"Shadow of a Doubt - Chinatown - Manchurian Candidate, The"
5198,"Original Kings of Comedy, The - Virgin Suicides, The - Bamboozled"
5199,"House of the Spirits, The - Sixth Sense, The - Mr. Holland's Opus"
5200,Cinderella - Bambi - Snow White and the Seven Dwarfs
5201,"Easy Rider - Fugitive, The - Speed"
5202,Westworld - Young Guns - Last Man Standing
5203,Forrest Gump - Seven Years in Tibet - Small Soldiers
5204,"Ace Ventura: When Nature Calls - Mask, The - Dumb & Dumber"
5205,"American Werewolf in London, An - Omen, The - Young Frankenstein"
5206,Star Wars: Episode IV - A New Hope - Gladiator - Jaws
5207,"Purple Rose of Cairo, The - Say Anything..."
5208,"Ninth Gate, The - Gladiator - Erin Brockovich"
5209,"Clear and Present Danger - Dr. No - Good, The Bad and The Ugly, The"
5210,Monty Python and the Holy Grail - Close Encounters of the Third Kind - Amadeus
5211,"Natural, The - Never Cry Wolf - Year of Living Dangerously"
5212,Schindler's List - Blade Runner - American Beauty
5213,"Sixth Sense, The - Lethal Weapon - Lethal Weapon 2"
5214,Pulp Fiction - It's a Wonderful Life - Apocalypse Now
5215,"Lawrence of Arabia - Close Shave, A"
5216,"Bug's Life, A - Big Daddy"
5217,"Armageddon - Heavenly Creatures - Mariachi, El"
5218,"Teenage Mutant Ninja Turtles - Toys - 7th Voyage of Sinbad, The"
5219,"X-Files: Fight the Future, The - Pi - Fifth Element, The"
5220,"For the Love of Benji - Manchurian Candidate, The - Psycho"
5221,"Charade - Eyes of Laura Mars - Client, The"
5222,American Beauty - Insomnia - Hoosiers
5223,Sid and Nancy - Brazil - Dangerous Liaisons
5224,"Poseidon Adventure, The - Shakespeare in Love - Tender Mercies"
5225,Johnny Mnemonic - Congo - Touch of Evil
5226,"Untouchables, The - Heat - Robocop"
5227,My Favorite Martian - Virus - Back to the Future Part II
5228,American Beauty - Fight Club
5229,"Contact - Fifth Element, The - Men in Black"
5230,Raiders of the Lost Ark - Mad Max 2 (a.k.a. The Road Warrior) - Robocop
5231,"Little Big Man - Searchers, The - Good, The Bad and The Ugly, The"
5232,Lady and the Tramp - Cinderella - Snow White and the Seven Dwarfs
5233,"Ice Storm, The - Eat Drink Man Woman - Apollo 13"
5234,"Jurassic Park - X-Files: Fight the Future, The - Superman"
5235,"Dr. Strangelove or: How I Learned to Stop Worrying and Love the Bomb - Matrix, The - Blade Runner"
5236,"Nikita (La Femme Nikita) - Misérables, Les - Midsummer Night's Dream, A"
5237,"Goldfinger - Last of the Mohicans, The - Terminator, The"
5238,White Christmas - Lady and the Tramp
5239,American Pie - Glengarry Glen Ross - Leaving Las Vegas
5240,L.A. Story - Life Is Beautiful (La Vita è bella) - French Kiss
5241,"Schindler's List - Matrix, The - Star Trek VI: The Undiscovered Country"
5242,Army of Darkness - Star Wars: Episode VI - Return of the Jedi - Tron
5243,Back to the Future Part II - Back to the Future Part III - Spaceballs
5244,"War, The - Casper - Jumanji"
5245,"Jagged Edge - Spaceballs - Firm, The"
5246,Friday - Maverick - Girl 6
5247,"Shakespeare in Love - She's All That - Sixth Sense, The"
5248,Cold Comfort Farm - Pretty Woman - Bowfinger
5249,Renaissance Man - Grumpy Old Men - Mr. Saturday Night
5250,"Kiss the Girls - East is East - Bug's Life, A"
5251,When Harry Met Sally... - Gandhi - Breakfast at Tiffany's
5252,"Silence of the Lambs, The - Wizard of Oz, The - Dangerous Liaisons"
5253,Mulan - Aladdin and the King of Thieves - Toy Story
5254,"Tomorrow Never Dies - X-Files: Fight the Future, The - Backdraft"
5255,"Great Dictator, The - Laura - Mutiny on the Bounty"
5256,"Christmas Carol, A - 39 Steps, The - All Quiet on the Western Front"
5257,"Back to the Future - Terminator, The - Starman"
5258,"Payback - Fugitive, The"
5259,"Christmas Story, A - North by Northwest - Drugstore Cowboy"
5260,Jaws 2 - Friday the 13th Part 2 - Halloween: The Curse of Michael Myers
5261,"Witness - Sex, Lies, and Videotape - Crying Game, The"
5262,Hook - Two Moon Juction - How to Stuff a Wild Bikini
5263,Star Trek IV: The Voyage Home - Runaway Train - Robocop
5264,"Man for All Seasons, A - Rushmore - Drugstore Cowboy"
5265,Before Sunrise - Limbo - Sweet and Lowdown
5266,"Lone Star - Mortal Thoughts - Perfect Murder, A"
5267,American Psycho - My Dog Skip - Any Given Sunday
5268,While You Were Sleeping - You've Got Mail - Honeymoon in Vegas
5269,Nineteen Eighty-Four - Your Friends and Neighbors - Ace Ventura: Pet Detective
5270,"Jaws - Event Horizon - Prophecy, The"
5271,Desperado - You've Got Mail - Addicted to Love
5272,Pretty in Pink - Nineteen Eighty-Four - Spaceballs
5273,"Midnight Cowboy - Raisin in the Sun, A - Blue Velvet"
5274,"Christmas Story, A - Cool Hand Luke"
5275,"Adventures of Priscilla, Queen of the Desert, The - Phenomenon - Mr. Holland's Opus"
5276,"Austin Powers: International Man of Mystery - Jungle2Jungle (a.k.a. Jungle 2 Jungle) - Other Sister, The"
5277,"Six Days Seven Nights - Meet the Parents - Children of Heaven, The (Bacheha-Ye Aseman)"
5278,"Dead Again - Professional, The (a.k.a. Leon: The Professional) - Annie Hall"
5279,West Side Story - Run Lola Run (Lola rennt) - Doctor Zhivago
5280,"World Is Not Enough, The - Sleepy Hollow - For Love of the Game"
5281,"Return of the Pink Panther, The - Jerk, The - Heaven Can Wait"
5282,"Cat from Outer Space, The - Boys on the Side - Herbie Rides Again"
5283,"Full Metal Jacket - Untouchables, The - Die Hard"
5284,Blade Runner - Better Than Chocolate - When Harry Met Sally...
5285,Easy Rider - Apocalypse Now - Half Baked
5286,"Caddyshack - Fatal Instinct - Hudsucker Proxy, The"
5287,"Wedding Singer, The - Sleepless in Seattle - My Best Friend's Wedding"
5288,Shanghai Noon - Bullets Over Broadway - Casablanca
5289,Solaris (Solyaris) - Kagemusha - Wallace & Gromit: The Best of Aardman Animation
5290,Diner - Say Anything... - Broadcast News
5291,"Shawshank Redemption, The - Toy Story 2 - Fight Club"
5292,Run Lola Run (Lola rennt) - Ghostbusters - Ghost
5293,Ghostbusters - Henry V - Star Trek: The Wrath of Khan
5294,"Gone with the Wind - Cinema Paradiso - Graduate, The"
5295,"Lord of the Flies - World Is Not Enough, The"
5296,Stand by Me - Bonnie and Clyde - Spartacus
5297,Kiss the Girls - True Crime - Face/Off
5298,Bicentennial Man - Spaceballs - Star Trek: Insurrection
5299,"Yellow Submarine - Nightmare Before Christmas, The - Sleeping Beauty"
5300,"X-Men - Cell, The - Perfect Storm, The"
5301,Thelma & Louise - Trial by Jury - Air Force One
5302,My Dog Skip - Star Wars: Episode IV - A New Hope - Singin' in the Rain
5303,Fargo - Searching for Bobby Fischer - American Beauty
5304,Meet the Parents - Gladiator - Chicken Run
5305,Stargate - Thinner - City of Angels
5306,"Before and After - Awakenings - Untouchables, The"
5307,"Lost World: Jurassic Park, The - Escape from L.A. - Species"
5308,Dances with Wolves - Maverick - Frequency
5309,"Civil Action, A - Elizabeth"
5310,"Notorious - Shop Around the Corner, The - Key Largo"
5311,"Vertigo - Chinatown - Last Days, The"
5312,Liar Liar - Dumb & Dumber - Peter's Friends
5313,Mad Max Beyond Thunderdome - Nine 1/2 Weeks - Mad Max 2 (a.k.a. The Road Warrior)
5314,Flatliners - Eraserhead
5315,Casablanca - North by Northwest - Rear Window
5316,"House on Haunted Hill, The - Battleship Potemkin, The (Bronenosets Potyomkin) - Clerks"
5317,Poison Ivy - Poltergeist II: The Other Side - Jumpin' Jack Flash
5318,"Predator 2 - Rocketeer, The - Star Trek: Generations"
5319,Strangeland - Hot Shots! Part Deux - King Kong
5320,"Return of Jafar, The - American Tail: Fievel Goes West, An"
5321,"Titanic - JFK - Mask, The"
5322,"Rocky Horror Picture Show, The - Dark City - Spaceballs"
5323,Strange Days - Alien Nation - Repo Man
5324,Heavy Metal - Who Framed Roger Rabbit? - Clear and Present Danger
5325,"Birds, The - Postino, Il (The Postman) - Kramer Vs. Kramer"
5326,Cool Hand Luke - Meatballs 4 - Deliverance
5327,"Quick and the Dead, The - Lost World: Jurassic Park, The - Three Musketeers, The"
5328,"Women on the Verge of a Nervous Breakdown - Spanking the Monkey - Man with the Golden Arm, The"
5329,"Rope - Trouble with Harry, The - Walk in the Clouds, A"
5330,"Heavenly Creatures - Crying Game, The - Dead Man Walking"
5331,"Blair Witch Project, The - Top Gun - Perfect Storm, The"
5332,"Conspiracy Theory - Long Kiss Goodnight, The - Jackie Chan's First Strike"
5333,"Three Colors: Blue - African Queen, The - Shadow of a Doubt"
5334,Erin Brockovich - Keeping the Faith - East-West (Est-ouest)
5335,E.T. the Extra-Terrestrial - Drop Dead Gorgeous - Diner
5336,"Man with the Golden Gun, The - Patriot Games - For Your Eyes Only"
5337,"Bug's Life, A - Snow White and the Seven Dwarfs - Aladdin"
5338,Stargate - Alien: Resurrection - Mimic
5339,"Silence of the Lambs, The - Back to the Future - Inherit the Wind"
5340,"Heavy - It Could Happen to You - Bridges of Madison County, The"
5341,"Money Pit, The - Rocky IV - Harry and the Hendersons"
5342,Dead Man Walking - Searching for Bobby Fischer - Ghost
5343,Mary Poppins - Aladdin - Cinderella
5344,Little Shop of Horrors - Analyze This - Top Gun
5345,Blue in the Face - You've Got Mail - Orgazmo
5346,"Princess Mononoke, The (Mononoke Hime) - Who Framed Roger Rabbit? - Heavy Metal"
5347,Falling Down - Supercop - GoldenEye
5348,In the Mouth of Madness - Alien³ - Cujo
5349,"Mission, The - Trip to Bountiful, The - Somewhere in Time"
5350,"South Park: Bigger, Longer and Uncut - Beauty and the Beast - Fantasia"
5351,"Star Trek VI: The Undiscovered Country - Abyss, The - Rock, The"
5352,"Fifth Element, The - Game, The - Married to the Mob"
5353,"Exorcist, The - American Pie - Abyss, The"
5354,"Rock, The - Mission: Impossible - Outbreak"
5355,Gladiator - Frequency - U-571
5356,Henry: Portrait of a Serial Killer - Rosemary's Baby - King Kong
5357,Eyes Wide Shut - Con Air - 10 Things I Hate About You
5358,Goldfinger - Midnight Run
5359,"Absent Minded Professor, The - Requiem for a Dream - Scream"
5360,"House on Haunted Hill, The - Stuart Little - World Is Not Enough, The"
5361,"Thomas Crown Affair, The - Indiana Jones and the Temple of Doom - Thelma & Louise"
5362,"Double Jeopardy - Doors, The - Election"
5363,Twister - Star Trek VI: The Undiscovered Country - Lethal Weapon 4
5364,"Firm, The - Talented Mr. Ripley, The - Ghost"
5365,"Butcher's Wife, The - She's the One - Eraser"
5366,"Speed - Truman Show, The - Jacob's Ladder"
5367,Coneheads - Christine - Fatal Instinct
5368,"Fallen - Talented Mr. Ripley, The - Rush Hour"
5369,Babe - Jean de Florette - Pulp Fiction
5370,Payback - Mystery Men - Romy and Michele's High School Reunion
5371,"Return of the Pink Panther, The - Fight Club - Charlotte's Web"
5372,Election - Entrapment - For Love of the Game
5373,Army of Darkness - Star Wars: Episode VI - Return of the Jedi - Jurassic Park
5374,"Lake Placid - Maltese Falcon, The - Magnolia"
5375,"Truth About Cats & Dogs, The - Waiting for Guffman - Wag the Dog"
5376,"Dead Poets Society - Gods Must Be Crazy, The - Christmas Vacation"
5377,When Harry Met Sally... - Risky Business - Fast Times at Ridgemont High
5378,Bird on a Wire - Blazing Saddles - Big Trouble in Little China
5379,"Sleepy Hollow - Jakob the Liar - Dog of Flanders, A"
5380,"Sixth Sense, The - Insider, The"
5381,Fast Times at Ridgemont High - Lethal Weapon
5382,"General's Daughter, The - Sleepy Hollow - Sixth Sense, The"
5383,"Showgirls - Big Sleep, The - Rear Window"
5384,"Sound of Music, The - Peter Pan - Oliver!"
5385,Indiana Jones and the Last Crusade - Jaws - Rocky
5386,Hollow Man - Thomas and the Magic Railroad - Erin Brockovich
5387,"Tie Me Up! Tie Me Down! - Cell, The - Untouchables, The"
5388,Die Hard - Indiana Jones and the Last Crusade
5389,"In the Mouth of Madness - Maltese Falcon, The - Mickey Blue Eyes"
5390,Cool Hand Luke - Monty Python and the Holy Grail - Raising Arizona
5391,"Spy Who Loved Me, The - On Her Majesty's Secret Service"
5392,There's Something About Mary - Jurassic Park
5393,Dying Young - Stepmom - Miracle on 34th Street
5394,U Turn - Predator 2 - Small Soldiers
5395,"Big Chill, The - Big Night - Birdcage, The"
5396,"Heavy Metal - Superman - City of Lost Children, The"
5397,"Seventh Seal, The (Sjunde inseglet, Det) - Snow White and the Seven Dwarfs - Ed Wood"
5398,Tumbleweeds - Star Wars: Episode I - The Phantom Menace - Plunkett & MaCleane
5399,"Rocketeer, The - Arachnophobia - Net, The"
5400,28 Days - Final Destination
5401,Old Yeller - Sleeping Beauty - Labyrinth
5402,That Thing You Do! - Hamlet - Primal Fear
5403,"My Son the Fanatic - Perfect Storm, The - Man on the Moon"
5404,Misery - Star Trek IV: The Voyage Home - Total Recall
5405,"Ghostbusters - Maltese Falcon, The - Out of Africa"
5406,October Sky - Gone with the Wind - Howards End
5407,"Fargo - Last Emperor, The - Crying Game, The"
5408,"Lady and the Tramp - Lion King, The - Dumbo"
5409,"Star Wars: Episode I - The Phantom Menace - Cradle Will Rock, The"
5410,"Down in the Delta - Election - Faculty, The"
5411,Little Men - Romeo and Juliet
5412,"Notorious - Cook the Thief His Wife & Her Lover, The - Highlander: Endgame"
5413,Rob Roy - Pump Up the Volume - Yojimbo
5414,"Mummy, The - Wes Craven's New Nightmare - Buffy the Vampire Slayer"
5415,"Long Walk Home, The - Beyond Silence - Still Breathing"
5416,"Back to the Future - Butch Cassidy and the Sundance Kid - Fish Called Wanda, A"
5417,"Them! - Day the Earth Stood Still, The - Tarantula"
5418,"Philadelphia Story, The - Rebecca - Manhattan"
5419,"Grifters, The - South Park: Bigger, Longer and Uncut - Star Trek: The Wrath of Khan"
5420,"Rugrats Movie, The - Doug's 1st Movie - Flintstones, The"
5421,Starman - Big - Fast Times at Ridgemont High
5422,"North Dallas Forty - Mars Attacks! - Glass Bottom Boat, The"
5423,"Right Stuff, The - Invasion of the Body Snatchers - Some Like It Hot"
5424,"Groundhog Day - Muppet Movie, The - Big"
5425,Twelve Monkeys - SLC Punk! - Annie Hall
5426,Hercules - Color of Night - Entrapment
5427,Get Shorty - Austin Powers: International Man of Mystery - Gladiator
5428,"Secret Garden, The - Rocky - Apostle, The"
5429,"Sliding Doors - Joy Luck Club, The - American Tail, An"
5430,Six Days Seven Nights - Practical Magic - She's All That
5431,"Ice Storm, The - Secret Garden, The - Bullets Over Broadway"
5432,"House of Yes, The - Man and a Woman, A (Un Homme et une Femme) - Boogie Nights"
5433,"Children of the Damned - It Came from Outer Space - 20,000 Leagues Under the Sea"
5434,"Silence of the Lambs, The - Terminator 2: Judgment Day - Dead Again"
5435,"Sneakers - Contact - X-Files: Fight the Future, The"
5436,Payback - Face/Off - Conspiracy Theory
5437,"Exorcist, The - Close Encounters of the Third Kind - Fly, The"
5438,"Falcon and the Snowman, The - Lethal Weapon - Fabulous Baker Boys, The"
5439,"Me, Myself and Irene - Prince of the City"
5440,"Family Thing, A - Men in Black - My Cousin Vinny"
5441,Fantasia - Alice in Wonderland - E.T. the Extra-Terrestrial
5442,Grosse Pointe Blank - Go - What's Eating Gilbert Grape
5443,Airplane II: The Sequel - Volunteers - Fools Rush In
5444,"Stigmata - Talented Mr. Ripley, The - Sleepy Hollow"
5445,Lawrence of Arabia - Stand by Me - Star Trek: The Wrath of Khan
5446,"Jaws - Last Picture Show, The - Right Stuff, The"
5447,Groundhog Day - Marty - Doctor Zhivago
5448,"Few Good Men, A - City of Angels - Bram Stoker's Dracula"
5449,Full Metal Jacket - From Russia with Love - Ronin
5450,"Real Genius - Full Metal Jacket - Lion King, The"
5451,"Singin' in the Rain - Graduate, The - Dangerous Liaisons"
5452,"Hoop Dreams - War Room, The - Heidi Fleiss: Hollywood Madam"
5453,"Ransom - Firm, The - Big Lebowski, The"
5454,Jaws - Star Wars: Episode IV - A New Hope - Full Metal Jacket
5455,"Sphere - First Knight - Rocketeer, The"
5456,Take the Money and Run - Bull Durham - Monty Python's Life of Brian
5457,Dark City - Sleepy Hollow - Fargo
5458,Wayne's World - About Adam - Nurse Betty
5459,Deep Blue Sea - Drive Me Crazy - Detroit Rock City
5460,Rushmore - James and the Giant Peach - Apollo 13
5461,"Pee-wee's Big Adventure - Lady Vanishes, The - There's Something About Mary"
5462,"Double Jeopardy - Entrapment - Faculty, The"
5463,Gandhi - Once Upon a Time in America - West Side Story
5464,"Princess Bride, The - Apocalypse Now - Dr. No"
5465,"Midsummer Night's Dream, A - Never Been Kissed"
5466,Mary Shelley's Frankenstein - Attack of the Killer Tomatoes! - Damien: Omen II
5467,"Outlaw Josey Wales, The - Dances with Wolves - True Grit"
5468,Rising Sun - Air Force One - Star Trek: Generations
5469,"Star Wars: Episode V - The Empire Strikes Back - From Here to Eternity - Dirty Dozen, The"
5470,"Bonnie and Clyde - L.A. Confidential - Wizard of Oz, The"
5471,Sneakers - Seven (Se7en)
5472,Papillon - Sleeping Beauty - Patton
5473,"Sphere - Spawn - Name of the Rose, The"
5474,Being John Malkovich - American Beauty - Babe
5475,"Nick of Time - Rock, The - Dead Zone, The"
5476,Sunset Blvd. (a.k.a. Sunset Boulevard) - Notorious - Blade Runner
5477,Star Trek IV: The Voyage Home - Jurassic Park
5478,Sleepless in Seattle - Back to the Future Part III - Austin Powers: International Man of Mystery
5479,Pretty Woman - Men in Black - Stand by Me
5480,Snow White and the Seven Dwarfs - Dumbo - Cinderella
5481,Eye of the Beholder - Twister - Patch Adams
5482,Of Mice and Men - Kissing a Fool - Angus
5483,"Casino - Age of Innocence, The - Rainmaker, The"
5484,"Gone in 60 Seconds - Usual Suspects, The - Godfather, The"
5485,When Harry Met Sally... - Stand by Me - Ghostbusters
5486,"Alien Nation - Few Good Men, A - Jackie Brown"
5487,Star Trek: Insurrection - Star Trek: First Contact - Star Trek V: The Final Frontier
5488,"Adventures of Buckaroo Bonzai Across the 8th Dimension, The - Back to the Future Part II - Honey, I Shrunk the Kids"
5489,Courage Under Fire - This Is Spinal Tap - Groundhog Day
5490,"Bug's Life, A - Hercules - Fantasia 2000"
5491,Notting Hill - My Own Private Idaho - Nell
5492,"Dunston Checks In - Firm, The - Eight Days a Week"
5493,"2001: A Space Odyssey - Time Bandits - Right Stuff, The"
5494,Arachnophobia - Election - Being John Malkovich
5495,"Gods and Monsters - South Park: Bigger, Longer and Uncut - Pushing Tin"
5496,"Doors, The - Dick - Eyes Wide Shut"
5497,"Jurassic Park - Cowboy Way, The - World Is Not Enough, The"
5498,Wag the Dog - Forrest Gump - My Cousin Vinny
5499,Disclosure - Edward Scissorhands - Backdraft
5500,Toy Story 2 - Kolya - Shall We Dance? (Shall We Dansu?)
5501,Funny Farm - Peter's Friends - Polish Wedding
5502,"Sixth Sense, The - Being John Malkovich - Dogma"
5503,Jacob's Ladder - Say Anything... - Unforgiven
5504,"Mr. Mom - Hudsucker Proxy, The - Meatballs"
5505,"Crow, The - Outbreak - Executive Decision"
5506,"Dogma - End of the Affair, The - Cradle Will Rock, The"
5507,"Clan of the Cave Bear, The - Clerks - Dead Calm"
5508,Splash - E.T. the Extra-Terrestrial - Big
5509,Six Degrees of Separation - Ridicule - Enchanted April
5510,"Great Escape, The - Platoon - M*A*S*H"
5511,Star Kid - Super Mario Bros. - Howard the Duck
5512,"Scream 3 - Wizard of Oz, The - E.T. the Extra-Terrestrial"
5513,"Bug's Life, A - Ghostbusters - Lone Star"
5514,"Drive Me Crazy - Entrapment - Mighty Ducks, The"
5515,"Legend - Matrix, The - Terminator, The"
5516,"Drop Dead Gorgeous - Month by the Lake, A - Nothing to Lose"
5517,Marathon Man - Network - Melvin and Howard
5518,"Labyrinth - Quest for Fire - Jewel of the Nile, The"
5519,White Christmas - Gypsy - Tommy
5520,High Fidelity - Keeping the Faith - Brazil
5521,Mission to Mars - Ace Ventura: Pet Detective - Better Off Dead...
5522,"Omen, The - Carrie - Moonstruck"
5523,"Color of Money, The - Airport - Bridges of Madison County, The"
5524,"Associate, The - Desperately Seeking Susan - Goodbye Girl, The"
5525,That Thing You Do! - Austin Powers: International Man of Mystery
5526,Awakenings - Fight Club - Apocalypse Now
5527,"Time to Kill, A - Seven (Se7en) - Horse Whisperer, The"
5528,"One Flew Over the Cuckoo's Nest - Cinema Paradiso - Ipcress File, The"
5529,Return to Me - Judy Berlin
5530,"Murder in the First - Once Upon a Time... When We Were Colored - Craft, The"
5531,Con Air - Broken Arrow - Robocop
5532,"My Best Friend's Wedding - Sleepless in Seattle - Nutty Professor, The"
5533,Saving Private Ryan - Raiders of the Lost Ark
5534,"Twister - Rocketeer, The - Three Musketeers, The"
5535,"Lion King, The - Little Mermaid, The - Lord of the Rings, The"
5536,Breakdown - Pacific Heights - Double Jeopardy
5537,M*A*S*H - All Quiet on the Western Front - From Here to Eternity
5538,"Strangers on a Train - Mister Roberts - Day the Earth Stood Still, The"
5539,Fanny and Alexander - Kramer Vs. Kramer - 42 Up
5540,"Forbidden Planet - Invasion of the Body Snatchers - Day the Earth Stood Still, The"
5541,Alien - Run Lola Run (Lola rennt) - Glory
5542,"Faces - Graduate, The - Man and a Woman, A (Un Homme et une Femme)"
5543,Boxing Helena - Malcolm X - American Beauty
5544,"Talented Mr. Ripley, The - Girl, Interrupted - Stuart Little"
5545,"Raising Arizona - Big Chill, The - Big"
5546,"Braindead - Henry: Portrait of a Serial Killer - Fog, The"
5547,"Happy Gilmore - Little Shop of Horrors, The - My Best Friend's Wedding"
5548,"Benny & Joon - Kama Sutra: A Tale of Love - Crucible, The"
5549,"Bonnie and Clyde - Untouchables, The - Thomas Crown Affair, The"
5550,"Nighthawks - American Gigolo - Devil's Own, The"
5551,"Believers, The - Mummy, The - Needful Things"
5552,"Father of the Bride Part II - Messenger: The Story of Joan of Arc, The - Who's Harry Crumb?"
5553,E.T. the Extra-Terrestrial - Murphy's Romance - Star Wars: Episode VI - Return of the Jedi
5554,King Kong - Jacob's Ladder - Halloween
5555,"Island of Dr. Moreau, The - Halloween: H20 - Lake Placid"
5556,Desperately Seeking Susan - Meet Joe Black - Twister
5557,X-Men - Casablanca - North by Northwest
5558,That Darn Cat! - Mighty Morphin Power Rangers: The Movie - Super Mario Bros.
5559,"Glengarry Glen Ross - Green Mile, The - In the Name of the Father"
5560,"Lady and the Tramp - Englishman Who Went Up a Hill, But Came Down a Mountain, The - Bug's Life, A"
5561,"Mission: Impossible - Sabrina - Talented Mr. Ripley, The"
5562,American Graffiti - Galaxy Quest - Aladdin
5563,GoodFellas - Schindler's List - Malcolm X
5564,"Spaceballs - World Is Not Enough, The - Honeymoon in Vegas"
5565,"My Best Friend's Wedding - Addams Family, The - Austin Powers: The Spy Who Shagged Me"
5566,"Star Trek VI: The Undiscovered Country - Star Trek: The Wrath of Khan - Fifth Element, The"
5567,Chinatown - Double Indemnity - L.A. Confidential
5568,"Rage: Carrie 2, The - Disturbing Behavior - Gate, The"
5569,Bullets Over Broadway - In the Line of Fire - Simon Birch
5570,"Animal House - Sting, The - American Graffiti"
5571,"Wizard of Oz, The - Toy Story - Little Princess, A"
5572,"Three Colors: Red - Star Wars: Episode V - The Empire Strikes Back - Shawshank Redemption, The"
5573,"Haunting, The - Terminator, The - Poltergeist"
5574,"Blue Velvet - Game, The - Angel Heart"
5575,Carpool - My Favorite Martian - Joe's Apartment
5576,"Good Morning, Vietnam - You've Got Mail - Monty Python and the Holy Grail"
5577,"Romeo and Juliet - Running Man, The - Spy Who Loved Me, The"
5578,"Willy Wonka and the Chocolate Factory - Big - Goonies, The"
5579,"Bug's Life, A - Big Daddy"
5580,Picnic at Hanging Rock - Midnight Express - Big
5581,"True Lies - Blues Brothers, The - Robocop"
5582,"Seven Days in May - Grifters, The - Way We Were, The"
5583,"Mystery Men - Mosquito Coast, The - Payback"
5584,"Fly, The - Cat People - House of Frankenstein"
5585,"Nightmare on Elm Street, A - Texas Chainsaw Massacre, The - Blade"
5586,Dead Man Walking - Carlito's Way - Paris Is Burning
5587,"Toy Story - Madness of King George, The - Fugitive, The"
5588,Cool Hand Luke - Star Wars: Episode V - The Empire Strikes Back - Faces
5589,Dead Again - Flesh and Bone - Cop Land
5590,"Dog Day Afternoon - 8 1/2 - Thousand Acres, A"
5591,This Is Spinal Tap - Star Wars: Episode I - The Phantom Menace - As Good As It Gets
5592,Spartacus - 2001: A Space Odyssey - Ben-Hur
5593,Witness - Charade - Ransom
5594,"My Life So Far - Lovers on the Bridge, The (Les Amants du Pont-Neuf) - Usual Suspects, The"
5595,Creepshow - Election - Entrapment
5596,Logan's Run - Face/Off - Bicentennial Man
5597,To Kill a Mockingbird - GoodFellas - M*A*S*H
5598,"Gladiator - X-Men - Me, Myself and Irene"
5599,"Mask of Zorro, The - Mission: Impossible - Hurricane, The"
5600,"EDtv - Dead Men Don't Wear Plaid - Brady Bunch Movie, The"
5601,"Total Recall - Last of the Mohicans, The - Long Kiss Goodnight, The"
5602,Small Time Crooks - Jesus' Son - X-Men
5603,"Trip to Bountiful, The - Rain Man - Driving Miss Daisy"
5604,"Highlander - Substitute, The - Dances with Wolves"
5605,"Little Shop of Horrors, The - House on Haunted Hill - Scary Movie"
5606,"Grease - Preacher's Wife, The"
5607,"Midsummer Night's Dream, A - Cool Runnings - Midnight in the Garden of Good and Evil"
5608,Boys Don't Cry - Pulp Fiction
5609,"Masque of the Red Death, The - Omen, The - Dracula"
5610,Tombstone - Bound - In the Name of the Father
5611,Rocky - Alien - Die Hard
5612,"Godfather, The - American Graffiti - Dog Day Afternoon"
5613,"Fletch - Blues Brothers, The - Lethal Weapon"
5614,Wes Craven's New Nightmare - Bringing Out the Dead - Audrey Rose
5615,"Conan the Barbarian - Abyss, The - Tron"
5616,"Braveheart - Star Wars: Episode V - The Empire Strikes Back - Last Emperor, The"
5617,"Fly, The - Time Bandits - Stargate"
5618,Rush Hour - Deep Impact - Rumble in the Bronx
5619,"Peter Pan - NeverEnding Story, The - Mask, The"
5620,"Hunt for Red October, The - Enemy of the State - Rock, The"
5621,Romancing the Stone - Scream - Ruthless People
5622,Private Parts - Broadcast News - Modern Times
5623,"Game, The - Fugitive, The - Gattaca"
5624,"Last of the Mohicans, The - Deer Hunter, The - Doctor Zhivago"
5625,"Big Chill, The - Tom Jones - Romancing the Stone"
5626,"Farewell to Arms, A - Hell in the Pacific - Crimson Tide"
5627,Herbie Goes to Monte Carlo - Outrageous Fortune - Heartburn
5628,Terminator 2: Judgment Day - Alien
5629,Jules and Jim (Jules et Jim) - Cool Hand Luke - Doctor Zhivago
5630,"Harold and Maude - Princess Bride, The - Star Wars: Episode V - The Empire Strikes Back"
5631,"War of the Worlds, The - Mad Max 2 (a.k.a. The Road Warrior) - Solaris (Solyaris)"
5632,"Silence of the Lambs, The - Citizen Kane - Dangerous Liaisons"
5633,"Silence of the Lambs, The - GoodFellas - Pulp Fiction"
5634,When Harry Met Sally... - Moonstruck - Risky Business
5635,"Woman in the Dunes (Suna no onna) - Indian in the Cupboard, The"
5636,"Breaker Morant - Midnight Cowboy - Man for All Seasons, A"
5637,"Thomas Crown Affair, The - Talented Mr. Ripley, The - Three Kings"
5638,One Fine Day - Practical Magic - Patch Adams
5639,"Iron Giant, The - Vertigo - Third Man, The"
5640,"Stuart Little - Superstar - Astronaut's Wife, The"
5641,Muppets From Space - Home Alone - Nine Months
5642,"NeverEnding Story, The - Aristocats, The - Jungle Book, The"
5643,"Breaking Away - Serpico - Way We Were, The"
5644,Shakespeare in Love - Mission: Impossible 2 - Gone in 60 Seconds
5645,Misery - Flatliners - Phenomenon
5646,Spartacus - Dr. Strangelove or: How I Learned to Stop Worrying and Love the Bomb - 2001: A Space Odyssey
5647,"Jackie Brown - Reservoir Dogs - Few Good Men, A"
5648,"Mystery Men - Robocop 2 - Rocky Horror Picture Show, The"
5649,"First Wives Club, The - Ace Ventura: Pet Detective - Scream 2"
5650,Scream 3 - I Know What You Did Last Summer - Alien: Resurrection
5651,True Romance - Lethal Weapon 4 - Sister Act
5652,"Myth of Fingerprints, The - Stepmom - Cruel Intentions"
5653,"Steel Magnolias - Pawnbroker, The - Footloose"
5654,Top Gun - Wag the Dog - Predator
5655,"Lethal Weapon 3 - Wood, The - Eraser"
5656,Dances with Wolves - Hamlet - Indochine
5657,"While You Were Sleeping - Brothers McMullen, The - Horse Whisperer, The"
5658,Robocop - Sneakers - Wild Things
5659,"Relic, The - Frighteners, The - Return to Paradise"
5660,Predator - Heavy Metal - Robocop
5661,"Close Shave, A - Wrong Trousers, The - Fantasia"
5662,"Bug's Life, A - Hercules - As Good As It Gets"
5663,"Untouchables, The - Star Trek: The Wrath of Khan - Stand by Me"
5664,Scrooged - Lethal Weapon 2 - History of the World: Part I
5665,"Dogma - Sixth Sense, The - Twelve Monkeys"
5666,GoodFellas - Sling Blade - Babe
5667,Seven (Se7en) - Austin Powers: International Man of Mystery - Howards End
5668,"South Pacific - Rocky Horror Picture Show, The - Little Shop of Horrors"
5669,Cocoon - Flirting With Disaster - Benny & Joon
5670,"Good Will Hunting - Godfather, The - Raiders of the Lost Ark"
5671,"On Golden Pond - Raising Arizona - Right Stuff, The"
5672,"Dogma - Best Man, The - Muse, The"
5673,"Honeymoon in Vegas - Moonstruck - Grand Illusion (Grande illusion, La)"
5674,Fargo - Dead Man Walking - Secrets & Lies
5675,Fast Times at Ridgemont High - Ferris Bueller's Day Off - Angel Heart
5676,Mars Attacks! - Threesome - Airheads
5677,"Cider House Rules, The - Big Lebowski, The - Sting, The"
5678,Cape Fear - Wallace & Gromit: The Best of Aardman Animation - Toy Story
5679,"Rising Sun - Tomorrow Never Dies - Program, The"
5680,"Agnes of God - Manhattan Murder Mystery - Perfect Murder, A"
5681,"Limey, The - Stuart Little - Bone Collector, The"
5682,"Bad Lieutenant - Batman Forever - Beach, The"
5683,"Ghost and the Darkness, The - Jurassic Park - I Love Trouble"
5684,"Great Muppet Caper, The - Caddyshack - Risky Business"
5685,"Stuart Little - Sixth Sense, The - Stir of Echoes"
5686,"Outlaw Josey Wales, The - Fistful of Dollars, A - Davy Crockett, King of the Wild Frontier"
5687,Mortal Kombat - Judge Dredd - Spawn
5688,"Office Space - Talented Mr. Ripley, The - Dumbo"
5689,"My Dog Skip - Space Cowboys - Big Kahuna, The"
5690,Fight Club - Twelve Monkeys
5691,"Pretty Woman - Full Monty, The - Wedding Singer, The"
5692,Dazed and Confused - Welcome to the Dollhouse - Heart and Souls
5693,Central Station (Central do Brasil) - Apocalypse Now - Short Cuts
5694,Little Voice - Office Space
5695,Star Trek III: The Search for Spock - Back to the Future Part II - Logan's Run
5696,Planet of the Apes - Alien
5697,Victor/Victoria - Star Trek III: The Search for Spock - Addams Family Values
5698,"Wolf Man, The - Mummy, The - House on Haunted Hill"
5699,"Die Hard - Body Heat - Hunt for Red October, The"
5700,You've Got Mail - Wayne's World - Clueless
5701,"Devil's Advocate, The - Rocky Horror Picture Show, The - American Beauty"
5702,"City of Lost Children, The - Dark City - eXistenZ"
5703,Misery - Rosemary's Baby - Halloween
5704,Ninotchka - Bringing Up Baby - Harvey
5705,Oliver & Company - Charlotte's Web - All Dogs Go to Heaven
5706,Aladdin - Ed Wood - As Good As It Gets
5707,"Commitments, The - Total Recall - Quiz Show"
5708,Judge Dredd - Johnny Mnemonic - Star Trek V: The Final Frontier
5709,Solaris (Solyaris) - Star Wars: Episode V - The Empire Strikes Back - Blade Runner
5710,"Face/Off - Star Wars: Episode I - The Phantom Menace - Usual Suspects, The"
5711,"Lake Placid - General's Daughter, The - Urban Legend"
5712,"Last of the Mohicans, The - Long Kiss Goodnight, The - Logan's Run"
5713,L.A. Story - Honeymoon in Vegas - Waking Ned Devine
5714,End of Days - Father of the Bride Part II - Hook
5715,Hoodlum - Ladyhawke - Dune
5716,"Robert A. Heinlein's The Puppet Masters - Alien³ - Professional, The (a.k.a. Leon: The Professional)"
5717,Dazed and Confused - Shall We Dance? (Shall We Dansu?) - Better Off Dead...
5718,"Babe: Pig in the City - To Die For - Lion King, The"
5719,Moonraker - Possession - Seven Days in May
5720,"Mrs. Doubtfire - Object of My Affection, The - Birdcage, The"
5721,"Saving Private Ryan - Frankenstein - Producers, The"
5722,"Graduate, The - Midnight Cowboy - Trekkies"
5723,"Galaxy Quest - Labyrinth - Perfect Storm, The"
5724,"Sleeper - Professional, The (a.k.a. Leon: The Professional) - When Harry Met Sally..."
5725,Dogma - For Love of the Game
5726,"Fargo - L.A. Confidential - Silence of the Lambs, The"
5727,"Red Violin, The (Le Violon rouge) - Scream 3 - Stigmata"
5728,"Waterboy, The - Flubber - Beverly Hills Cop III"
5729,"Nightmare on Elm Street Part 2: Freddy's Revenge, A - Tales from the Hood - Friday the 13th Part V: A New Beginning"
5730,"Die Hard - Star Wars: Episode V - The Empire Strikes Back - Terminator, The"
5731,"Moonraker - Outbreak - Mask of Zorro, The"
5732,Shakespeare in Love - Singin' in the Rain - Year of Living Dangerously
5733,"American Beauty - Babysitter, The - Coma"
5734,"Dead Man Walking - Naked Gun: From the Files of Police Squad!, The - Some Like It Hot"
5735,"Braveheart - Killing Fields, The"
5736,"Natural, The - When We Were Kings - American President, The"
5737,Annie Hall - Harold and Maude - Ferris Bueller's Day Off
5738,"Faculty, The - Star Wars: Episode I - The Phantom Menace - Blob, The"
5739,Desperately Seeking Susan - Top Gun - Jacob's Ladder
5740,Escape from New York - Star Trek III: The Search for Spock - Crocodile Dundee
5741,"Superman - Star Trek: The Motion Picture - Black Hole, The"
5742,Gigi - West Side Story - Lady and the Tramp
5743,When Harry Met Sally... - Sophie's Choice - Babe
5744,"Wings - Lodger, The - Wizard of Oz, The"
5745,Pulp Fiction - Dead Man Walking - Peter Pan
5746,This Is Spinal Tap - 2001: A Space Odyssey - October Sky
5747,"Carnosaur 3: Primal Species - Crow: Salvation, The - Carnosaur 2"
5748,"13th Warrior, The - Mission: Impossible 2 - World Is Not Enough, The"
5749,Jagged Edge - Angel Heart - Fatal Attraction
5750,Gremlins 2: The New Batch - Beetlejuice - Sabrina
5751,"Honey, I Blew Up the Kid - Dunston Checks In - Mulan"
5752,Sleepless in Seattle - Mrs. Doubtfire - Dancing at Lughnasa
5753,"Nightmare on Elm Street, A - Gremlins - American Psycho"
5754,Lucas - Get Real - Scent of a Woman
5755,"Liar Liar - Good Mother, The - Wes Craven's New Nightmare"
5756,Amadeus - Where the Heart Is - Snow Day
5757,From Here to Eternity - Eyes Wide Shut - Ben-Hur
5758,"Nutty Professor, The - Rear Window - Vertigo"
5759,Scent of a Woman - Grand Canyon - Lolita
5760,SubUrbia - Austin Powers: International Man of Mystery - Wayne's World
5761,"Carpool - Gone Fishin' - Kid in King Arthur's Court, A"
5762,"Pagemaster, The - D2: The Mighty Ducks - Flintstones, The"
5763,"Half Baked - Analyze This - Man with Two Brains, The"
5764,Emma - Four Weddings and a Funeral - Sabrina
5765,Perfect Blue - Airplane! - Being There
5766,"Full Monty, The - Cool Runnings - Sister Act"
5767,"Judgment Night - Peacemaker, The - Cliffhanger"
5768,"Governess, The - Piano, The - Year of Living Dangerously"
5769,"Three Caballeros, The - Small Time Crooks - Frequency"
5770,"River Runs Through It, A - Field of Dreams - Sneakers"
5771,"Fly, The - Plan 9 from Outer Space - Peter Pan"
5772,"Skulls, The - American Psycho"
5773,Stigmata - Jakob the Liar - End of Days
5774,Star Wars: Episode I - The Phantom Menace - Willy Wonka and the Chocolate Factory - Tron
5775,"American Pie - Forget Paris - Crossing Guard, The"
5776,"Galaxy Quest - Fight Club - Dancer, Texas Pop. 81"
5777,"Rob Roy - Star Wars: Episode VI - Return of the Jedi - Thin Red Line, The"
5778,"Lord of the Rings, The - Phantasm - Star Trek: First Contact"
5779,"Doors, The - Midnight in the Garden of Good and Evil - Reality Bites"
5780,Rush Hour - Desperado - Kiss the Girls
5781,Jennifer 8 - Pee-wee's Big Adventure - Parenthood
5782,Grumpy Old Men - Sister Act 2: Back in the Habit - George of the Jungle
5783,"Bodyguard, The - Clueless - Crow, The"
5784,"Mickey Blue Eyes - Mosquito Coast, The - Office Space"
5785,Star Wars: Episode IV - A New Hope - Indiana Jones and the Last Crusade - Citizen Kane
5786,"Gods Must Be Crazy II, The - Herbie Goes Bananas - Herbie Goes to Monte Carlo"
5787,Welcome to the Dollhouse - Bottle Rocket - Eat Drink Man Woman
5788,"Amityville Curse, The - Amityville: A New Generation - Pet Sematary II"
5789,"Dogma - Star Trek III: The Search for Spock - Aristocats, The"
5790,"Willy Wonka and the Chocolate Factory - Contact - Spanish Prisoner, The"
5791,"Everyone Says I Love You - Philadelphia Story, The - Breakfast at Tiffany's"
5792,Crocodile Dundee - Basic Instinct - Wayne's World 2
5793,"Sunset Blvd. (a.k.a. Sunset Boulevard) - Cape Fear - Manchurian Candidate, The"
5794,"To Wong Foo, Thanks for Everything! Julie Newmar - Kiss Me, Guido - Volunteers"
5795,"I Know What You Did Last Summer - Freddy's Dead: The Final Nightmare - Gate, The"
5796,Outside Providence - Honeymoon in Vegas
5797,"Midsummer Night's Dream, A - Night of the Living Dead - Office Space"
5798,"Goodbye Girl, The - Sixteen Candles - Dog Day Afternoon"
5799,"Terminator 2: Judgment Day - Silence of the Lambs, The - Rosemary's Baby"
5800,"Stuart Little - Sixth Sense, The"
5801,"Spaceballs - Dune - Nutty Professor, The"
5802,"African Queen, The - Fargo - All About Eve"
5803,"Ace Ventura: Pet Detective - Mallrats - Godfather: Part II, The"
5804,Forrest Gump - Titanic
5805,"Lion King, The - Gypsy - Frankenstein"
5806,"Picnic - Looking for Richard - English Patient, The"
5807,Rob Roy - Braveheart - Crumb
5808,Bringing Up Baby - Back to the Future - Ferris Bueller's Day Off
5809,Coneheads - Bicentennial Man - Wild Wild West
5810,Fargo - Being John Malkovich
5811,"Billy's Hollywood Screen Kiss - Shine - Wedding Singer, The"
5812,Jeffrey - Agnes of God - Vacation
5813,"Rock, The - Under Siege - Clear and Present Danger"
5814,"Grand Day Out, A - Being John Malkovich - Wizard of Oz, The"
5815,Poison - This Is Spinal Tap - Sliver
5816,"Dial M for Murder - Perfect Murder, A - JFK"
5817,"Deep Blue Sea - Cruel Intentions - Deep End of the Ocean, The"
5818,"Sixth Sense, The - Toy Story 2 - White Squall"
5819,"Last of the Mohicans, The - True Lies - Patriot Games"
5820,Contact - It's a Wonderful Life - Back to the Future
5821,"Full Monty, The - Barb Wire - Outlaw Josey Wales, The"
5822,All About Eve - Cat on a Hot Tin Roof - 12 Angry Men
5823,"Deep Blue Sea - Mission to Mars - Net, The"
5824,Honeymoon in Vegas - Serial Mom - Buffy the Vampire Slayer
5825,Breakfast at Tiffany's - Erin Brockovich - Cecil B. Demented
5826,"In the Line of Fire - Rainmaker, The - Mr. Jealousy"
5827,Inspector Gadget - Spawn - Barney's Great Adventure
5828,"Astronaut's Wife, The - Bringing Out the Dead"
5829,"Titanic - War of the Worlds, The - Princess Bride, The"
5830,Monty Python and the Holy Grail - Young Frankenstein - Shakespeare in Love
5831,"Bridge on the River Kwai, The - Candleshoe - Bulworth"
5832,"Ferris Bueller's Day Off - Star Wars: Episode V - The Empire Strikes Back - Terminator, The"
5833,Out of Africa - Random Hearts - Romy and Michele's High School Reunion
5834,"L.A. Confidential - Graduate, The - Casablanca"
5835,"This Is Spinal Tap - Winslow Boy, The - Sense and Sensibility"
5836,Dangerous Liaisons - When Harry Met Sally... - Galaxy Quest
5837,"One Tough Cop - Mortal Kombat - Flintstones, The"
5838,"Ghost - Penny Serenade - Affair to Remember, An"
5839,"Big Sleep, The - Cutting Edge, The - East of Eden"
5840,"Singin' in the Rain - Wizard of Oz, The - King and I, The"
5841,"Croupier - Affair of Love, An (Une Liaison Pornographique) - Saving Grace"
5842,Star Trek: The Wrath of Khan - From Russia with Love - Dr. No
5843,Batman - Die Hard - GoodFellas
5844,"Road to El Dorado, The - Mission to Mars - Whole Nine Yards, The"
5845,Duck Soup - Some Like It Hot - Raise the Red Lantern
5846,"Midnight Cowboy - Bonnie and Clyde - French Connection, The"
5847,Clue - Casablanca - Breakfast at Tiffany's
5848,Scent of a Woman - Blue Sky - In Love and War
5849,"Willy Wonka and the Chocolate Factory - Babe: Pig in the City - Goofy Movie, A"
5850,Bride of the Monster - Jaws - Psycho
5851,"Jingle All the Way - Mighty Ducks, The - Anastasia"
5852,"Little Women - ...And Justice for All - Outsiders, The"
5853,Soylent Green - Godzilla (Gojira) - Stargate
5854,"Rosemary's Baby - Dead Zone, The - Mummy, The"
5855,"Pork Chop Hill - Poseidon Adventure, The - Red Violin, The (Le Violon rouge)"
5856,"Indiana Jones and the Temple of Doom - Glory - Abyss, The"
5857,GoldenEye - Cape Fear - Dead Again
5858,"Adventures of Priscilla, Queen of the Desert, The - Magnolia - What's Love Got to Do with It?"
5859,Papillon - Searching for Bobby Fischer - Sling Blade
5860,"My Best Friend's Wedding - To Wong Foo, Thanks for Everything! Julie Newmar - Caddyshack"
5861,To Be or Not to Be - Harold and Maude - Back to the Future
5862,Toy Story - Bull Durham - Monty Python and the Holy Grail
5863,"Muse, The - Story of Us, The"
5864,"Young Frankenstein - Thousand Acres, A - Room with a View, A"
5865,Schindler's List - Pulp Fiction - One Flew Over the Cuckoo's Nest
5866,"Close Encounters of the Third Kind - Insider, The - Alien"
5867,"Entrapment - General's Daughter, The - Eye of the Beholder"
5868,Harold and Maude - Butch Cassidy and the Sundance Kid - Creature Comforts
5869,"Under Siege - Lock, Stock & Two Smoking Barrels - 2001: A Space Odyssey"
5870,Star Wars: Episode I - The Phantom Menace - Indiana Jones and the Last Crusade - Indiana Jones and the Temple of Doom
5871,"King Kong - Terminator, The - Father of the Bride"
5872,Courage Under Fire - Dogma - Notting Hill
5873,Alien - Terminator 2: Judgment Day - Predator
5874,Police Academy 6: City Under Siege - Striking Distance - Twelve Monkeys
5875,Toy Story - Snow Falling on Cedars - Saving Private Ryan
5876,"Fugitive, The - Indiana Jones and the Last Crusade"
5877,"Runaway Bride - Talented Mr. Ripley, The"
5878,Young Guns II - Mary Reilly - Moonlight and Valentino
5879,"Lethal Weapon 2 - Fifth Element, The - Desperado"
5880,Erin Brockovich - Almost Famous - Highlander: Endgame
5881,Johnny Mnemonic - Judge Dredd - Hook
5882,Men in Black - Planet of the Apes - Star Trek: First Contact
5883,"Mystery Men - Sixth Sense, The - South Park: Bigger, Longer and Uncut"
5884,Pi - Repo Man - Terminator 2: Judgment Day
5885,"Beach, The - Whole Nine Yards, The - Mission to Mars"
5886,"Teenage Mutant Ninja Turtles III - Nutty Professor, The - Kid in King Arthur's Court, A"
5887,Fantasia - E.T. the Extra-Terrestrial - Fly Away Home
5888,"Wayne's World 2 - Cable Guy, The - Spaceballs"
5889,Annie Hall - M*A*S*H - Animal House
5890,"Heaven Can Wait - Jerk, The - Mystery Train"
5891,Frequency - Gone in 60 Seconds - Hollow Man
5892,"Bring It On - Astronaut's Wife, The - Visitors, The (Les Visiteurs)"
5893,"Midsummer Night's Dream, A - Working Girl - When the Cats Away (Chacun cherche son chat)"
5894,"Godfather, The - Fargo - Sting, The"
5895,"Sleepers - Wild Things - Newton Boys, The"
5896,"Crazy in Alabama - Sixth Man, The - Robin Hood: Men in Tights"
5897,"Addams Family, The - Back to School - That's Life!"
5898,"Ghostbusters - Prince of Egypt, The - Romy and Michele's High School Reunion"
5899,"Mighty Ducks, The - Cross of Iron"
5900,"Breakfast Club, The - Free Willy - And the Band Played On"
5901,"Fugitive, The - Scream - GoldenEye"
5902,Grease - Chinatown - L.A. Confidential
5903,Clerks - Aladdin - Wag the Dog
5904,"Eyes Wide Shut - Color of Money, The"
5905,"Adventures of Buckaroo Bonzai Across the 8th Dimension, The - Star Trek: The Wrath of Khan - Star Trek: Insurrection"
5906,"JFK - Conspiracy Theory - Talented Mr. Ripley, The"
5907,"Sixth Sense, The - Foreign Correspondent - Election"
5908,"Executive Decision - Thomas Crown Affair, The - Blazing Saddles"
5909,"Scream - Evil Dead II (Dead By Dawn) - Birds, The"
5910,Get Shorty - Washington Square - Enchanted April
5911,"Mummy, The - GoldenEye - Pelican Brief, The"
5912,L.A. Story - Better Off Dead... - Amistad
5913,"Selena - Bridges of Madison County, The - Wag the Dog"
5914,"Lethal Weapon - Bound - Untouchables, The"
5915,Escape from L.A. - Judge Dredd - Young Guns II
5916,City Slickers II: The Legend of Curly's Gold - Crossfire - Devil in a Blue Dress
5917,Back to the Future - Cinema Paradiso - Groundhog Day
5918,Seven (Se7en) - Gladiator
5919,Office Space - Powder - Sleepy Hollow
5920,"Perfect Storm, The - Remember the Titans - Usual Suspects, The"
5921,"Terminator, The - Die Hard - Terminator 2: Judgment Day"
5922,...And Justice for All - Klute - Apocalypse Now
5923,"Magnolia - Perfect Storm, The - Snow Day"
5924,Death Wish - Universal Soldier - Batman Forever
5925,"Bambi - Harriet the Spy - Rescuers, The"
5926,"Bodyguard, The - Live and Let Die - Executive Decision"
5927,"Sixth Sense, The - End of the Affair, The - Insider, The"
5928,Never Cry Wolf - In the Realm of the Senses (Ai no corrida) - Terminator 2: Judgment Day
5929,Psycho II - Halloween: H20 - Fright Night Part II
5930,Die Hard - No Way Out - Smilla's Sense of Snow
5931,Lethal Weapon - Backdraft - Ronin
5932,"Total Recall - Perfect World, A"
5933,"Rushmore - Sixth Sense, The - South Park: Bigger, Longer and Uncut"
5934,Leaving Las Vegas - Amadeus - Reservoir Dogs
5935,Wayne's World - Dumb & Dumber - White Men Can't Jump
5936,Young Frankenstein - Babe - Fight Club
5937,Waking Ned Devine - Rain Man - Willy Wonka and the Chocolate Factory
5938,"Starship Troopers - Escape to Witch Mountain - Golden Child, The"
5939,"Godfather: Part II, The - Ghost - Way We Were, The"
5940,"Thomas Crown Affair, The - eXistenZ - Arlington Road"
5941,Shadow of a Doubt - Spellbound - Vertigo
5942,Lone Star - JFK - Mission: Impossible
5943,Atlantic City - Stand by Me - Raising Arizona
5944,"Sabrina - Postino, Il (The Postman) - American in Paris, An"
5945,"Network - French Connection, The - American Graffiti"
5946,"Four Weddings and a Funeral - Life Is Beautiful (La Vita è bella) - Full Monty, The"
5947,"American Werewolf in London, An - Little Shop of Horrors - Mummy, The"
5948,"Guns of Navarone, The - Drugstore Cowboy - Bridge on the River Kwai, The"
5949,Cape Fear - Aladdin - Fried Green Tomatoes
5950,"Crying Game, The - There's Something About Mary - Crow, The"
5951,Clerks - Star Wars: Episode VI - Return of the Jedi - Who Framed Roger Rabbit?
5952,Maverick - Wild Wild West - Three Amigos!
5953,Brazil - Star Wars: Episode V - The Empire Strikes Back - Heavy Metal
5954,"Halloween II - Maximum Overdrive - Nightmare on Elm Street Part 2: Freddy's Revenge, A"
5955,"Butcher's Wife, The - Kama Sutra: A Tale of Love - Jungle Book, The"
5956,"Walk in the Clouds, A - Twister - Steel Magnolias"
5957,"While You Were Sleeping - Ghost - Addams Family, The"
5958,"Batman - Messenger: The Story of Joan of Arc, The - Shawshank Redemption, The"
5959,While You Were Sleeping - So I Married an Axe Murderer - Gremlins 2: The New Batch
5960,"Haunting, The - Instinct - Inspector Gadget"
5961,Mimic - Incognito - Arlington Road
5962,"Star Wars: Episode V - The Empire Strikes Back - Insider, The"
5963,"Star Wars: Episode V - The Empire Strikes Back - Fugitive, The - Demolition Man"
5964,"Game, The - My Cousin Vinny - Backbeat"
5965,Dick - Dead Calm - Deep Blue Sea
5966,Lone Star - Shakespeare in Love - Good Will Hunting
5967,Star Wars: Episode I - The Phantom Menace - Double Jeopardy
5968,"Dr. No - Princess Bride, The - Indiana Jones and the Last Crusade"
5969,"Blues Brothers, The - Big Chill, The - Tom Jones"
5970,Star Trek: Insurrection - Them! - Earth Vs. the Flying Saucers
5971,"Clear and Present Danger - Rock, The - Lethal Weapon"
5972,"Runaway Bride - Thomas Crown Affair, The - Trekkies"
5973,Godzilla (Gojira) - Starship Troopers - Planet of the Apes
5974,"Ransom - Dangerous Minds - Bridges of Madison County, The"
5975,"Little Mermaid, The - Raiders of the Lost Ark - Star Wars: Episode IV - A New Hope"
5976,"Airplane! - Blues Brothers, The - Indiana Jones and the Last Crusade"
5977,"Candidate, The - Bananas - Carrie"
5978,Twister - King Kong - First Blood
5979,Out of Africa - Glen or Glenda - Shallow Grave
5980,"Day the Earth Stood Still, The - Rock, The - L.A. Story"
5981,"Caddyshack - Odessa File, The - Rock, The"
5982,"Lawrence of Arabia - Stand by Me - Lion King, The"
5983,Superman - Star Wars: Episode I - The Phantom Menace - Twelve Monkeys
5984,Total Recall - Ghost in the Shell (Kokaku kidotai) - Jurassic Park
5985,"Lolita - One True Thing - Princess Bride, The"
5986,"Room with a View, A - My Fair Lady - West Side Story"
5987,Pulp Fiction - Schindler's List - GoodFellas
5988,"Distinguished Gentleman, The - Ace Ventura: Pet Detective - Man Who Knew Too Little, The"
5989,"Double Jeopardy - Story of Us, The - Music of the Heart"
5990,"King Kong - Texas Chainsaw Massacre, The - Amityville Horror, The"
5991,Teenage Mutant Ninja Turtles - Flubber - Lawrence of Arabia
5992,Mr. Mom - Predator - Parenthood
5993,West Side Story - My Fair Lady - Snow White and the Seven Dwarfs
5994,Superman - Mission: Impossible - Independence Day (ID4)
5995,"Anna and the King - Big Daddy - Beach, The"
5996,"March of the Wooden Soldiers (a.k.a. Laurel & Hardy in Toyland) - Parenthood - Shining, The"
5997,Back to the Future Part II - Starship Troopers - Heavy Metal
5998,Get Shorty - Tumbleweeds - Philadelphia
5999,Key Largo - Force of Evil - Gilda
6000,Hocus Pocus - Wild Wild West - Leave It to Beaver
6001,Sommersby - Nikita (La Femme Nikita) - Sling Blade
6002,"Breakfast at Tiffany's - Thunderball - Thomas Crown Affair, The"
6003,"Gods Must Be Crazy, The - Mister Roberts - Hudsucker Proxy, The"
6004,"Lord of the Rings, The - Watership Down - Rescuers, The"
6005,Damien: Omen II - Mary Shelley's Frankenstein - Howling II: Your Sister Is a Werewolf
6006,"Angels in the Outfield - Hercules - Parent Trap, The"
6007,G.I. Jane - Executive Decision - Star Trek: Insurrection
6008,"Speed - Negotiator, The - Tomorrow Never Dies"
6009,"Rock, The - Face/Off - Independence Day (ID4)"
6010,Jacob's Ladder - Pinocchio - Old Yeller
6011,"Peter Pan - Mr. Mom - Graduate, The"
6012,"Eyes Wide Shut - Minus Man, The"
6013,"American in Paris, An - Muppet Christmas Carol, The - Little Shop of Horrors"
6014,"Cinderella - Aladdin - Rocky Horror Picture Show, The"
6015,Strictly Ballroom - To Catch a Thief - Ferris Bueller's Day Off
6016,"Affair to Remember, An - After Life - Against All Odds"
6017,Star Wars: Episode I - The Phantom Menace - Tarzan - Runaway Bride
6018,Gattaca - Brazil - Soylent Green
6019,Escape from L.A. - Judge Dredd - Free Willy
6020,Star Trek: The Wrath of Khan - Men in Black - Terminator 2: Judgment Day
6021,"Fish Called Wanda, A - Breakfast Club, The - Beetlejuice"
6022,Vacation - Who Framed Roger Rabbit? - Indiana Jones and the Temple of Doom
6023,"Untouchables, The - Seven (Se7en) - Few Good Men, A"
6024,Robocop - Stargate - Lethal Weapon 3
6025,Matilda - Hercules - Get Shorty
6026,"Shawshank Redemption, The - Crumb - Silence of the Lambs, The"
6027,"Groundhog Day - Pleasantville - League of Their Own, A"
6028,"Top Gun - Heat - Thin Red Line, The"
6029,"Boys Don't Cry - Limey, The - Fight Club"
6030,Ladyhawke - Willow - Willy Wonka and the Chocolate Factory
6031,"Seven (Se7en) - Tombstone - House of Yes, The"
6032,Carrie - Halloween - Village of the Damned
6033,"Enemy of the State - Clear and Present Danger - Presidio, The"
6034,Strangers on a Train - Key Largo
6035,"8 Heads in a Duffel Bag - Waterboy, The - Very Brady Sequel, A"
6036,Bride of the Monster - Aliens - Back to the Future
6037,"Blade Runner - Dr. Strangelove or: How I Learned to Stop Worrying and Love the Bomb - Day the Earth Stood Still, The"
6038,Breaking the Waves - Walkabout
6039,"Lady Vanishes, The - Gaslight - Laura"
6040,"Tampopo - Children of Heaven, The (Bacheha-Ye Aseman) - Strictly Ballroom"
